1740038397.639000,46.506091,12.932092,1788.098358,349.3,0.152876,2.1,3.8
1740038398.645000,46.506090,12.932094,1788.116024,357.1,0.114843,2.1,3.8
1740038496.647000,46.506077,12.932230,1762.500000,88.8,2.884657,8.8,3.8
1740038499.647000,46.506026,12.932377,1762.500000,131.0,4.127661,8.7,3.8
1740038504.644000,46.505961,12.932484,1759.928128,131.9,0.975399,8.5,3.8
1740038509.645000,46.505924,12.932643,1758.790366,114.0,3.354243,8.6,3.8
1740038512.644000,46.505868,12.932782,1757.877238,117.9,3.807869,8.7,4.3
1740038514.645000,46.505828,12.932907,1756.843149,116.7,5.335372,8.7,4.8
1740038517.641000,46.505742,12.933012,1755.403198,151.6,3.505506,8.7,4.6
1740038520.647000,46.505635,12.933028,1753.118938,190.8,4.196712,8.8,3.8
1740038523.648000,46.505550,12.932913,1751.282640,213.1,4.094267,9.9,3.8
1740038526.648000,46.505441,12.932854,1748.920103,204.3,3.706480,9.1,3.8
1740038530.643000,46.505417,12.933037,1746.198634,100.7,3.034806,8.9,3.9
1740038531.645000,46.505449,12.933162,1745.043168,80.0,4.641514,9.2,4.0
1740038533.641000,46.505499,12.933365,1741.045886,68.2,7.666809,9.0,4.0
1740038535.644000,46.505554,12.933532,1738.020518,66.2,6.399758,8.9,3.8
1740038537.648000,46.505610,12.933700,1735.444635,62.5,5.912289,8.7,4.0
1740038539.645000,46.505663,12.933808,1733.460363,62.6,5.498726,10.4,4.3
1740038543.638000,46.505753,12.933848,1728.996673,41.0,3.361415,8.5,5.1
1740038545.643000,46.505856,12.933902,1726.672920,26.6,5.071935,9.0,5.6
1740038547.645000,46.505953,12.933906,1723.698453,4.4,5.000172,9.3,6.5
1740038549.649000,46.506046,12.933983,1721.396225,37.0,5.123948,9.1,6.9
1740038551.645000,46.506117,12.934120,1718.209541,42.6,5.847266,8.3,6.9
1740038553.648000,46.506158,12.934272,1715.703588,85.9,5.330479,8.6,6.2
1740038557.644000,46.506088,12.934355,1713.540884,128.2,1.735366,8.1,4.4
1740038577.641000,46.506101,12.934354,1711.581932,24.5,0.000000,8.8,3.8
1740038577.641000,46.506101,12.934354,1711.581932,24.5,0.000000,8.8,3.8
1740038588.646000,46.505993,12.934453,1711.269595,146.8,4.384918,9.5,3.8
1740038590.648000,46.505908,12.934511,1710.454938,152.3,5.109112,8.4,4.0
1740038592.648000,46.505823,12.934562,1707.996552,155.8,4.709549,9.9,4.3
1740038595.649000,46.505716,12.934593,1705.369307,188.0,4.017991,6.8,4.5
1740038598.646000,46.505587,12.934566,1703.211706,194.4,5.234822,8.4,4.3
1740038601.647000,46.505465,12.934548,1699.898003,192.4,5.017478,9.9,4.2
1740038603.652000,46.505370,12.934469,1696.815507,212.3,6.297120,8.3,4.1
1740038605.650000,46.505257,12.934394,1694.111105,207.4,6.777522,11.7,4.0
1740038607.649000,46.505143,12.934316,1691.905535,206.5,6.584190,7.3,4.0
1740038609.655000,46.505017,12.934223,1690.139193,206.4,8.516257,7.0,4.0
1740038611.649000,46.504870,12.934118,1687.396857,208.5,9.601011,9.9,3.9
1740038613.649000,46.504706,12.933998,1682.979931,205.8,10.104362,9.5,3.8
1740038614.646000,46.504621,12.933943,1681.400418,202.5,10.086066,7.9,3.9
1740038616.644000,46.504462,12.933887,1678.145424,195.6,8.922344,8.3,4.1
1740038618.648000,46.504324,12.933955,1676.198890,169.7,8.173331,11.7,4.4
1740038620.652000,46.504196,12.933966,1674.046097,175.9,7.230329,8.1,4.5
1740038622.653000,46.504072,12.934037,1671.724657,158.7,7.789172,7.4,4.3
1740038624.646000,46.503941,12.934129,1670.420746,151.0,8.107762,9.5,4.2
1740038626.652000,46.503800,12.934217,1668.697506,151.8,8.365623,9.4,4.1
1740038628.648000,46.503672,12.934326,1665.332555,153.9,9.139483,9.4,4.0
1740038630.653000,46.503533,12.934439,1662.107940,149.8,8.696661,8.2,3.9
1740038632.649000,46.503384,12.934527,1658.382603,161.9,8.614782,8.2,3.8
1740038634.650000,46.503257,12.934580,1656.520928,160.1,7.566968,7.9,3.9
1740038636.651000,46.503131,12.934583,1653.813586,179.9,7.191461,9.5,4.0
1740038638.653000,46.503005,12.934632,1650.803798,146.1,7.519664,8.5,4.2
1740038640.647000,46.502876,12.934761,1645.653102,151.0,8.603437,9.1,4.4
1740038642.655000,46.502750,12.934937,1640.807180,137.1,9.342741,8.8,4.6
1740038643.640000,46.502693,12.935049,1636.386134,134.3,9.586384,9.3,4.7
1740038644.639000,46.502634,12.935206,1633.440239,124.2,13.093452,8.4,5.0
1740038645.639000,46.502591,12.935384,1631.222937,115.3,12.349392,8.4,5.3
1740038646.654000,46.502568,12.935585,1629.637369,103.3,12.727633,8.4,5.8
1740038647.642000,46.502543,12.935761,1626.810540,105.0,12.322561,8.5,5.8
1740038648.654000,46.502515,12.935929,1626.166543,106.0,13.115256,8.4,6.3
1740038649.645000,46.502495,12.936095,1624.970798,100.1,12.570105,7.9,6.6
1740038650.647000,46.502470,12.936240,1623.929190,102.0,12.201509,10.7,6.6
1740038652.645000,46.502403,12.936430,1621.636192,99.1,10.333598,10.7,6.5
1740038653.647000,46.502404,12.936566,1620.700298,91.2,10.647614,10.8,6.4
1740038655.644000,46.502370,12.936756,1618.513910,104.0,7.723816,9.4,6.1
1740038657.647000,46.502388,12.936986,1617.067159,82.1,8.216799,9.4,5.8
1740038659.645000,46.502375,12.937237,1614.866255,93.0,10.107980,9.3,5.5
1740038661.638000,46.502323,12.937352,1610.480567,101.0,11.084845,8.8,4.9
1740038662.649000,46.502309,12.937498,1608.970113,94.1,11.073210,8.8,4.5
1740038663.644000,46.502300,12.937662,1605.218986,97.0,12.751410,8.8,4.4
1740038664.652000,46.502287,12.937843,1602.253446,94.1,13.381505,8.9,4.0
1740038665.639000,46.502280,12.937993,1599.620234,91.1,12.824819,6.8,4.0
1740038666.657000,46.502298,12.938131,1595.058809,82.1,13.268126,9.1,4.1
1740038667.646000,46.502295,12.938307,1592.392394,89.9,13.815986,9.2,4.1
1740038668.647000,46.502304,12.938475,1590.852313,83.1,12.857545,9.2,4.2
1740038669.648000,46.502323,12.938651,1589.655074,80.0,13.427052,8.9,4.2
1740038670.647000,46.502320,12.938808,1586.387635,87.9,12.410063,7.4,4.1
1740038671.646000,46.502296,12.938980,1585.673725,98.8,13.584615,8.6,4.1
1740038672.652000,46.502288,12.939152,1584.812784,90.2,12.198671,8.6,4.0
1740038674.651000,46.502286,12.939427,1582.114475,94.9,12.240911,9.0,3.9
1740038675.647000,46.502285,12.939572,1581.007259,88.1,11.092560,8.2,3.9
1740038676.647000,46.502286,12.939716,1579.947554,92.0,11.089727,8.4,3.9
1740038677.651000,46.502273,12.939862,1577.309288,96.9,11.422146,8.6,3.9
1740038678.641000,46.502246,12.940017,1575.692884,100.9,11.771084,7.7,4.0
1740038679.643000,46.502216,12.940167,1575.252100,100.4,11.606334,7.6,4.2
1740038681.644000,46.502101,12.940284,1570.675203,109.8,9.802573,8.6,4.7
1740038682.645000,46.502002,12.940343,1569.766409,112.7,9.649193,8.6,4.9
1740038683.646000,46.501931,12.940446,1567.814029,119.7,9.974161,5.3,5.3
1740038684.655000,46.501860,12.940546,1564.744167,125.1,10.177049,5.3,5.3
1740038685.656000,46.501797,12.940682,1562.816184,123.5,11.086067,8.8,5.3
1740038686.653000,46.501762,12.940834,1560.564688,114.1,10.334433,8.9,4.9
1740038687.649000,46.501758,12.940969,1557.233857,99.3,9.960052,6.8,4.7
1740038689.649000,46.501806,12.941179,1555.001312,73.6,9.516002,6.8,4.5
1740038691.648000,46.501904,12.941378,1551.478593,60.7,9.418972,8.7,4.2
1740038693.649000,46.501992,12.941609,1548.952434,61.9,10.266546,7.8,4.3
1740038695.654000,46.502049,12.941743,1544.907524,52.7,8.931334,8.9,4.2
1740038697.652000,46.502100,12.941928,1541.301544,67.0,8.756370,7.2,4.3
1740038699.645000,46.502168,12.942103,1539.313193,54.2,6.350506,8.2,4.3
1740038702.646000,46.502240,12.942197,1537.068398,42.8,1.363289,5.8,4.5
1740038712.643000,46.502338,12.942256,1534.957252,6.3,3.662518,8.0,5.0
1740038715.643000,46.502477,12.942209,1531.421241,356.5,5.158625,8.1,5.8
1740038716.645000,46.502568,12.942238,1529.957134,11.2,7.779917,8.1,6.1
1740038718.648000,46.502742,12.942224,1525.326943,3.6,8.914059,10.1,6.7
1740038720.653000,46.502918,12.942207,1522.673506,7.0,10.349429,8.8,5.9
1740038721.647000,46.503012,12.942198,1521.543406,1.1,10.432383,9.1,5.8
1740038723.650000,46.503172,12.942176,1518.233912,360.0,8.738161,6.5,5.4
1740038725.643000,46.503357,12.942191,1515.835771,2.0,10.530744,5.1,5.2
1740038727.645000,46.503519,12.942214,1511.593690,2.9,9.173701,5.1,5.3
1740038729.652000,46.503670,12.942199,1509.464552,358.1,9.279215,6.9,5.7
1740038731.644000,46.503839,12.942188,1506.871084,353.1,9.525849,8.3,6.1
1740038733.644000,46.504008,12.942214,1503.219947,1.9,9.773015,9.0,5.8
1740038734.647000,46.504098,12.942220,1502.713450,1.0,9.695820,9.4,5.8
1740038736.644000,46.504273,12.942192,1498.769792,356.9,8.231940,9.4,5.6
1740038738.647000,46.504408,12.942190,1497.806796,344.1,8.117399,10.4,6.0
1740038740.645000,46.504529,12.942115,1496.292772,329.7,5.689852,8.1,5.8
1740038743.644000,46.504587,12.942006,1494.953314,290.0,2.762634,8.9,4.9
1740038763.640000,46.504632,12.941924,1495.060501,-1.0,0.000000,9.4,4.1
1740038763.640000,46.504632,12.941924,1495.060501,-1.0,0.000000,9.4,4.1
1740038765.645000,46.504642,12.941901,1495.231136,288.5,0.851870,10.3,4.1
1740038856.648000,46.504638,12.941766,1494.539033,265.9,0.103621,5.6,3.0
1740038883.490000,46.504607,12.941642,1494.432622,232.5,0.108921,7.8,3.0
1740038892.236000,46.504557,12.941534,1494.008825,226.5,1.233869,6.3,3.7
1740038895.646000,46.504475,12.941415,1497.291692,224.5,2.893843,6.0,3.5
1740038898.647000,46.504394,12.941306,1500.126980,222.3,3.591722,6.0,4.5
1740038901.647000,46.504312,12.941198,1503.470076,221.9,3.677456,5.8,7.4
1740038904.645000,46.504314,12.940807,1506.750780,240.8,3.707721,6.4,10.4
1740038906.642000,46.504304,12.940645,1509.254705,244.4,3.748800,7.9,9.3
1740038908.794000,46.504271,12.940519,1512.072492,246.6,3.772827,5.6,4.7
1740038911.646000,46.504227,12.940379,1517.815696,245.4,3.513960,7.2,4.4
1740038914.639000,46.504179,12.940248,1525.349157,247.0,3.690186,7.7,3.8
1740038917.644000,46.504135,12.940110,1532.351744,249.5,3.427573,7.8,4.4
1740038920.650000,46.504086,12.939969,1539.775615,247.1,3.550214,6.7,4.5
1740038923.646000,46.504040,12.939823,1546.346977,249.0,3.916322,6.1,4.1
1740038926.648000,46.503996,12.939670,1553.890705,250.0,4.083662,6.1,3.9
1740038929.645000,46.503956,12.939521,1561.833501,250.0,3.891747,7.1,3.8
1740038932.646000,46.503916,12.939371,1569.019037,248.0,3.593292,6.2,3.8
1740038935.648000,46.503872,12.939250,1577.654800,243.0,3.420348,5.3,3.9
1740038938.649000,46.503825,12.939138,1586.104805,245.8,2.305776,5.6,3.9
1740038942.647000,46.503770,12.938974,1594.177583,244.0,3.642146,3.7,3.8
1740038945.648000,46.503717,12.938833,1597.176216,245.0,3.644346,4.0,3.8
1740038948.654000,46.503664,12.938688,1600.060661,246.0,4.271739,3.2,3.8
1740038951.647000,46.503619,12.938537,1603.639258,247.0,4.218961,5.8,3.8
1740038954.639000,46.503573,12.938385,1606.809781,243.0,4.041685,4.8,3.8
1740038957.643000,46.503527,12.938245,1610.517020,244.0,3.840168,3.6,3.8
1740038960.647000,46.503479,12.938095,1614.194852,245.0,4.312152,3.9,3.8
1740038963.646000,46.503434,12.937955,1614.786911,245.0,4.099235,3.5,3.8
1740038966.643000,46.503384,12.937806,1614.825981,244.0,4.340062,6.0,3.8
1740038969.646000,46.503333,12.937661,1615.857992,244.0,4.220117,4.9,3.8
1740038972.645000,46.503278,12.937509,1616.458402,244.0,4.271120,5.2,3.8
1740038975.646000,46.503232,12.937374,1617.266044,244.0,4.177611,4.8,3.8
1740038978.643000,46.503181,12.937236,1618.227000,244.0,3.980839,3.1,3.8
1740038981.643000,46.503135,12.937105,1619.901021,244.0,4.023899,3.1,3.8
1740038984.641000,46.503085,12.936959,1621.908663,242.0,4.024571,3.1,3.8
1740038987.646000,46.503034,12.936823,1624.035351,245.0,4.388409,4.0,3.8
1740038990.645000,46.502981,12.936675,1625.665174,245.0,4.101971,3.5,3.8
1740038993.647000,46.502934,12.936535,1628.105829,245.0,4.518699,3.0,3.8
1740038996.640000,46.502881,12.936376,1629.275410,244.0,3.770977,3.1,3.8
1740038999.640000,46.502831,12.936224,1631.500000,244.0,4.749027,2.9,3.8
1740039002.650000,46.502782,12.936071,1631.500000,245.0,4.059842,4.6,3.8
1740039005.648000,46.502732,12.935917,1632.400024,246.0,4.458915,3.2,3.8
1740039008.647000,46.502685,12.935770,1632.400024,243.0,4.406881,3.0,3.8
1740039011.648000,46.502638,12.935617,1632.400024,244.8,4.297704,3.1,3.8
1740039014.641000,46.502592,12.935464,1635.134255,245.3,4.273979,5.0,3.8
1740039017.645000,46.502545,12.935321,1637.622871,243.8,4.213262,3.9,3.8
1740039020.643000,46.502490,12.935176,1639.512034,242.9,4.098230,2.8,3.9
1740039023.651000,46.502439,12.935048,1641.597290,242.8,4.052809,2.7,4.5
1740039026.648000,46.502382,12.934899,1643.994112,242.4,4.115529,3.0,4.4
1740039029.640000,46.502321,12.934755,1646.298525,239.3,3.858194,3.1,3.9
1740039032.648000,46.502258,12.934609,1650.519559,238.4,3.798810,4.2,4.7
1740039035.648000,46.502212,12.934461,1656.529864,241.1,3.821106,2.7,4.4
1740039039.648000,46.502175,12.934314,1665.765483,241.7,3.798512,2.5,5.2
1740039042.647000,46.502127,12.934167,1672.368467,241.0,3.642268,2.4,4.9
1740039045.646000,46.502083,12.934024,1679.780817,243.8,3.712523,3.0,4.0
1740039048.650000,46.502038,12.933893,1686.518860,242.3,3.403471,3.6,3.8
1740039051.646000,46.501995,12.933770,1694.519597,242.4,3.918374,5.7,3.8
1740039054.647000,46.501961,12.933648,1701.965190,243.8,3.466367,4.0,4.3
1740039058.647000,46.501926,12.933495,1712.162843,243.5,3.524185,2.8,4.6
1740039062.651000,46.501876,12.933332,1722.579246,243.1,3.625185,3.2,4.1
1740039065.648000,46.501832,12.933200,1730.611191,243.4,3.772792,4.5,3.8
1740039068.643000,46.501783,12.933055,1737.084018,244.6,4.182169,2.6,4.0
1740039071.650000,46.501739,12.932908,1740.901762,244.0,3.913394,3.0,3.9
1740039074.648000,46.501689,12.932760,1744.493957,243.0,4.173495,2.5,3.8
1740039077.647000,46.501641,12.932611,1748.637761,245.0,3.970669,3.2,3.8
1740039080.647000,46.501598,12.932476,1752.476654,244.0,4.115816,2.9,3.8
1740039083.642000,46.501559,12.932349,1756.889749,244.0,3.951401,3.4,3.8
1740039086.645000,46.501518,12.932215,1762.000356,245.0,4.012041,2.5,3.8
1740039089.646000,46.501476,12.932078,1766.637299,243.4,4.246508,4.0,3.8
1740039092.650000,46.501422,12.931926,1766.729458,244.0,4.418928,4.1,3.8
1740039095.644000,46.501366,12.931777,1767.685824,244.0,4.140418,2.6,3.8
1740039098.642000,46.501310,12.931626,1768.276741,244.0,4.372648,4.0,3.8
1740039101.647000,46.501259,12.931478,1769.022389,244.0,4.141675,2.9,3.8
1740039104.648000,46.501210,12.931330,1770.084304,244.4,4.253583,2.5,3.8
1740039107.647000,46.501164,12.931191,1770.867352,244.0,3.909715,2.5,3.8
1740039110.644000,46.501114,12.931041,1772.769068,244.0,4.235084,3.0,3.8
1740039113.641000,46.501068,12.930897,1774.315129,244.0,4.147503,2.6,3.8
1740039116.642000,46.501020,12.930744,1775.912433,245.0,4.145609,4.0,3.8
1740039119.641000,46.500974,12.930598,1777.669937,245.4,4.119435,2.9,3.8
1740039122.650000,46.500924,12.930444,1779.741547,245.0,4.203917,3.5,3.8
1740039125.649000,46.500874,12.930299,1782.660766,244.1,4.026785,3.1,3.8
1740039128.640000,46.500826,12.930151,1784.794692,245.0,4.130382,3.0,3.8
1740039131.646000,46.500782,12.930014,1787.549847,244.0,4.226699,2.7,3.8
1740039134.643000,46.500738,12.929871,1790.142622,244.0,3.992975,2.5,3.8
1740039137.648000,46.500694,12.929727,1792.970470,244.0,4.412630,2.3,3.8
1740039140.648000,46.500647,12.929579,1795.455339,244.0,4.050014,2.6,3.8
1740039143.641000,46.500602,12.929432,1797.369506,244.2,3.868825,2.7,3.8
1740039146.643000,46.500558,12.929294,1799.533488,244.0,4.066687,2.8,3.8
1740039149.647000,46.500504,12.929144,1802.865102,243.0,4.271627,4.6,3.8
1740039152.645000,46.500455,12.929000,1806.010945,244.5,4.060425,3.0,3.8
1740039155.647000,46.500410,12.928851,1809.005065,244.0,4.296501,2.6,3.8
1740039159.649000,46.500377,12.928713,1813.290315,247.7,3.969108,2.4,3.9
1740039163.648000,46.500346,12.928559,1814.384529,254.4,2.746428,2.8,3.9
1740039175.647000,46.500320,12.928431,1814.199163,321.5,2.085504,2.7,3.9
1740039180.649000,46.500394,12.928354,1814.029057,327.3,2.297140,2.6,3.8
1740039184.644000,46.500471,12.928276,1813.220465,324.2,1.952981,2.3,3.8
1740039246.638000,46.500454,12.928144,1811.916472,284.2,0.793625,2.9,3.8
1740039252.648000,46.500514,12.928037,1812.085892,309.1,2.136484,3.0,3.8
1740039255.645000,46.500581,12.927949,1811.615703,315.1,4.758636,2.6,3.8
1740039257.649000,46.500659,12.927832,1810.931087,313.1,6.557321,2.6,3.8
1740039259.644000,46.500760,12.927707,1809.329211,323.0,7.340016,2.6,3.8
1740039261.650000,46.500878,12.927600,1807.631230,330.0,8.021523,2.5,3.8
1740039263.644000,46.501004,12.927521,1806.655217,334.9,7.303173,2.6,3.9
1740039265.646000,46.501140,12.927435,1804.997534,339.7,8.851163,2.4,4.0
1740039267.644000,46.501276,12.927366,1803.013204,337.2,7.371621,2.4,4.2
1740039269.655000,46.501424,12.927337,1800.472916,357.9,9.052114,2.3,4.3
1740039271.647000,46.501561,12.927402,1797.771142,10.0,7.439451,2.4,4.2
1740039273.645000,46.501714,12.927492,1794.398992,28.8,9.853605,3.3,4.0
1740039275.643000,46.501787,12.927713,1790.050212,63.6,10.713767,2.9,4.0
1740039276.644000,46.501786,12.927855,1788.305366,84.8,11.442740,2.8,4.0
1740039277.642000,46.501788,12.928004,1787.734587,87.9,11.347030,2.7,4.1
1740039278.642000,46.501802,12.928160,1786.980989,84.1,11.817633,2.7,4.1
1740039279.646000,46.501806,12.928336,1785.632776,89.8,13.310719,2.7,4.2
1740039280.648000,46.501810,12.928511,1783.294307,89.0,13.162363,2.8,4.2
1740039281.646000,46.501824,12.928687,1782.136378,86.1,13.342098,2.9,4.3
1740039282.648000,46.501838,12.928890,1780.236346,87.0,14.869407,2.9,4.5
1740039283.647000,46.501824,12.929062,1778.906889,88.9,13.711775,3.0,4.6
1740039284.645000,46.501818,12.929207,1777.159879,89.0,12.698726,3.2,4.7
1740039285.647000,46.501802,12.929378,1775.667870,93.0,13.282925,3.2,4.9
1740039286.644000,46.501792,12.929548,1774.156534,96.9,13.044701,2.8,5.0
1740039287.646000,46.501770,12.929690,1773.014995,99.9,11.443375,3.0,5.1
1740039288.648000,46.501712,12.929844,1772.647991,109.9,11.815542,3.0,5.2
1740039289.649000,46.501670,12.929996,1772.098462,109.0,12.354420,2.7,5.1
1740039290.647000,46.501593,12.930121,1770.613646,120.0,11.522045,2.6,4.9
1740039291.650000,46.501535,12.930238,1770.169703,122.0,10.687449,2.6,4.6
1740039292.646000,46.501475,12.930370,1769.189069,123.0,11.598667,2.6,4.5
1740039293.648000,46.501418,12.930496,1768.175718,123.0,11.493266,2.6,4.0
1740039295.646000,46.501322,12.930716,1765.576275,121.2,11.346250,2.5,3.8
1740039297.646000,46.501280,12.930922,1763.322125,102.2,9.786009,2.6,3.8
1740039299.647000,46.501281,12.931096,1761.900649,75.2,8.483743,2.6,3.8
1740039301.650000,46.501339,12.931266,1760.710272,60.3,5.069919,2.5,3.8
1740039303.647000,46.501422,12.931345,1760.049233,30.9,5.450320,2.7,3.8
1740039306.648000,46.501532,12.931398,1759.278505,21.0,5.392216,2.8,4.0
1740039309.640000,46.501669,12.931471,1758.180559,20.1,6.045515,3.4,4.3
1740039311.660000,46.501792,12.931494,1757.172917,9.0,5.262961,2.6,4.4
1740039313.651000,46.501901,12.931475,1756.520977,354.9,5.671853,2.9,4.2
1740039315.648000,46.501998,12.931403,1755.937173,337.0,4.788244,2.6,4.1
1740039317.651000,46.502077,12.931324,1755.328709,326.0,5.259822,2.5,4.0
1740039320.648000,46.502194,12.931207,1754.316973,323.1,6.033328,2.5,3.9
1740039322.663000,46.502266,12.931095,1752.873013,313.0,6.854775,2.5,3.8
1740039324.647000,46.502347,12.930968,1751.675045,308.0,7.656253,2.6,3.8
1740039326.654000,46.502439,12.930826,1750.183646,313.8,8.441826,2.5,3.8
1740039328.645000,46.502557,12.930677,1749.163014,319.8,8.770423,2.4,3.8
1740039330.645000,46.502652,12.930487,1746.678901,306.1,8.767504,2.4,3.9
1740039331.650000,46.502692,12.930365,1746.109047,310.8,8.953994,2.5,3.9
1740039333.650000,46.502794,12.930173,1744.607916,305.9,9.215713,2.9,4.1
1740039335.648000,46.502868,12.929985,1743.886408,299.9,8.190248,2.9,4.3
1740039337.650000,46.502933,12.929802,1742.299431,298.0,8.100531,2.7,4.5
1740039339.649000,46.502971,12.929606,1741.260411,287.0,7.608140,3.1,4.8
1740039340.651000,46.502977,12.929476,1740.560044,285.1,8.441895,2.6,5.1
1740039342.647000,46.503056,12.929369,1739.961590,298.1,7.469388,3.1,5.0
1740039344.650000,46.503124,12.929259,1739.037281,334.6,5.889667,2.9,4.8
1740039346.655000,46.503220,12.929331,1736.877512,29.7,6.269895,2.6,4.6
1740039348.650000,46.503310,12.929491,1734.385613,47.1,9.019406,2.5,4.8
1740039350.652000,46.503395,12.929696,1732.925059,58.1,8.050193,2.6,5.2
1740039351.646000,46.503439,12.929816,1731.483937,62.7,10.070001,2.3,5.3
1740039353.650000,46.503501,12.930067,1728.803124,65.9,10.089776,2.4,6.1
1740039354.645000,46.503510,12.930204,1726.664388,79.9,9.276954,2.5,6.2
1740039355.654000,46.503512,12.930360,1725.503364,73.1,10.581091,2.5,6.6
1740039357.643000,46.503567,12.930545,1720.561345,67.1,7.432649,3.2,6.9
1740039360.649000,46.503631,12.930700,1714.229237,68.0,5.214180,3.8,6.2
1740039363.646000,46.503633,12.930850,1710.641265,108.4,4.047631,3.1,5.0
1740039370.649000,46.503638,12.931041,1707.190269,86.4,5.396582,2.7,4.4
1740039372.648000,46.503675,12.931193,1704.263895,64.1,6.587034,2.7,4.4
1740039374.644000,46.503731,12.931323,1700.859339,59.0,7.208031,2.5,4.5
1740039376.655000,46.503800,12.931541,1697.708376,68.8,9.937416,2.5,4.8
1740039378.650000,46.503894,12.931802,1693.075709,60.1,13.606201,2.6,5.4
1740039379.653000,46.503950,12.931956,1690.530742,61.0,13.395775,3.4,6.1
1740039380.650000,46.504005,12.932137,1688.492559,63.8,15.085975,4.2,6.8
1740039381.645000,46.504093,12.932354,1686.586814,65.9,15.079128,4.3,6.8
1740039382.648000,46.504147,12.932550,1684.061897,68.9,15.310296,3.5,7.1
1740039383.645000,46.504184,12.932744,1682.335902,73.8,15.239109,3.5,7.4
1740039384.652000,46.504164,12.932916,1681.219596,87.7,13.058294,4.0,7.5
1740039385.647000,46.504141,12.933091,1680.785657,90.5,13.252027,3.7,7.4
1740039386.661000,46.504122,12.933267,1679.841429,94.3,13.399975,3.1,7.1
1740039387.646000,46.504097,12.933440,1678.426571,98.0,13.608072,2.7,7.0
1740039388.655000,46.504057,12.933590,1677.127749,104.1,13.054809,2.6,6.4
1740039389.657000,46.504010,12.933727,1676.029620,113.4,12.648215,3.3,6.0
1740039390.651000,46.503944,12.933870,1674.140391,119.0,13.038694,3.0,5.7
1740039391.647000,46.503866,12.934012,1672.284181,122.7,13.284492,3.0,5.6
1740039392.651000,46.503778,12.934135,1671.212266,126.8,13.479042,3.1,5.2
1740039393.654000,46.503669,12.934182,1668.978343,144.9,12.085291,2.9,5.2
1740039394.640000,46.503560,12.934223,1667.003312,156.8,12.083928,2.8,5.0
1740039395.645000,46.503451,12.934276,1665.333158,159.3,11.999655,2.6,4.8
1740039396.654000,46.503362,12.934340,1662.538232,155.9,11.297914,2.6,4.6
1740039398.652000,46.503197,12.934400,1658.976428,164.1,9.842912,2.5,4.3
1740039400.647000,46.503089,12.934504,1655.762889,128.5,8.199598,2.4,4.1
1740039402.647000,46.502981,12.934672,1652.754692,136.7,9.637691,2.5,4.1
1740039404.654000,46.502864,12.934892,1647.954525,127.1,11.291474,4.2,4.2
1740039405.647000,46.502801,12.935019,1645.059403,125.1,12.572495,4.3,4.3
1740039406.648000,46.502736,12.935178,1643.377929,121.2,13.847095,3.4,4.4
1740039407.653000,46.502694,12.935362,1639.894677,107.4,14.451072,3.5,4.6
1740039408.649000,46.502649,12.935541,1637.243548,108.0,14.315523,3.9,4.7
1740039409.653000,46.502598,12.935729,1635.732838,111.0,15.841625,3.7,5.0
1740039410.648000,46.502540,12.935865,1632.614480,121.9,13.171056,3.1,5.3
1740039411.651000,46.502483,12.936003,1629.864748,113.1,13.325358,2.7,5.6
1740039412.652000,46.502450,12.936163,1628.080666,104.2,13.016299,2.7,5.7
1740039413.650000,46.502421,12.936322,1626.780730,105.0,12.891773,3.2,5.7
1740039414.654000,46.502372,12.936461,1625.298023,112.9,11.985670,2.9,5.5
1740039415.645000,46.502328,12.936602,1623.938852,112.0,12.414940,2.9,5.4
1740039419.648000,46.502292,12.936752,1618.514530,82.8,8.610849,2.6,5.0
1740039421.657000,46.502255,12.936997,1616.347781,108.9,10.327068,2.5,5.0
1740039422.645000,46.502238,12.937127,1615.744309,99.2,10.452202,2.4,5.0
1740039423.644000,46.502197,12.937256,1612.316222,109.9,11.875415,2.4,5.0
1740039424.649000,46.502175,12.937402,1611.190324,98.2,11.390581,2.4,5.1
1740039425.646000,46.502168,12.937553,1608.338533,97.1,11.668653,2.5,5.3
1740039426.660000,46.502134,12.937713,1605.742933,106.9,11.283167,3.3,5.2
1740039428.654000,46.502104,12.937970,1600.343572,94.1,12.504904,4.3,4.7
1740039429.648000,46.502121,12.938105,1597.845703,78.1,13.092437,3.4,4.4
1740039430.654000,46.502147,12.938262,1596.298441,82.9,13.348764,3.4,3.9
1740039431.654000,46.502152,12.938433,1593.549951,90.8,13.442197,4.0,3.9
1740039432.646000,46.502143,12.938609,1592.232187,93.9,13.674027,3.6,3.9
1740039433.654000,46.502145,12.938796,1590.660634,91.1,13.575937,3.2,4.2
1740039434.649000,46.502160,12.938985,1589.088750,85.1,13.296742,2.7,4.2
1740039435.649000,46.502151,12.939168,1587.619657,94.9,13.376494,2.6,4.3
1740039436.641000,46.502143,12.939323,1586.222596,93.0,13.226471,3.2,4.4
1740039437.656000,46.502131,12.939492,1584.961727,95.0,13.201007,2.9,4.6
1740039438.644000,46.502118,12.939666,1583.703169,97.0,13.641760,2.9,4.5
1740039439.647000,46.502097,12.939848,1580.251967,102.9,14.586403,3.1,4.4
1740039440.633000,46.502061,12.940036,1578.186767,106.9,15.447563,2.9,4.4
1740039441.648000,46.501983,12.940230,1576.853602,114.7,17.056252,2.8,4.4
1740039442.649000,46.501895,12.940350,1574.287268,126.8,14.887745,2.6,4.4
1740039443.644000,46.501808,12.940482,1572.359781,132.9,15.082404,2.5,4.3
1740039444.657000,46.501732,12.940630,1569.639383,121.1,14.272476,2.7,4.3
1740039445.648000,46.501678,12.940787,1566.467681,115.1,12.995298,2.4,4.1
1740039446.652000,46.501636,12.940908,1563.619426,108.2,13.326138,2.4,3.9
1740039447.650000,46.501602,12.941078,1560.212050,106.1,14.292504,2.4,3.8
1740039448.635000,46.501568,12.941262,1559.168780,106.0,15.041687,2.4,3.9
1740039449.646000,46.501548,12.941414,1558.179408,102.1,12.615956,2.4,4.1
1740039450.648000,46.501529,12.941554,1554.904149,100.0,11.694167,3.1,4.3
1740039451.657000,46.501496,12.941696,1552.839966,108.8,11.641492,3.6,4.4
1740039453.635000,46.501376,12.941840,1550.949678,155.4,8.111418,2.9,4.5
1740039472.646000,46.501386,12.941867,1548.941416,-1.0,0.000000,2.7,4.9
1740039472.646000,46.501386,12.941867,1548.941416,-1.0,0.000000,2.7,4.9
1740039499.645000,46.501376,12.941974,1548.973419,86.8,0.665834,2.8,4.2
1740039590.647000,46.501283,12.942016,1549.097742,188.5,1.332521,2.5,3.4
1740039597.175000,46.501195,12.941984,1548.664466,203.1,1.200579,3.5,3.2
1740039614.646000,46.501121,12.941898,1546.817748,259.6,1.259422,3.1,3.2
1740039618.648000,46.501068,12.941771,1553.281457,242.1,2.101665,2.9,3.2
1740039621.648000,46.500997,12.941687,1558.367941,227.7,2.464485,2.8,3.2
1740039624.648000,46.500909,12.941595,1563.751507,220.2,2.889229,2.7,3.1
1740039627.650000,46.500796,12.941485,1569.718940,213.9,3.675221,3.4,3.1
1740039629.648000,46.500704,12.941418,1573.676329,206.9,3.884522,4.8,3.3
1740039632.642000,46.500583,12.941355,1579.349273,202.5,3.716537,4.0,3.6
1740039635.646000,46.500481,12.941301,1584.993824,201.8,3.450912,2.8,4.2
1740039638.642000,46.500411,12.941217,1590.869672,222.4,3.929446,3.5,8.0
1740039641.639000,46.500348,12.941093,1597.545460,216.2,3.400726,3.1,11.4
1740039644.653000,46.500252,12.940980,1603.143752,216.7,3.047736,2.9,10.1
1740039647.648000,46.500173,12.940887,1610.479920,219.0,3.001784,3.3,9.6
1740039651.644000,46.500072,12.940827,1619.454166,216.8,3.311934,3.9,8.4
1740039655.648000,46.499977,12.940727,1624.994816,217.0,3.791318,3.4,7.3
1740039659.648000,46.499890,12.940607,1632.343503,217.0,3.190416,3.1,8.2
1740039662.645000,46.499818,12.940513,1637.786696,212.2,3.574262,3.0,9.0
1740039665.646000,46.499736,12.940414,1643.911609,215.9,3.296595,2.7,8.1
1740039668.642000,46.499670,12.940322,1649.054529,214.1,3.079587,4.2,7.3
1740039672.648000,46.499579,12.940224,1658.208216,211.6,3.120154,3.7,7.2
1740039676.646000,46.499490,12.940115,1665.650233,216.9,3.506455,2.6,9.0
1740039679.648000,46.499414,12.939983,1670.100185,224.8,4.097519,3.4,11.9
1740039682.651000,46.499338,12.939858,1674.479998,223.2,3.890128,5.3,12.2
1740039685.646000,46.499275,12.939762,1678.213030,226.0,3.548199,2.8,12.0
1740039688.642000,46.499212,12.939645,1682.996891,228.1,3.740414,2.6,11.7
1740039691.649000,46.499141,12.939512,1688.855705,228.8,4.274474,3.2,11.5
1740039694.645000,46.499060,12.939367,1693.815897,229.2,3.828645,2.4,11.1
1740039697.649000,46.498967,12.939225,1698.692526,224.9,3.853574,2.7,10.0
1740039699.643000,46.498891,12.939138,1702.216639,221.0,4.050557,2.8,8.5
1740039702.642000,46.498784,12.939034,1707.582002,219.0,4.311008,2.8,6.2
1740039705.646000,46.498686,12.938957,1713.448428,218.0,3.405644,3.6,6.3
1740039708.644000,46.498604,12.938885,1720.241630,220.0,3.404929,3.3,5.1
1740039711.644000,46.498515,12.938800,1725.995338,219.0,4.379982,4.0,4.5
1740039714.642000,46.498423,12.938712,1729.600091,219.0,4.042595,3.2,4.2
1740039717.646000,46.498341,12.938619,1733.559890,220.0,3.790833,2.8,4.2
1740039720.649000,46.498258,12.938531,1738.786702,219.0,3.635434,3.2,4.1
1740039723.641000,46.498177,12.938442,1743.511213,219.0,4.225903,2.6,3.9
1740039726.648000,46.498097,12.938349,1748.213032,220.0,4.058865,2.8,3.8
1740039729.643000,46.498014,12.938254,1752.741847,218.9,3.760160,3.3,3.8
1740039732.646000,46.497935,12.938161,1757.587757,219.3,4.340527,3.1,3.8
1740039735.647000,46.497843,12.938061,1760.249153,217.6,3.977606,2.8,3.8
1740039738.640000,46.497766,12.937978,1763.224964,217.1,3.671950,2.8,3.8
1740039741.647000,46.497684,12.937885,1765.949961,218.3,3.563916,3.0,3.9
1740039744.640000,46.497598,12.937786,1769.290891,218.7,4.136492,5.0,3.9
1740039747.646000,46.497518,12.937693,1772.420204,218.6,3.740322,3.0,3.9
1740039750.638000,46.497436,12.937602,1776.379066,216.7,3.860919,4.2,4.1
1740039753.641000,46.497346,12.937501,1778.731400,218.3,4.228389,2.9,4.3
1740039756.644000,46.497256,12.937398,1779.891535,218.9,3.974763,3.0,4.2
1740039759.642000,46.497166,12.937296,1781.389118,219.0,4.124090,2.7,4.2
1740039762.646000,46.497076,12.937194,1783.372772,218.0,3.862428,3.1,4.1
1740039765.639000,46.496989,12.937091,1787.394847,220.0,3.775825,3.6,3.8
1740039768.641000,46.496903,12.936989,1787.542421,218.0,4.260316,2.3,3.8
1740039771.647000,46.496816,12.936883,1789.079395,218.0,3.671671,3.0,3.8
1740039774.641000,46.496723,12.936772,1790.678211,219.0,4.150481,4.0,3.8
1740039777.646000,46.496630,12.936662,1793.356095,219.0,4.011909,3.6,3.8
1740039780.646000,46.496542,12.936555,1795.690967,219.0,3.565927,2.7,3.8
1740039783.641000,46.496454,12.936453,1798.731465,218.0,5.207326,2.6,3.8
1740039786.645000,46.496366,12.936342,1798.609399,220.0,4.095273,3.0,3.9
1740039789.643000,46.496272,12.936231,1799.936101,220.9,4.309924,3.0,3.9
1740039792.643000,46.496186,12.936125,1802.175454,219.0,4.297923,2.5,3.8
1740039795.644000,46.496093,12.936017,1798.570773,216.1,4.522227,2.6,3.8
1740039798.643000,46.496003,12.935909,1798.076261,219.0,4.491712,2.6,3.8
1740039801.644000,46.495913,12.935800,1798.419547,218.0,4.238785,3.8,3.9
1740039804.645000,46.495825,12.935693,1798.280574,220.0,4.598717,3.2,4.1
1740039807.645000,46.495740,12.935592,1797.797181,219.0,4.191051,2.9,4.2
1740039810.648000,46.495656,12.935488,1797.656539,220.0,3.852585,3.1,5.0
1740039813.642000,46.495571,12.935384,1797.645136,221.0,3.922151,3.1,5.9
1740039816.647000,46.495488,12.935284,1798.062479,220.0,4.577025,2.7,6.2
1740039819.637000,46.495391,12.935174,1800.851907,218.9,3.977505,2.7,6.0
1740039822.646000,46.495312,12.935084,1799.442840,220.0,3.641928,2.2,5.5
1740039825.645000,46.495217,12.934975,1798.204339,220.1,4.549767,2.2,5.6
1740039827.648000,46.495146,12.934892,1798.557258,219.2,4.270134,2.3,5.7
1740039830.648000,46.495044,12.934772,1799.890603,219.2,4.265200,3.4,5.2
1740039833.642000,46.494950,12.934666,1800.967292,219.0,4.262409,3.6,4.3
1740039836.646000,46.494863,12.934572,1800.678303,221.8,3.662090,3.2,4.0
1740039839.640000,46.494774,12.934470,1798.995045,217.6,4.321057,2.7,3.8
1740039842.646000,46.494688,12.934373,1802.114089,218.7,4.211889,2.6,3.8
1740039845.646000,46.494602,12.934269,1803.749319,219.0,4.102526,3.2,3.9
1740039848.645000,46.494510,12.934158,1805.682940,219.8,4.520118,2.3,4.1
1740039851.647000,46.494421,12.934050,1804.844444,220.2,4.354180,2.3,4.4
1740039854.641000,46.494342,12.933948,1806.171052,225.6,3.972735,2.2,4.8
1740039857.643000,46.494256,12.933869,1809.270974,221.0,3.874792,3.0,4.8
1740039860.646000,46.494176,12.933775,1818.253754,216.0,3.414460,4.1,4.3
1740039863.646000,46.494099,12.933678,1825.060618,221.0,3.910871,3.1,4.1
1740039866.647000,46.494023,12.933585,1830.489960,217.0,3.062277,2.8,3.9
1740039869.647000,46.493948,12.933497,1836.731072,218.0,3.120684,2.6,4.0
1740039872.644000,46.493875,12.933415,1844.106054,219.0,3.745207,2.8,4.0
1740039876.649000,46.493798,12.933333,1854.590618,204.1,1.523697,2.7,3.8
1740039882.647000,46.493706,12.933329,1858.400143,200.4,2.431802,2.1,5.3
1740039887.645000,46.493625,12.933173,1860.205057,230.6,2.948347,2.7,6.4
1740039894.647000,46.493615,12.933038,1862.170499,306.8,1.665083,3.0,6.0
1740039900.644000,46.493674,12.932925,1857.297380,320.0,0.922233,2.6,4.0
1740039908.645000,46.493711,12.932804,1859.857981,319.7,0.805466,2.3,5.0
1740039971.643000,46.493739,12.932678,1854.398406,308.3,1.215278,2.7,3.8
1740039977.648000,46.493798,12.932561,1857.421911,309.3,2.793975,3.7,3.8
1740039980.657000,46.493883,12.932427,1853.369396,329.7,4.481579,2.8,3.8
1740039983.643000,46.493972,12.932345,1850.203217,334.1,3.391603,2.6,3.8
1740039986.648000,46.494089,12.932266,1848.132184,324.5,4.639218,2.6,3.8
1740039988.648000,46.494183,12.932208,1845.120355,337.5,5.390177,2.7,3.8
1740039990.647000,46.494289,12.932183,1841.968487,344.0,5.161418,2.5,3.9
1740039992.658000,46.494395,12.932211,1838.963412,4.9,5.940944,2.8,4.0
1740039994.650000,46.494541,12.932233,1838.446030,13.7,8.325502,2.4,4.0
1740039996.653000,46.494703,12.932258,1831.509684,7.1,9.378272,2.6,4.1
1740039997.649000,46.494801,12.932255,1828.029503,2.8,10.054198,3.0,4.1
1740039998.652000,46.494900,12.932288,1825.444687,7.1,10.852469,2.4,4.1
1740039999.646000,46.495001,12.932322,1822.967072,12.1,11.309727,3.0,4.1
1740040000.644000,46.495104,12.932371,1822.032620,14.7,11.687615,3.2,4.1
1740040001.655000,46.495198,12.932430,1816.135060,24.8,12.092544,2.5,4.0
1740040002.654000,46.495289,12.932517,1817.205847,27.4,11.976544,2.9,4.0
1740040003.649000,46.495355,12.932619,1816.370257,37.3,10.901790,3.0,4.0
1740040005.647000,46.495462,12.932812,1815.106017,42.2,9.436937,4.4,3.9
1740040007.649000,46.495563,12.932969,1813.500821,49.1,8.380003,3.3,4.2
1740040009.652000,46.495630,12.933140,1811.180072,58.1,7.571101,3.0,4.3
1740040011.648000,46.495701,12.933292,1810.777365,58.6,7.163797,2.7,4.5
1740040013.649000,46.495762,12.933450,1810.472504,59.8,6.745399,2.8,4.4
1740040015.643000,46.495807,12.933610,1810.125000,62.2,6.414800,3.1,4.3
1740040017.656000,46.495862,12.933775,1807.606254,65.5,6.499833,2.6,4.3
1740040019.650000,46.495917,12.933931,1806.806641,62.9,6.541375,2.4,4.2
1740040021.651000,46.495948,12.934090,1806.687741,70.9,6.436108,2.8,4.0
1740040023.646000,46.495965,12.934245,1805.084691,80.9,6.205585,2.4,3.8
1740040025.649000,46.495962,12.934396,1806.778620,79.0,5.909660,2.8,3.8
1740040028.648000,46.496039,12.934531,1803.219771,46.4,4.601968,2.6,4.2
1740040031.649000,46.496089,12.934693,1800.386066,34.0,5.977647,2.5,4.1
1740040033.649000,46.496193,12.934784,1798.724016,28.0,7.727982,2.6,3.8
1740040035.653000,46.496307,12.934890,1797.942645,36.0,7.330831,3.3,3.8
1740040037.651000,46.496409,12.935001,1796.534202,41.0,5.491743,4.8,3.8
1740040040.646000,46.496449,12.935185,1795.831358,99.3,5.303744,2.7,3.8
1740040043.647000,46.496491,12.935350,1794.443562,60.0,4.259543,2.7,3.8
1740040046.640000,46.496562,12.935534,1791.535731,52.1,5.812124,2.7,3.8
1740040048.640000,46.496617,12.935639,1789.925709,66.8,5.487864,2.8,3.8
1740040050.646000,46.496648,12.935826,1788.140860,78.0,7.979024,2.7,3.8
1740040052.648000,46.496711,12.936024,1786.288694,61.0,8.859752,2.7,3.8
1740040054.649000,46.496815,12.936179,1786.910991,25.2,6.406339,2.8,3.8
1740040056.641000,46.496939,12.936260,1784.370015,30.8,7.596543,2.8,3.8
1740040058.644000,46.497052,12.936394,1782.365788,39.0,7.682887,2.9,3.8
1740040068.644000,46.497126,12.936469,1777.944475,347.0,0.600872,2.5,5.1
1740040080.649000,46.497214,12.936504,1776.808202,3.3,1.948005,2.4,3.8
1740040083.650000,46.497309,12.936487,1777.357256,353.7,4.334267,2.5,3.8
1740040085.648000,46.497429,12.936465,1776.394041,352.5,6.855978,2.6,3.8
1740040087.644000,46.497560,12.936432,1775.535294,354.6,6.837192,2.7,3.8
1740040090.650000,46.497682,12.936413,1772.770047,342.1,4.660616,2.6,3.8
1740040092.648000,46.497785,12.936367,1771.707863,340.4,6.184717,3.1,3.8
1740040094.645000,46.497897,12.936304,1771.012203,342.3,5.952823,2.6,3.8
1740040096.651000,46.497992,12.936273,1770.472216,355.7,5.486219,2.5,3.8
1740040099.647000,46.498096,12.936211,1767.746118,331.3,4.219169,2.5,3.8
1740040102.649000,46.498213,12.936144,1765.614746,351.4,5.208038,2.5,3.8
1740040104.649000,46.498351,12.936155,1762.500000,354.4,7.452015,2.4,3.8
1740040106.650000,46.498444,12.936108,1759.316297,337.1,4.512877,2.4,3.8
1740040108.650000,46.498545,12.936065,1758.326120,348.8,6.687059,2.4,3.8
1740040110.646000,46.498703,12.935982,1754.160295,338.2,8.962731,2.4,3.8
1740040111.649000,46.498788,12.935920,1750.792081,336.0,9.463326,2.5,3.8
1740040113.655000,46.498948,12.935821,1747.536086,340.3,9.343117,2.5,4.2
1740040115.656000,46.499054,12.935725,1745.943271,329.0,7.401634,2.5,4.3
1740040118.643000,46.499155,12.935710,1740.165072,337.0,4.985871,2.4,4.0
1740040120.646000,46.499257,12.935727,1737.215629,15.0,5.830597,2.7,3.8
1740040122.650000,46.499355,12.935748,1732.519126,9.0,4.790824,2.8,3.8
1740040124.647000,46.499447,12.935795,1728.957792,23.8,5.676032,2.6,3.8
1740040126.654000,46.499566,12.935870,1725.320979,21.0,8.312347,2.5,3.8
1740040128.649000,46.499726,12.935943,1722.751412,15.0,8.834874,2.5,3.8
1740040130.652000,46.499896,12.935933,1719.490924,345.1,10.043726,2.5,3.8
1740040131.655000,46.499989,12.935898,1718.664385,344.2,10.174365,2.4,3.8
1740040132.646000,46.500078,12.935863,1718.615151,345.5,10.469969,2.4,3.8
1740040133.649000,46.500172,12.935826,1715.634474,344.4,10.668851,2.4,3.8
1740040134.649000,46.500259,12.935791,1715.115185,345.2,10.433621,2.4,3.8
1740040136.648000,46.500396,12.935746,1714.132092,343.8,9.163738,2.4,3.9
1740040138.645000,46.500456,12.935628,1713.684369,324.4,5.858325,2.4,4.1
1740040146.642000,46.500408,12.935510,1714.686354,233.0,1.749836,2.6,3.9
1740040152.645000,46.500376,12.935379,1714.953289,245.1,1.964870,2.7,3.8
1740040160.644000,46.500353,12.935239,1715.929803,266.0,1.828884,2.4,3.8
1740040173.647000,46.500373,12.935096,1719.591754,293.1,1.310598,2.5,3.8
1740040204.650000,46.500445,12.935010,1719.750555,351.4,1.092540,2.7,3.1
1740040207.653000,46.500584,12.934973,1716.968207,12.1,5.042650,2.6,3.5
1740040208.649000,46.500670,12.935013,1714.548897,35.8,8.721267,2.7,3.6
1740040210.651000,46.500819,12.935138,1710.537900,35.8,9.359535,3.0,3.7
1740040211.649000,46.500914,12.935217,1706.545853,34.3,10.964587,2.6,4.0
1740040212.650000,46.500966,12.935328,1703.547235,61.4,10.495176,2.6,4.0
1740040213.653000,46.501008,12.935452,1702.415673,61.3,10.352466,2.5,4.2
1740040215.652000,46.501064,12.935648,1698.973926,61.0,8.562502,2.4,4.4
1740040217.648000,46.501068,12.935851,1695.776988,98.7,8.172254,2.5,4.3
1740040219.649000,46.501090,12.936052,1691.855943,64.3,7.884857,2.4,4.1
1740040221.656000,46.501098,12.936262,1687.057089,107.8,8.059870,2.4,3.8
1740040223.651000,46.501059,12.936472,1685.023767,102.1,8.143566,2.4,3.8
1740040225.647000,46.501099,12.936665,1680.445122,83.2,7.832598,2.4,3.8
1740040227.650000,46.501071,12.936859,1677.486259,100.0,7.786303,2.4,3.8
1740040229.643000,46.501102,12.937032,1672.369832,72.8,6.640737,2.5,3.8
1740040231.650000,46.501088,12.937182,1668.443549,105.2,6.541204,2.7,3.9
1740040233.657000,46.501041,12.937334,1664.764801,99.4,5.995383,2.9,3.9
1740040235.652000,46.501120,12.937423,1659.180965,32.6,4.860371,2.5,3.9
1740040237.654000,46.501151,12.937548,1656.895064,102.1,4.547217,2.5,4.0
1740040239.654000,46.501128,12.937688,1653.259825,96.0,5.430532,2.9,4.1
1740040242.658000,46.501204,12.937821,1645.723856,37.2,5.681737,2.6,4.6
1740040244.656000,46.501197,12.937955,1643.419080,134.9,5.720313,2.5,4.7
1740040246.646000,46.501218,12.938084,1638.805506,50.1,5.895050,2.5,4.6
1740040248.651000,46.501310,12.938148,1635.050338,31.0,6.444286,2.4,4.3
1740040251.657000,46.501348,12.938326,1627.859460,83.1,4.959883,2.4,4.2
1740040253.660000,46.501382,12.938468,1623.749198,49.0,6.287585,2.5,4.2
1740040256.658000,46.501443,12.938605,1616.686466,97.7,4.096616,2.4,4.2
1740040259.654000,46.501520,12.938726,1610.147189,5.2,5.570841,2.6,4.4
1740040261.646000,46.501601,12.938794,1608.740742,69.9,7.297139,3.3,4.5
1740040263.647000,46.501585,12.938964,1604.689706,92.5,6.170004,3.0,4.5
1740040265.655000,46.501638,12.939107,1600.041359,49.3,6.456300,2.6,4.2
1740040267.656000,46.501749,12.939157,1593.770868,21.1,6.810673,2.6,4.2
1740040269.657000,46.501812,12.939309,1592.516038,87.8,8.494252,2.9,4.1
1740040271.649000,46.501791,12.939511,1585.644815,103.3,7.319787,2.6,4.1
1740040273.648000,46.501696,12.939582,1581.466794,121.5,7.074218,2.4,4.4
1740040275.644000,46.501737,12.939757,1577.792168,35.3,5.925778,2.4,4.4
1740040277.646000,46.501762,12.939904,1572.857095,104.5,7.634044,2.4,4.3
1740040279.647000,46.501650,12.940001,1571.190291,162.9,6.280836,2.4,3.9
1740040281.647000,46.501569,12.940103,1565.503245,120.2,6.949752,2.4,3.8
1740040283.646000,46.501526,12.940304,1562.935677,104.0,9.308068,2.4,3.8
1740040285.649000,46.501479,12.940552,1560.506884,106.0,10.494765,2.4,3.8
1740040286.644000,46.501472,12.940685,1558.968703,98.1,10.389299,2.4,3.8
1740040287.644000,46.501475,12.940817,1557.967987,84.1,9.781779,2.4,3.8
1740040289.645000,46.501521,12.941044,1555.671927,75.8,9.683730,2.5,3.8
1740040291.652000,46.501559,12.941294,1553.825243,77.1,10.765836,3.9,3.8
1740040292.651000,46.501597,12.941431,1552.557660,72.1,11.214929,3.1,3.8
1740040293.650000,46.501654,12.941543,1549.964346,59.3,10.217382,2.6,3.8
1740040294.650000,46.501733,12.941642,1547.321320,41.1,10.983812,2.5,3.8
1740040295.646000,46.501793,12.941756,1545.075417,61.8,10.701412,2.7,3.8
1740040296.649000,46.501861,12.941852,1543.473054,43.1,10.070045,2.5,3.8
1740040298.649000,46.501991,12.942007,1539.298713,55.5,8.958214,2.9,3.8
1740040300.647000,46.502079,12.942138,1537.669072,20.2,7.866628,2.6,3.8
1740040302.641000,46.502182,12.942252,1535.543657,35.0,7.171385,2.5,3.8
1740040304.651000,46.502291,12.942241,1533.445566,335.0,6.239826,2.4,3.8
1740040306.654000,46.502420,12.942271,1532.037530,22.0,8.518212,2.5,3.8
1740040308.646000,46.502576,12.942225,1528.843283,342.0,9.598846,2.4,3.8
1740040310.646000,46.502754,12.942225,1523.528056,358.2,10.294970,2.4,3.8
1740040311.646000,46.502841,12.942183,1520.262264,346.4,10.382834,2.4,3.8
1740040312.648000,46.502934,12.942178,1518.597593,354.8,10.287137,2.4,3.8
1740040313.650000,46.503024,12.942233,1517.597152,13.7,10.954833,2.4,3.8
1740040315.653000,46.503176,12.942201,1513.452886,337.0,8.062943,2.4,3.8
1740040317.648000,46.503327,12.942236,1513.665721,15.5,9.849021,2.8,3.9
1740040319.645000,46.503476,12.942224,1509.376218,347.5,8.305079,2.8,3.9
1740040321.644000,46.503594,12.942120,1507.979293,332.9,7.908465,3.1,3.9
1740040323.649000,46.503723,12.942108,1505.044380,346.2,6.266160,2.6,3.8
1740040325.646000,46.503818,12.942064,1502.715795,10.0,6.286927,2.5,3.8
1740040327.651000,46.503932,12.942077,1502.106681,355.0,6.649697,3.0,3.8
1740040329.650000,46.504033,12.942060,1500.370190,320.1,4.949601,2.5,3.8
1740040331.649000,46.504121,12.942007,1497.846697,346.8,6.588948,2.5,3.9
1740040333.648000,46.504244,12.941982,1496.478953,353.0,7.335346,2.4,3.9
1740040335.643000,46.504359,12.942042,1494.785333,11.0,5.516791,2.5,3.9
1740040337.648000,46.504469,12.942064,1493.984191,10.0,6.412994,2.4,3.8
1740040339.648000,46.504569,12.942102,1491.277155,10.2,5.679389,2.4,3.8
1740040341.648000,46.504663,12.942054,1489.827615,324.6,5.916551,2.4,3.9
1740040361.644000,46.504747,12.942090,1488.671733,343.8,0.000000,2.4,3.8
1740040361.644000,46.504747,12.942090,1488.671733,343.8,0.000000,2.4,3.8
1740040365.649000,46.504750,12.942094,1488.720473,353.2,0.218278,2.4,4.1
1740040434.645000,46.504690,12.941986,1490.415373,220.4,0.934876,2.8,3.8
1740040447.643000,46.504662,12.941859,1491.490880,278.0,0.558220,2.4,3.8
1740040473.646000,46.504619,12.941742,1490.428743,235.9,0.113397,2.4,3.0
1740040522.530000,46.504552,12.941654,1489.583483,270.7,0.526906,3.3,3.0
1740040526.645000,46.504524,12.941501,1493.785669,250.9,2.399167,3.1,3.0
1740040529.647000,46.504493,12.941367,1493.732403,250.6,3.423564,2.5,3.0
1740040532.648000,46.504455,12.941209,1494.681275,250.8,3.756303,2.4,3.7
1740040535.646000,46.504420,12.941061,1499.885562,251.5,3.686796,2.4,5.7
1740040538.647000,46.504383,12.940903,1503.142854,250.4,3.750408,3.0,9.7
1740040541.646000,46.504349,12.940760,1509.462284,250.4,3.489747,2.9,13.2
1740040544.644000,46.504226,12.940461,1517.255454,247.7,3.380959,3.8,15.4
1740040546.646000,46.504184,12.940342,1521.472966,246.0,3.542079,3.5,12.3
1740040549.648000,46.504140,12.940196,1526.211446,245.2,3.628087,3.4,3.9
1740040552.649000,46.504098,12.940062,1529.820309,244.3,3.430349,3.1,3.8
1740040555.647000,46.504052,12.939939,1540.972723,244.4,3.387544,3.1,3.8
1740040558.647000,46.504006,12.939812,1547.901245,242.9,3.411779,2.5,3.8
1740040561.645000,46.503961,12.939674,1553.369555,244.8,3.419199,2.4,3.8
1740040564.647000,46.503921,12.939550,1563.148159,246.6,2.743719,2.4,3.8
1740040567.640000,46.503884,12.939420,1569.908521,244.9,3.244628,2.6,3.8
1740040570.645000,46.503842,12.939302,1578.970667,242.0,2.713494,2.8,5.9
1740040575.650000,46.503784,12.939132,1596.480957,244.0,4.963784,2.7,3.8
1740040578.642000,46.503732,12.938977,1598.712950,244.0,4.730112,2.5,3.8
1740040581.647000,46.503684,12.938829,1599.433711,245.0,4.738546,3.0,3.8
1740040584.642000,46.503632,12.938668,1601.102272,243.0,4.060041,3.1,3.8
1740040587.647000,46.503584,12.938523,1606.621530,244.0,4.369446,3.6,3.8
1740040590.649000,46.503539,12.938382,1609.244000,245.0,3.899441,2.4,3.8
1740040593.648000,46.503493,12.938240,1613.052133,245.0,4.308168,2.8,3.8
1740040596.648000,46.503443,12.938085,1614.338461,244.0,3.747091,2.9,3.8
1740040599.649000,46.503391,12.937925,1613.641436,244.0,4.323938,2.8,3.8
1740040602.648000,46.503341,12.937774,1617.143072,244.0,4.000279,2.5,3.8
1740040605.648000,46.503292,12.937618,1617.957953,244.0,4.261539,2.5,4.0
1740040608.650000,46.503242,12.937468,1619.108353,244.0,4.139215,2.4,4.0
1740040611.648000,46.503192,12.937315,1617.035444,244.0,3.912024,3.0,3.8
1740040614.641000,46.503146,12.937170,1618.834895,246.0,3.861376,2.9,3.8
1740040617.647000,46.503102,12.937029,1622.024937,247.0,3.902502,2.4,3.8
1740040620.648000,46.503055,12.936882,1624.217720,244.0,4.139915,2.6,3.8
1740040623.650000,46.503000,12.936729,1624.865766,246.0,3.828635,3.0,3.9
1740040626.645000,46.502972,12.936596,1632.400024,249.0,3.456136,2.4,4.4
1740040629.642000,46.502928,12.936439,1632.400024,246.0,4.328152,2.5,5.4
1740040632.644000,46.502888,12.936298,1632.400024,246.2,4.009886,1.6,5.8
1740040635.649000,46.502831,12.936139,1632.400024,244.0,4.303047,1.8,5.8
1740040638.648000,46.502779,12.935987,1632.400024,244.9,3.936589,1.7,5.5
1740040641.647000,46.502740,12.935847,1632.400024,244.8,4.257743,2.0,5.2
1740040644.643000,46.502695,12.935705,1632.400024,245.4,4.138727,1.8,5.0
1740040647.647000,46.502640,12.935549,1632.400024,244.7,4.099874,2.1,4.4
1740040650.650000,46.502582,12.935404,1640.393194,244.5,4.071877,2.5,3.9
1740040653.650000,46.502533,12.935274,1638.462094,246.2,4.045418,3.0,4.5
1740040656.647000,46.502485,12.935149,1643.768491,237.5,4.478928,1.8,4.8
1740040659.643000,46.502414,12.934997,1645.374391,237.1,4.420290,2.0,5.2
1740040662.648000,46.502352,12.934856,1647.830615,236.7,4.024509,1.7,6.5
1740040665.643000,46.502294,12.934722,1649.226947,238.4,3.237781,1.5,7.6
1740040668.639000,46.502238,12.934593,1654.897847,241.9,3.750087,1.7,7.3
1740040671.640000,46.502202,12.934466,1659.884825,246.1,3.710094,1.8,5.8
1740040674.639000,46.502167,12.934325,1669.747050,246.0,3.840908,2.5,4.7
1740040677.646000,46.502128,12.934184,1677.998149,245.6,3.481509,3.0,4.0
1740040680.650000,46.502084,12.934041,1684.582540,242.0,3.657788,1.8,3.8
1740040683.647000,46.502049,12.933907,1692.016912,245.0,3.622639,1.9,3.8
1740040686.643000,46.502008,12.933778,1698.401028,245.8,3.460470,2.2,3.8
1740040690.651000,46.501953,12.933627,1708.477075,242.3,3.438118,1.9,3.8
1740040693.649000,46.501895,12.933516,1715.325219,235.4,3.339036,1.5,4.0
1740040697.647000,46.501836,12.933389,1723.947518,230.9,3.009260,2.2,4.0
1740040701.649000,46.501794,12.933267,1735.070779,234.9,3.127355,2.3,4.2
1740040704.646000,46.501748,12.933108,1741.199112,243.3,3.815449,2.8,4.6
1740040707.647000,46.501714,12.932966,1746.106256,245.0,3.664672,2.9,4.9
1740040710.650000,46.501679,12.932831,1750.151457,243.8,3.991054,2.0,5.7
1740040713.647000,46.501636,12.932679,1754.823854,245.6,4.054193,2.1,6.3
1740040716.648000,46.501595,12.932521,1758.529015,245.1,4.044601,2.3,6.0
1740040719.654000,46.501554,12.932378,1763.360315,243.4,3.749964,2.2,5.0
1740040723.647000,46.501518,12.932210,1767.634018,249.6,4.041756,2.1,5.2
1740040726.648000,46.501474,12.932060,1768.295386,245.2,4.459946,2.2,5.1
1740040729.649000,46.501421,12.931888,1766.590041,244.3,4.203721,2.5,4.8
1740040731.651000,46.501369,12.931761,1767.040667,243.7,4.442847,2.6,4.6
1740040734.647000,46.501318,12.931629,1770.287022,244.6,4.033956,3.1,4.6
1740040737.654000,46.501263,12.931475,1772.816652,243.4,4.175909,1.8,4.9
1740040740.648000,46.501213,12.931316,1773.831808,244.0,4.205039,1.7,5.3
1740040743.653000,46.501169,12.931172,1774.191578,245.0,4.094018,2.1,5.3
1740040746.649000,46.501119,12.931024,1775.508237,244.0,4.050229,1.8,4.8
1740040749.649000,46.501076,12.930891,1776.015951,244.0,4.297206,1.3,4.4
1740040752.642000,46.501026,12.930736,1777.581997,242.1,4.364322,1.8,4.5
1740040755.651000,46.500974,12.930563,1777.708595,245.9,4.469747,1.9,5.3
1740040757.644000,46.500934,12.930428,1779.244952,245.0,4.753325,1.9,5.9
1740040760.648000,46.500885,12.930270,1785.115159,243.1,4.041605,2.5,6.7
1740040763.650000,46.500834,12.930108,1788.950277,244.0,4.090541,2.6,7.1
1740040766.646000,46.500782,12.929951,1790.617542,243.0,4.800698,1.8,7.2
1740040769.649000,46.500744,12.929817,1792.581163,245.9,3.426893,1.9,6.4
1740040772.643000,46.500699,12.929667,1787.775789,246.0,4.171759,2.7,5.2
1740040775.648000,46.500644,12.929484,1796.182191,244.0,4.468190,1.3,4.5
1740040778.651000,46.500588,12.929317,1798.554300,243.0,4.160170,1.7,4.5
1740040781.650000,46.500543,12.929180,1799.449137,245.0,3.989851,2.1,4.5
1740040784.651000,46.500497,12.929051,1802.511527,243.0,3.979430,2.1,4.6
1740040787.644000,46.500455,12.928920,1807.944720,244.0,3.535991,2.7,5.3
1740040790.645000,46.500410,12.928777,1811.087966,246.8,3.506807,2.7,5.4
1740040797.644000,46.500352,12.928652,1817.621992,245.0,2.677773,2.0,5.3
1740040803.642000,46.500303,12.928537,1815.187888,232.9,0.613264,2.7,6.6
1740040813.653000,46.500352,12.928416,1813.683630,325.1,1.950977,2.4,3.9
1740040819.645000,46.500423,12.928332,1809.578408,324.0,0.610197,3.3,3.8
1740040824.649000,46.500381,12.928204,1815.296998,241.6,2.155056,2.9,4.0
1740040844.644000,46.500386,12.928094,1811.030233,5.3,0.000000,2.6,3.0
1740040844.644000,46.500386,12.928094,1811.030233,5.3,0.000000,2.6,3.0
1740040859.643000,46.500377,12.928074,1814.369281,-1.0,0.087997,1.9,3.0
1740040896.651000,46.500466,12.927983,1811.362560,317.4,1.960302,2.7,3.3
1740040899.594000,46.500538,12.927901,1812.659880,325.7,2.756280,1.8,3.0
1740040901.651000,46.500641,12.927759,1808.541911,314.9,4.985086,2.2,3.2
1740040903.660000,46.500728,12.927651,1807.810711,320.9,5.930832,2.0,3.4
1740040905.654000,46.500811,12.927524,1802.934401,315.4,6.277398,3.4,3.8
1740040907.655000,46.500902,12.927463,1802.205918,334.4,5.830974,3.4,3.8
1740040909.644000,46.500978,12.927348,1802.862879,313.3,6.221591,3.0,3.8
1740040911.649000,46.501075,12.927226,1802.492432,321.8,7.334099,2.7,3.8
1740040913.663000,46.501196,12.927163,1801.859529,357.0,6.912439,2.6,3.8
1740040915.651000,46.501303,12.927163,1800.348389,350.1,5.714680,2.7,3.8
1740040917.651000,46.501400,12.927163,1795.848718,9.2,5.594337,2.8,3.8
1740040919.650000,46.501500,12.927146,1791.550866,353.8,5.381042,2.8,3.8
1740040921.646000,46.501606,12.927127,1790.463733,348.6,5.799505,2.7,3.8
1740040923.645000,46.501727,12.927140,1791.332603,9.6,6.665612,3.1,3.8
1740040925.652000,46.501836,12.927124,1789.373319,348.0,5.441799,3.1,3.9
1740040927.652000,46.501928,12.927103,1791.822789,358.7,4.760962,1.7,3.8
1740040930.647000,46.502040,12.927156,1788.964206,26.1,5.019643,2.7,4.3
1740040932.648000,46.502128,12.927193,1787.700774,27.4,5.225852,2.1,4.3
1740040934.649000,46.502211,12.927255,1786.293845,354.5,4.595665,2.3,3.8
1740040936.641000,46.502303,12.927262,1780.837578,10.3,5.199701,3.5,3.8
1740040939.650000,46.502404,12.927360,1777.591491,12.9,4.381403,3.6,3.8
1740040942.658000,46.502522,12.927440,1779.319824,24.3,4.658845,3.2,3.9
1740040945.654000,46.502646,12.927519,1777.823531,28.3,4.791187,2.8,4.0
1740040948.643000,46.502728,12.927654,1768.976665,38.2,4.865102,2.8,4.0
1740040950.646000,46.502800,12.927739,1763.905673,41.8,5.176865,2.8,4.0
1740040952.660000,46.502838,12.927868,1761.623807,61.7,5.684300,3.1,3.9
1740040954.650000,46.502912,12.927945,1761.091173,28.7,4.861506,2.8,3.9
1740040956.656000,46.502981,12.928069,1761.844801,54.6,6.228170,1.9,3.9
1740040958.650000,46.503043,12.928177,1757.278598,42.7,4.948920,2.4,4.0
1740040961.651000,46.503081,12.928345,1754.484987,63.7,4.711785,2.1,4.1
1740040963.650000,46.503140,12.928471,1752.343749,47.4,5.341118,2.1,4.3
1740040966.649000,46.503145,12.928637,1745.985553,64.6,5.203433,3.5,4.5
1740040968.652000,46.503187,12.928781,1744.218784,75.3,6.684047,3.0,4.6
1740040970.649000,46.503239,12.928934,1741.340209,45.9,7.068708,3.1,4.8
1740040972.654000,46.503301,12.929112,1739.025781,73.8,8.320547,2.8,5.2
1740040974.642000,46.503374,12.929303,1735.935064,62.3,8.441515,3.5,5.7
1740040976.648000,46.503433,12.929459,1730.439803,80.9,8.304757,3.0,6.1
1740040978.654000,46.503491,12.929604,1726.145231,50.9,7.066796,2.8,6.3
1740040980.656000,46.503495,12.929764,1724.208222,88.9,6.459882,2.7,5.7
1740040982.650000,46.503535,12.929943,1724.634696,52.2,5.371016,3.0,5.4
1740040985.645000,46.503535,12.930134,1725.682556,75.1,4.932311,1.8,4.9
1740040988.643000,46.503551,12.930336,1721.567133,86.6,5.632729,2.4,4.7
1740040991.657000,46.503540,12.930518,1717.961079,108.0,5.483548,2.1,5.2
1740040993.666000,46.503557,12.930671,1715.385982,75.1,5.721418,2.2,5.2
1740040995.649000,46.503546,12.930814,1709.564316,95.2,5.675786,3.5,5.1
1740040997.650000,46.503570,12.930951,1706.215164,92.8,5.834082,3.1,5.1
1740040999.652000,46.503594,12.931107,1706.843706,64.1,5.703765,2.8,5.1
1740041001.655000,46.503629,12.931244,1704.464112,67.4,6.122225,3.4,5.0
1740041003.655000,46.503677,12.931392,1702.342068,90.5,6.920421,3.6,5.5
1740041006.647000,46.503685,12.931535,1693.660908,87.8,6.521147,2.8,6.0
1740041008.659000,46.503738,12.931685,1688.851559,58.2,6.671979,2.7,6.0
1740041010.656000,46.503820,12.931868,1685.703885,65.8,8.727306,2.5,6.1
1740041012.656000,46.503928,12.932080,1685.131358,60.0,10.769146,3.1,6.3
1740041013.652000,46.503970,12.932207,1683.135491,64.0,10.403114,2.8,6.2
1740041015.650000,46.504063,12.932402,1683.221091,60.0,10.185571,1.8,6.2
1740041017.649000,46.504125,12.932651,1678.626964,67.9,10.641352,2.4,6.2
1740041019.655000,46.504160,12.932885,1677.019786,85.9,8.865294,2.2,6.4
1740041021.654000,46.504146,12.933138,1675.878765,103.9,9.205848,2.1,6.2
1740041023.653000,46.504078,12.933358,1671.281496,130.8,8.655522,3.6,5.5
1740041025.652000,46.504015,12.933553,1668.919087,121.9,8.849162,3.5,5.1
1740041027.651000,46.503926,12.933724,1667.308725,127.0,7.246712,3.1,4.9
1740041029.644000,46.503839,12.933859,1669.897146,138.8,6.681887,2.6,4.8
1740041031.648000,46.503751,12.933941,1667.869368,149.0,5.921351,2.7,4.9
1740041033.662000,46.503656,12.934001,1666.781208,153.3,5.925102,2.6,4.9
1740041035.656000,46.503562,12.934102,1659.363456,149.9,6.634110,2.9,4.9
1740041037.652000,46.503466,12.934187,1656.100391,140.8,5.801289,2.9,4.9
1740041039.652000,46.503361,12.934188,1654.853789,176.4,6.090415,2.7,4.7
1740041041.653000,46.503277,12.934273,1655.086416,157.0,5.764495,3.1,4.6
1740041043.654000,46.503166,12.934215,1653.804941,170.9,5.312421,2.9,4.8
1740041046.647000,46.503059,12.934331,1652.617370,142.2,4.524413,2.4,5.5
1740041049.650000,46.502946,12.934401,1650.379927,131.7,4.505947,2.2,5.6
1740041051.651000,46.502891,12.934507,1647.648830,124.6,5.495249,2.2,5.1
1740041053.655000,46.502817,12.934637,1642.057409,122.4,6.246429,3.6,4.8
1740041055.659000,46.502719,12.934754,1638.338206,158.4,7.210536,3.2,4.9
1740041057.659000,46.502620,12.934896,1638.435372,130.1,7.080427,3.1,4.8
1740041059.650000,46.502552,12.935007,1638.752279,126.6,7.903338,2.8,4.5
1740041061.651000,46.502474,12.935151,1632.400024,113.5,6.663789,3.4,4.4
1740041063.651000,46.502456,12.935312,1632.400024,94.6,7.435252,2.7,4.2
1740041065.646000,46.502436,12.935511,1625.545048,102.8,7.610271,2.8,4.0
1740041067.656000,46.502401,12.935638,1623.488988,101.1,7.385173,2.9,3.9
1740041069.656000,46.502365,12.935825,1622.176947,97.1,7.788776,2.9,3.9
1740041071.650000,46.502349,12.935985,1621.873185,101.7,7.514729,3.0,3.8
1740041073.649000,46.502307,12.936154,1622.935561,95.5,5.801234,2.1,3.8
1740041075.655000,46.502301,12.936315,1619.176863,103.6,6.868568,2.7,3.8
1740041077.648000,46.502284,12.936444,1618.416923,94.2,4.493216,2.6,4.1
1740041080.655000,46.502246,12.936608,1616.892282,107.0,4.702418,2.5,4.5
1740041082.649000,46.502276,12.936738,1612.858138,52.1,5.636700,3.5,4.6
1740041084.657000,46.502316,12.936892,1611.007875,86.8,6.281447,3.4,4.3
1740041086.646000,46.502260,12.937029,1614.256050,117.5,6.432146,2.6,4.0
1740041088.654000,46.502273,12.937204,1611.176277,76.4,6.660573,2.7,4.2
1740041090.660000,46.502227,12.937344,1607.223238,116.9,6.747157,3.1,4.5
1740041093.649000,46.502238,12.937539,1602.239052,99.9,6.897845,3.0,4.4
1740041095.657000,46.502216,12.937707,1596.473147,102.0,6.374637,3.0,4.2
1740041097.650000,46.502234,12.937854,1596.072932,79.4,5.011414,3.4,4.2
1740041103.648000,46.502268,12.937998,1593.933478,83.2,1.614866,1.9,3.9
1740041106.648000,46.502221,12.938147,1590.803794,110.7,3.448931,2.4,4.2
1740041108.649000,46.502209,12.938312,1589.111554,87.0,5.792281,2.4,4.4
1740041110.656000,46.502193,12.938473,1586.614334,98.6,6.673975,3.4,4.5
1740041112.642000,46.502184,12.938636,1582.846141,95.8,6.464450,3.9,4.7
1740041114.655000,46.502196,12.938815,1584.428198,93.6,6.602340,3.1,5.4
1740041116.650000,46.502189,12.939043,1587.066487,95.7,7.521318,3.4,6.0
1740041118.648000,46.502173,12.939234,1584.692188,100.4,7.022915,3.1,6.6
1740041120.647000,46.502162,12.939388,1582.126805,97.4,6.427561,2.9,7.1
1740041122.647000,46.502128,12.939542,1580.968281,101.6,6.238492,2.8,7.2
1740041124.652000,46.502138,12.939730,1578.728070,103.5,5.814485,2.8,7.4
1740041126.655000,46.502139,12.939943,1577.678269,95.0,6.134812,2.5,6.7
1740041128.645000,46.502097,12.940099,1574.231105,130.1,6.052924,2.0,6.3
1740041130.652000,46.502049,12.940227,1572.430832,124.2,5.969400,2.1,5.7
1740041150.648000,46.502107,12.940127,1570.407369,332.4,0.957287,3.3,4.7
1740041165.650000,46.502044,12.940269,1565.437833,168.5,4.098112,3.0,3.1
1740041166.640000,46.501969,12.940372,1564.435426,144.0,0.506633,3.0,3.5
1740041168.646000,46.501860,12.940525,1562.328040,139.0,5.242659,3.1,3.8
1740041170.646000,46.501795,12.940707,1559.853729,113.7,7.583523,2.6,4.4
1740041172.650000,46.501725,12.940863,1558.785618,108.8,7.232303,2.7,4.1
1740041174.648000,46.501750,12.941023,1557.700494,56.5,7.607289,2.6,4.2
1740041176.652000,46.501804,12.941197,1557.148468,74.4,7.073289,2.3,4.0
1740041178.650000,46.501812,12.941366,1554.129263,86.1,6.614548,2.5,3.8
1740041180.647000,46.501809,12.941537,1550.245480,100.0,6.389351,2.6,3.8
1740041182.645000,46.501788,12.941714,1549.003289,104.6,6.720152,2.3,3.8
1740041184.648000,46.501742,12.941880,1546.826028,113.5,6.826586,2.1,3.8
1740041186.651000,46.501685,12.942024,1546.281798,119.6,6.445122,1.9,3.9
1740041197.650000,46.501777,12.942045,1540.595836,352.0,4.203395,2.2,3.8
1740041200.649000,46.501887,12.942050,1542.795687,15.9,4.776311,2.7,3.8
1740041203.652000,46.501978,12.942158,1541.255696,68.0,5.069089,2.6,3.8
1740041205.651000,46.502042,12.942267,1541.757600,32.3,5.014532,2.6,3.8
1740041208.652000,46.502163,12.942256,1539.714486,334.8,4.762598,2.6,3.8
1740041210.651000,46.502243,12.942198,1538.494792,353.4,4.876082,2.4,4.0
1740041212.656000,46.502384,12.942141,1536.573865,346.1,7.965363,2.3,4.1
1740041214.650000,46.502559,12.942085,1534.311935,343.3,10.262363,2.0,4.3
1740041215.652000,46.502650,12.942120,1531.778641,359.8,10.332811,2.0,4.4
1740041216.661000,46.502738,12.942170,1529.044169,10.8,10.975112,1.6,4.5
1740041218.647000,46.502906,12.942200,1524.818067,1.1,10.876567,1.5,4.7
1740041219.652000,46.503011,12.942203,1523.543342,2.0,10.862253,1.6,4.7
1740041221.653000,46.503194,12.942180,1519.806750,355.0,10.169256,1.7,4.7
1740041222.654000,46.503292,12.942177,1516.792108,0.9,10.390403,2.4,4.6
1740041224.645000,46.503462,12.942155,1512.851133,356.8,9.538051,2.3,4.6
1740041226.653000,46.503626,12.942173,1510.605033,0.9,9.179208,2.1,4.7
1740041229.651000,46.503734,12.942097,1510.005846,337.5,5.121500,2.8,4.7
1740041232.647000,46.503839,12.942034,1506.162717,349.7,4.484336,2.6,4.8
1740041234.645000,46.503924,12.941963,1508.391250,337.9,5.035230,2.6,4.7
1740041237.642000,46.504012,12.941913,1506.647985,1.0,4.287540,2.5,4.1
1740041241.647000,46.504120,12.941931,1503.970114,351.0,3.092652,2.3,3.8
1740041243.653000,46.504215,12.941948,1502.095424,12.7,5.886170,2.1,3.9
1740041245.653000,46.504313,12.942015,1500.248666,10.2,5.561591,1.9,4.0
1740041247.651000,46.504403,12.942034,1498.459061,13.0,4.939126,1.4,4.3
1740041249.661000,46.504495,12.942053,1497.692140,13.0,5.488396,1.7,4.3
1740041269.644000,46.504566,12.942016,1495.922970,-1.0,0.000000,2.3,4.3
1740041269.644000,46.504566,12.942016,1495.922970,-1.0,0.000000,2.3,4.3
1740041295.640000,46.504583,12.942021,1496.926336,312.4,0.214612,2.6,3.8
1740041405.007000,46.504666,12.941959,1499.911200,320.1,0.895242,2.2,4.9
1740041435.645000,46.504616,12.941850,1500.068929,239.6,0.141145,2.6,4.3
1740041513.650000,46.504600,12.941721,1496.293523,261.4,0.194874,2.6,4.4
1740041554.645000,46.504540,12.941599,1498.930042,263.3,0.911652,2.6,3.5
1740041558.703000,46.504526,12.941470,1506.070769,262.2,1.359898,3.9,3.2
1740041562.649000,46.504511,12.941329,1502.970538,259.1,2.407727,2.7,4.6
1740041566.649000,46.504490,12.941151,1511.397476,257.8,2.984708,3.4,8.7
1740041569.647000,46.504469,12.941013,1516.677903,256.5,3.023032,3.0,9.1
1740041572.645000,46.504448,12.940880,1522.489609,257.2,3.035271,3.3,11.1
1740041576.646000,46.504288,12.940509,1530.381950,253.2,2.906700,3.3,13.0
1740041577.651000,46.504228,12.940383,1532.772896,252.7,2.904583,3.5,13.3
1740041579.647000,46.504158,12.940215,1534.525613,249.5,3.525621,3.8,11.7
1740041581.647000,46.504106,12.940084,1538.328417,244.0,3.870205,2.6,10.3
1740041584.645000,46.504046,12.939926,1545.285101,244.5,3.694619,2.8,10.0
1740041587.646000,46.504000,12.939798,1556.009277,244.8,3.014279,3.3,10.2
1740041591.648000,46.503968,12.939661,1559.411321,251.3,2.405915,3.1,10.8
1740041596.644000,46.503932,12.939501,1576.250232,247.7,2.938753,3.2,11.1
1740041599.644000,46.503883,12.939372,1587.920113,244.0,3.280462,3.3,11.0
1740041602.643000,46.503840,12.939233,1596.601236,250.0,2.738757,3.4,8.2
1740041605.648000,46.503788,12.939075,1601.906889,243.0,4.268233,3.4,3.8
1740041608.649000,46.503730,12.938916,1601.922451,245.0,4.060964,3.7,3.8
1740041611.645000,46.503672,12.938757,1605.227259,245.0,4.050931,3.0,3.8
1740041614.656000,46.503623,12.938606,1607.664619,244.0,3.639836,3.2,3.8
1740041617.644000,46.503574,12.938461,1617.237268,245.0,3.491155,3.5,3.8
1740041619.645000,46.503535,12.938341,1611.396157,245.0,5.226401,2.6,3.8
1740041622.643000,46.503493,12.938212,1614.690957,248.9,4.130845,2.7,3.8
1740041625.650000,46.503442,12.938059,1619.573470,243.0,4.239563,3.2,3.8
1740041628.649000,46.503381,12.937886,1622.077274,239.1,5.211807,3.0,3.8
1740041631.647000,46.503328,12.937717,1616.582335,246.0,4.285027,3.8,3.8
1740041634.650000,46.503294,12.937594,1621.646467,246.9,4.152001,2.8,3.8
1740041637.645000,46.503244,12.937446,1621.627139,242.0,4.188684,3.3,3.8
1740041640.648000,46.503193,12.937286,1622.495270,247.0,4.021651,2.7,3.8
1740041643.651000,46.503137,12.937127,1621.298096,241.0,4.376308,2.8,3.8
1740041645.649000,46.503090,12.937003,1622.319383,241.0,5.021605,2.8,3.8
1740041648.651000,46.503046,12.936864,1622.882320,245.1,4.177242,3.0,3.8
1740041651.649000,46.503000,12.936739,1626.939273,248.8,3.944354,3.5,3.8
1740041654.647000,46.502958,12.936610,1631.500000,244.0,3.730523,2.6,3.8
1740041658.646000,46.502911,12.936461,1632.400024,243.7,3.876227,1.4,3.8
1740041661.647000,46.502862,12.936305,1632.400024,244.1,4.154148,2.2,3.8
1740041664.651000,46.502811,12.936150,1632.400024,244.1,4.209919,1.5,3.8
1740041667.644000,46.502762,12.936005,1632.400024,244.7,4.083419,1.6,3.9
1740041670.648000,46.502708,12.935839,1632.400024,244.1,4.820593,2.0,3.8
1740041673.644000,46.502663,12.935686,1632.400024,245.8,4.171113,1.8,3.8
1740041676.648000,46.502609,12.935543,1635.312644,243.9,4.033736,2.6,3.8
1740041679.649000,46.502547,12.935395,1640.280775,245.3,4.430133,2.9,3.8
1740041682.645000,46.502492,12.935248,1641.377483,243.2,4.084593,1.6,3.8
1740041685.649000,46.502443,12.935110,1643.113051,242.7,3.966215,1.5,7.5
1740041688.645000,46.502390,12.934979,1645.240950,241.0,4.097235,1.5,9.9
1740041691.648000,46.502338,12.934855,1647.743178,236.1,3.140440,1.8,10.0
1740041694.650000,46.502302,12.934728,1649.076360,241.2,3.750550,1.5,10.0
1740041697.642000,46.502254,12.934576,1657.192972,245.0,3.680346,2.6,9.9
1740041700.649000,46.502215,12.934429,1661.935261,243.1,3.261143,2.5,10.0
1740041703.649000,46.502171,12.934283,1668.249261,244.0,3.520984,2.9,10.0
1740041706.649000,46.502125,12.934151,1675.208553,235.3,3.243943,2.6,10.0
1740041710.646000,46.502066,12.934022,1685.477034,232.4,2.860557,2.5,10.9
1740041714.648000,46.502016,12.933892,1696.015260,243.0,3.439551,1.6,11.2
1740041718.643000,46.501970,12.933742,1706.491668,234.0,2.989771,1.3,11.1
1740041722.649000,46.501912,12.933635,1714.390646,218.4,2.952457,1.5,11.1
1740041727.652000,46.501821,12.933533,1731.354682,221.7,1.982636,3.6,11.0
1740041730.644000,46.501789,12.933285,1735.907476,246.0,5.055540,3.0,11.0
1740041732.645000,46.501762,12.933134,1738.452952,238.3,3.569772,2.9,10.9
1740041735.643000,46.501712,12.932982,1741.380068,250.0,3.843249,2.5,10.7
1740041738.649000,46.501658,12.932850,1745.737262,244.0,3.444999,3.6,10.7
1740041741.653000,46.501614,12.932731,1751.127257,238.1,3.478502,2.6,10.6
1740041744.644000,46.501572,12.932598,1756.245844,243.9,3.347041,1.5,10.6
1740041747.656000,46.501525,12.932458,1760.201632,242.1,3.882681,1.5,10.6
1740041750.642000,46.501477,12.932315,1764.283998,243.0,3.839644,1.4,10.7
1740041753.647000,46.501431,12.932156,1767.545795,246.0,4.023559,1.4,10.5
1740041756.652000,46.501390,12.931998,1769.879597,244.0,4.065791,3.3,10.1
1740041759.650000,46.501350,12.931856,1768.284637,245.0,3.820739,2.5,10.0
1740041762.648000,46.501319,12.931729,1769.053794,244.1,3.975227,3.2,10.0
1740041765.645000,46.501270,12.931566,1769.122585,246.9,4.490847,2.9,10.0
1740041768.644000,46.501224,12.931415,1769.816791,246.0,3.794826,2.9,10.0
1740041771.644000,46.501174,12.931283,1770.000158,241.0,3.909622,2.5,10.0
1740041774.648000,46.501118,12.931134,1772.193119,244.0,4.259103,2.4,10.1
1740041777.645000,46.501068,12.930989,1774.544127,244.0,4.141594,1.6,10.3
1740041780.644000,46.501015,12.930832,1776.041354,245.0,3.984114,1.5,10.4
1740041783.646000,46.500965,12.930690,1779.568759,244.0,4.338694,3.3,10.4
1740041786.649000,46.500916,12.930533,1780.172787,245.0,4.057424,2.8,10.2
1740041789.647000,46.500868,12.930382,1783.063984,242.0,4.468301,3.7,10.1
1740041791.643000,46.500836,12.930259,1784.428015,247.0,4.145338,3.4,10.2
1740041794.652000,46.500791,12.930098,1786.169548,242.1,3.576619,3.2,10.4
1740041797.650000,46.500744,12.929928,1788.979418,241.1,3.764202,3.3,10.4
1740041800.644000,46.500698,12.929785,1791.469677,240.0,3.757822,2.8,10.4
1740041803.649000,46.500649,12.929644,1793.569576,242.0,4.442069,2.8,10.3
1740041806.651000,46.500604,12.929494,1797.576296,244.0,4.192545,1.7,10.2
1740041809.642000,46.500554,12.929364,1799.805142,238.0,3.855895,2.0,10.1
1740041812.651000,46.500506,12.929228,1802.146908,240.2,3.783556,2.6,10.1
1740041815.643000,46.500458,12.929082,1806.771595,242.0,3.740252,3.6,10.0
1740041818.644000,46.500419,12.928897,1808.997990,246.0,3.954114,4.0,7.9
1740041821.644000,46.500380,12.928735,1812.759977,246.0,3.132141,3.8,4.8
1740041824.649000,46.500350,12.928590,1814.101569,250.9,3.955764,3.6,3.8
1740041827.654000,46.500314,12.928434,1814.834309,251.1,3.383607,3.6,3.9
1740041843.647000,46.500361,12.928323,1815.326778,321.0,1.055583,3.2,3.8
1740041849.645000,46.500357,12.928192,1814.994615,256.0,2.093602,4.3,3.8
1740041855.646000,46.500384,12.928061,1813.866851,292.0,1.624937,4.6,3.8
1740041906.649000,46.500445,12.927956,1813.007325,313.9,0.835722,2.6,7.3
1740041910.648000,46.500534,12.927810,1811.949486,313.8,3.871794,3.4,5.6
1740041911.646000,46.500611,12.927716,1810.986889,328.7,6.253514,3.5,3.4
1740041913.653000,46.500737,12.927623,1808.749067,334.2,6.765819,3.1,3.5
1740041915.651000,46.500833,12.927502,1807.436183,316.6,6.782633,3.8,3.8
1740041917.653000,46.500941,12.927416,1806.531038,351.5,6.855040,3.2,3.8
1740041919.646000,46.501061,12.927427,1804.410118,4.6,6.652679,2.8,3.8
1740041921.650000,46.501190,12.927394,1802.803695,346.7,7.616843,2.6,3.8
1740041923.653000,46.501327,12.927338,1800.864981,338.4,7.830678,2.5,3.8
1740041925.651000,46.501466,12.927292,1799.628407,345.7,7.778404,2.3,3.8
1740041927.651000,46.501619,12.927226,1797.183380,343.9,9.364876,2.1,3.8
1740041929.653000,46.501795,12.927223,1790.945686,9.7,10.029257,2.7,3.8
1740041931.649000,46.501968,12.927294,1792.113340,17.4,10.118830,1.7,3.8
1740041932.654000,46.502051,12.927348,1790.999044,28.1,10.240018,1.7,3.8
1740041934.649000,46.502186,12.927475,1788.769620,31.1,8.898157,1.7,3.8
1740041936.654000,46.502310,12.927547,1785.770766,31.8,7.837087,3.3,3.8
1740041938.643000,46.502425,12.927642,1781.424651,31.7,7.967810,3.6,3.8
1740041940.651000,46.502555,12.927762,1777.885417,31.9,8.386203,3.4,3.8
1740041942.652000,46.502627,12.927918,1772.082817,44.9,7.866468,2.8,3.8
1740041944.646000,46.502725,12.928086,1767.857381,44.8,8.390241,2.7,3.8
1740041946.648000,46.502787,12.928278,1762.338725,53.6,8.262926,3.2,3.8
1740041948.652000,46.502820,12.928461,1757.460535,51.2,7.461974,2.6,3.8
1740041950.649000,46.502861,12.928633,1754.876038,56.4,7.258141,2.5,3.8
1740041952.648000,46.502947,12.928787,1751.390938,58.0,8.775594,2.5,3.8
1740041954.654000,46.503034,12.928957,1745.904974,52.7,8.682619,2.6,3.8
1740041956.654000,46.503147,12.929124,1745.434491,44.3,9.238201,1.6,3.8
1740041958.650000,46.503265,12.929296,1738.586511,45.9,8.799605,3.0,3.8
1740041960.656000,46.503374,12.929489,1736.336372,48.2,9.573225,1.7,3.8
1740041962.656000,46.503397,12.929702,1732.940106,66.1,8.162070,1.9,3.8
1740041964.653000,46.503414,12.929900,1730.831347,91.8,7.429458,2.5,3.8
1740041966.649000,46.503428,12.930085,1728.133006,92.8,7.580919,2.6,3.8
1740041968.650000,46.503442,12.930275,1726.368488,70.3,7.465993,2.6,3.8
1740041970.654000,46.503420,12.930483,1721.875592,107.6,8.630728,2.8,3.8
1740041972.656000,46.503388,12.930693,1718.911258,94.4,7.971025,2.9,3.8
1740041974.652000,46.503348,12.930872,1713.912196,98.0,7.956811,2.8,4.0
1740041975.655000,46.503412,12.931003,1710.041840,65.3,8.313259,3.0,4.0
1740041977.655000,46.503471,12.931205,1706.688271,68.9,8.282376,2.6,4.0
1740041979.656000,46.503521,12.931351,1700.852783,60.4,6.943272,2.8,4.3
1740041981.655000,46.503505,12.931528,1698.500070,84.0,7.565561,2.8,4.4
1740041983.654000,46.503536,12.931742,1698.223132,72.7,8.159809,1.2,4.8
1740041985.657000,46.503638,12.931983,1691.539656,63.8,9.437245,2.7,5.5
1740041987.657000,46.503724,12.932176,1688.457670,58.2,8.881853,2.1,6.4
1740041988.650000,46.503784,12.932294,1687.901698,57.8,10.515139,1.6,6.7
1740041989.653000,46.503830,12.932410,1684.917052,59.9,10.399763,1.8,7.1
1740041990.649000,46.503884,12.932524,1683.298544,60.0,11.811147,2.0,7.0
1740041991.660000,46.503928,12.932674,1682.030196,71.9,10.824618,2.0,7.0
1740041993.653000,46.503990,12.932881,1679.740147,76.0,10.960770,1.7,5.8
1740041994.657000,46.504024,12.933019,1675.728616,78.9,11.226098,3.0,5.2
1740041995.656000,46.504035,12.933166,1674.748188,85.9,11.443970,3.3,5.0
1740041996.657000,46.504039,12.933304,1674.476561,91.9,10.605633,3.2,5.0
1740041997.653000,46.504034,12.933441,1674.883632,97.9,11.042596,3.1,5.0
1740041998.645000,46.504019,12.933581,1673.348336,101.9,11.005238,2.8,5.0
1740042000.646000,46.503941,12.933802,1676.314695,121.9,10.456789,1.9,5.2
1740042001.643000,46.503889,12.933911,1675.165823,123.9,10.124489,2.2,5.2
1740042003.649000,46.503766,12.934082,1672.987072,148.0,9.538376,1.7,5.1
1740042005.658000,46.503645,12.934204,1668.140518,153.7,8.564246,2.5,4.7
1740042007.653000,46.503518,12.934172,1663.489937,156.4,6.729726,2.5,4.3
1740042009.642000,46.503448,12.934282,1662.554756,136.0,6.525525,1.8,4.1
1740042011.656000,46.503350,12.934367,1659.366845,149.1,6.391627,1.2,4.0
1740042013.655000,46.503284,12.934491,1657.343516,121.2,6.725011,1.4,4.2
1740042015.650000,46.503197,12.934580,1655.494655,167.8,5.383203,1.7,4.3
1740042018.648000,46.503056,12.934633,1650.568730,170.6,7.364417,2.1,4.8
1740042020.659000,46.502957,12.934761,1647.674875,140.2,8.235391,2.0,5.5
1740042022.661000,46.502859,12.934914,1644.168506,131.9,7.213088,1.7,6.1
1740042024.655000,46.502750,12.934993,1644.191291,140.7,7.997468,2.5,6.0
1740042026.651000,46.502677,12.935107,1637.637348,125.0,8.492801,2.6,5.4
1740042028.661000,46.502592,12.935350,1636.284696,109.2,10.477709,1.8,4.9
1740042029.651000,46.502572,12.935482,1633.389191,103.1,10.142558,2.0,4.8
1740042030.650000,46.502545,12.935631,1631.930008,111.9,10.660063,2.1,4.7
1740042031.653000,46.502523,12.935762,1631.119803,107.1,10.343636,2.0,4.6
1740042032.658000,46.502488,12.935907,1630.233320,106.0,11.916055,1.7,4.6
1740042033.655000,46.502449,12.936047,1629.088106,116.7,11.752554,2.5,4.5
1740042034.656000,46.502402,12.936160,1627.297316,119.8,9.754293,1.5,4.6
1740042036.652000,46.502386,12.936340,1623.014360,92.0,8.296382,2.6,4.5
1740042038.649000,46.502354,12.936539,1622.743462,101.0,6.894016,1.8,4.4
1740042040.649000,46.502347,12.936689,1618.682240,110.3,6.208188,1.3,4.0
1740042044.661000,46.502309,12.936860,1616.271090,126.9,5.537687,1.6,3.8
1740042046.657000,46.502292,12.937004,1613.512653,93.4,5.051894,1.7,3.8
1740042048.650000,46.502278,12.937137,1611.042493,95.3,5.069041,1.7,3.9
1740042050.648000,46.502256,12.937301,1607.520056,107.1,6.349688,1.9,4.1
1740042053.650000,46.502233,12.937506,1609.039590,97.4,5.739732,2.5,4.2
1740042055.649000,46.502222,12.937690,1602.190412,93.4,6.941238,2.7,4.3
1740042057.659000,46.502204,12.937864,1602.715950,95.8,6.735931,2.7,4.3
1740042059.652000,46.502192,12.938023,1598.222959,92.7,7.572681,1.9,4.0
1740042061.652000,46.502198,12.938235,1596.164394,87.6,7.666779,2.0,3.9
1740042063.656000,46.502206,12.938467,1593.276183,97.4,8.755214,1.7,3.9
1740042065.652000,46.502180,12.938712,1589.812856,94.0,9.702103,2.7,3.9
1740042067.654000,46.502136,12.938923,1588.901400,109.7,8.895147,1.9,3.9
1740042069.650000,46.502126,12.939152,1586.691754,90.5,8.385337,1.5,3.8
1740042071.645000,46.502119,12.939376,1582.966775,100.4,8.689583,1.4,3.9
1740042073.660000,46.502115,12.939592,1581.019371,94.0,8.662724,1.6,4.1
1740042075.653000,46.502076,12.939790,1578.378053,104.4,8.280234,1.4,4.4
1740042077.651000,46.502041,12.939969,1574.646315,106.7,7.463148,1.7,4.7
1740042079.642000,46.501981,12.940149,1572.363090,114.3,7.540200,1.9,5.2
1740042081.652000,46.501877,12.940319,1574.327102,127.6,8.747666,2.5,6.0
1740042082.652000,46.501817,12.940418,1573.279616,128.4,9.183966,2.5,6.5
1740042084.657000,46.501717,12.940619,1570.262409,126.5,9.501437,2.5,7.0
1740042086.655000,46.501673,12.940780,1566.310514,117.7,7.875470,2.5,7.3
1740042088.651000,46.501658,12.940978,1562.039599,109.4,7.430688,2.0,8.2
1740042089.656000,46.501738,12.941128,1560.373267,73.4,8.435739,2.1,8.0
1740042091.658000,46.501809,12.941319,1557.077271,67.7,8.946627,1.7,6.8
1740042093.656000,46.501902,12.941522,1551.836894,57.7,8.899882,1.5,4.6
1740042095.646000,46.501958,12.941742,1548.928901,63.8,9.288329,1.5,4.4
1740042097.651000,46.502075,12.941888,1545.670877,47.7,8.159534,1.6,4.3
1740042099.656000,46.502197,12.941986,1541.603127,30.6,7.327035,1.6,4.8
1740042101.656000,46.502352,12.942035,1538.541906,18.4,7.591538,1.5,5.3
1740042103.649000,46.502485,12.942102,1536.005202,19.1,7.801861,1.4,5.7
1740042105.652000,46.502649,12.942148,1530.309429,14.1,9.546440,1.7,5.8
1740042107.652000,46.502841,12.942158,1525.965222,3.7,10.126353,1.7,5.5
1740042108.659000,46.502945,12.942194,1523.917534,10.4,11.066239,2.0,5.4
1740042109.654000,46.503038,12.942213,1522.730124,7.4,10.773795,1.9,5.3
1740042110.655000,46.503132,12.942246,1526.265097,9.3,10.884424,2.5,5.1
1740042111.647000,46.503228,12.942267,1524.821904,7.9,10.840471,2.5,5.2
1740042112.654000,46.503328,12.942285,1522.832853,7.5,10.833914,2.5,5.7
1740042113.647000,46.503421,12.942320,1521.392687,12.3,10.877879,2.5,6.0
1740042115.655000,46.503585,12.942361,1515.617857,9.7,10.067427,2.0,6.9
1740042117.656000,46.503780,12.942387,1513.423421,7.6,10.293559,1.9,6.5
1740042119.645000,46.503938,12.942416,1511.984450,8.0,10.426543,2.3,6.0
1740042121.653000,46.504079,12.942393,1507.878624,358.3,10.684467,1.5,5.4
1740042122.650000,46.504177,12.942398,1506.779496,0.5,10.797149,1.5,5.3
1740042123.650000,46.504274,12.942412,1505.507352,359.6,10.849222,1.5,5.2
1740042124.651000,46.504371,12.942411,1504.674655,4.4,11.100976,1.4,5.2
1740042125.654000,46.504470,12.942433,1503.176412,11.3,10.980821,1.9,5.1
1740042127.654000,46.504597,12.942571,1499.209235,35.9,8.896131,1.7,5.0
1740042129.654000,46.504720,12.942673,1497.622685,18.1,7.270689,1.5,4.8
1740042131.649000,46.504857,12.942719,1496.713564,11.2,7.355163,1.4,4.8
1740042133.651000,46.504988,12.942770,1495.065629,17.9,7.481075,1.7,4.8
1740042135.647000,46.505118,12.942854,1500.124405,28.0,8.251073,4.9,5.0
1740042137.652000,46.505262,12.942998,1498.608758,34.1,9.454898,4.9,5.2
1740042139.657000,46.505408,12.943128,1493.719145,32.3,9.397560,2.5,5.4
1740042140.653000,46.505493,12.943184,1491.599262,21.7,9.349789,2.5,5.5
1740042142.646000,46.505598,12.943315,1489.379778,24.9,9.336167,2.5,5.4
1740042144.643000,46.505726,12.943437,1483.288422,27.2,8.739634,1.9,5.1
1740042146.653000,46.505845,12.943565,1480.229236,30.0,8.409072,1.8,5.1
1740042148.653000,46.505956,12.943684,1476.465014,36.0,7.803807,2.3,5.0
1740042150.652000,46.505993,12.943860,1472.932074,73.9,7.050556,1.6,4.8
1740042152.664000,46.505993,12.944043,1468.991669,93.6,7.290747,1.5,4.9
1740042154.651000,46.506021,12.944221,1464.815453,77.9,6.528688,1.7,5.2
1740042156.661000,46.506029,12.944450,1461.139886,87.9,9.700678,1.3,5.9
1740042157.652000,46.506032,12.944617,1459.607325,91.0,11.490445,1.6,5.9
1740042158.650000,46.506050,12.944800,1457.598801,81.1,12.518133,2.0,6.0
1740042159.648000,46.506068,12.944944,1456.007530,73.3,11.522183,1.5,6.0
1740042160.651000,46.506085,12.945089,1452.659217,77.9,11.564153,1.6,6.4
1740042161.649000,46.506106,12.945245,1450.539820,76.3,11.865805,1.4,6.7
1740042163.653000,46.506160,12.945470,1448.003045,67.1,12.136220,2.7,6.9
1740042165.652000,46.506295,12.945677,1449.227864,51.4,12.193457,7.9,6.9
1740042166.650000,46.506370,12.945798,1447.937892,52.9,12.028031,6.6,7.0
1740042167.650000,46.506448,12.945922,1443.758146,50.1,12.566209,4.3,6.8
1740042169.648000,46.506596,12.946085,1438.938215,41.9,11.268561,2.5,6.8
1740042170.652000,46.506675,12.946176,1437.184343,36.2,10.440145,2.5,6.6
1740042171.650000,46.506767,12.946250,1434.907270,27.2,9.797355,2.5,6.2
1740042172.649000,46.506856,12.946318,1431.137744,31.9,11.153552,2.6,6.3
1740042173.662000,46.506925,12.946412,1429.866849,37.6,10.578382,2.5,6.3
1740042175.654000,46.507036,12.946558,1423.403062,31.4,8.761271,1.7,6.5
1740042177.647000,46.507131,12.946650,1416.953369,23.3,7.940857,2.1,7.4
1740042179.643000,46.507246,12.946811,1412.457741,22.4,9.723736,1.8,8.5
1740042180.643000,46.507338,12.946831,1408.696277,359.2,10.435308,1.5,8.9
1740042181.649000,46.507432,12.946840,1406.061267,5.5,11.145949,1.5,9.6
1740042182.647000,46.507534,12.946863,1403.979116,9.6,11.516778,1.3,9.4
1740042183.655000,46.507650,12.946893,1401.597460,13.1,12.157703,1.7,8.7
1740042184.653000,46.507760,12.946934,1400.590576,15.3,12.441029,1.8,8.1
1740042185.652000,46.507872,12.946977,1399.352777,16.2,12.301088,1.6,7.6
1740042186.650000,46.507971,12.946989,1396.230809,13.2,11.572391,1.6,7.6
1740042187.660000,46.508075,12.946981,1394.467705,10.8,11.107737,2.0,7.1
1740042188.653000,46.508174,12.946985,1393.506601,7.5,11.063654,1.4,7.4
1740042190.655000,46.508292,12.946900,1392.516613,356.2,9.266226,1.4,8.5
1740042191.655000,46.508353,12.946804,1392.074508,342.3,9.333008,1.4,9.1
1740042192.658000,46.508419,12.946683,1391.595260,329.9,10.197475,2.4,9.2
1740042193.660000,46.508478,12.946549,1394.002749,326.2,10.840808,4.6,9.4
1740042194.659000,46.508553,12.946430,1391.621172,320.7,11.335944,4.0,9.2
1740042195.654000,46.508622,12.946313,1391.378315,318.0,11.747184,4.8,8.8
1740042196.648000,46.508711,12.946203,1391.182972,319.1,12.041518,5.2,8.7
1740042197.653000,46.508810,12.946097,1388.481843,320.5,12.480943,2.5,8.4
1740042198.653000,46.508884,12.946005,1386.996431,321.3,12.387836,2.5,8.5
1740042199.650000,46.508976,12.945997,1384.657216,328.6,11.710001,2.5,8.6
1740042200.659000,46.509091,12.946008,1383.407644,342.9,11.335271,2.5,8.9
1740042201.651000,46.509188,12.946072,1382.024401,6.1,11.008217,2.6,8.7
1740042202.650000,46.509283,12.946137,1380.945215,15.5,11.110620,2.5,8.4
1740042203.650000,46.509379,12.946190,1377.537244,17.8,11.125793,1.9,8.2
1740042204.655000,46.509477,12.946246,1376.926047,18.5,11.090376,1.9,7.6
1740042205.653000,46.509562,12.946306,1376.080449,19.3,10.581895,1.8,7.6
1740042206.655000,46.509642,12.946368,1375.713426,21.0,10.097071,2.0,7.4
1740042208.656000,46.509786,12.946476,1375.212035,25.2,9.482186,2.3,8.1
1740042210.654000,46.509882,12.946596,1373.830279,34.0,8.583515,1.5,8.5
1740042212.652000,46.510004,12.946742,1372.810808,36.6,8.709841,1.3,8.5
1740042214.646000,46.510097,12.946894,1371.657121,42.5,8.256441,1.8,7.5
1740042216.650000,46.510211,12.947069,1368.680203,49.2,9.539298,1.6,5.9
1740042218.647000,46.510288,12.947269,1366.799385,52.8,9.378058,1.4,5.3
1740042220.652000,46.510372,12.947489,1365.608353,58.0,9.379042,1.4,5.0
1740042222.657000,46.510426,12.947721,1366.149509,62.8,9.379401,2.6,5.2
1740042224.651000,46.510478,12.947906,1372.549694,69.6,9.480833,8.0,5.5
1740042226.651000,46.510531,12.948118,1367.899096,64.1,7.854349,4.5,5.6
1740042228.648000,46.510589,12.948279,1365.636583,61.1,7.405282,2.5,5.5
1740042231.647000,46.510665,12.948445,1364.977050,63.8,5.986959,2.6,5.3
1740042234.652000,46.510726,12.948625,1361.535085,63.5,5.654623,1.7,5.4
1740042236.648000,46.510781,12.948763,1361.048958,56.0,5.524339,2.1,5.4
1740042238.646000,46.510847,12.948884,1360.131529,48.8,5.098003,1.8,5.2
1740042241.650000,46.510922,12.948980,1358.832997,50.9,3.728757,1.5,4.8
1740042244.652000,46.510938,12.949123,1356.385549,100.8,3.273347,1.3,4.4
1740042248.650000,46.510927,12.949289,1354.926549,77.1,3.393606,1.4,3.9
1740042251.650000,46.510972,12.949443,1362.886752,78.1,1.331140,11.2,3.9
1740042276.656000,46.511033,12.949560,1351.999467,54.9,2.070977,2.5,3.8
1740042280.650000,46.511120,12.949680,1360.233885,58.6,4.453642,6.2,3.8
1740042284.645000,46.511162,12.949822,1353.510105,61.9,2.568936,2.7,3.8
1740042293.646000,46.511199,12.949941,1348.881884,70.1,1.158734,2.2,3.8
1740042349.644000,46.511248,12.950062,1346.552321,63.0,0.740121,1.7,3.8
1740042366.650000,46.511284,12.950192,1354.963524,64.4,1.608683,4.8,3.8
1740042370.653000,46.511329,12.950345,1349.173067,67.3,3.550345,4.4,3.8
1740042373.651000,46.511369,12.950534,1353.311445,71.3,5.134551,4.3,3.8
1740042375.648000,46.511391,12.950678,1351.961940,76.0,5.781300,3.8,3.8
1740042377.656000,46.511410,12.950832,1351.082613,78.3,5.656357,5.4,3.8
1740042380.659000,46.511424,12.951006,1350.908277,84.0,4.166969,6.0,3.8
1740042384.650000,46.511424,12.951172,1351.234445,91.1,2.461562,6.9,3.8
1740042404.647000,46.511417,12.951283,1351.235450,92.0,0.000000,3.9,3.8
1740042404.647000,46.511417,12.951283,1351.235450,92.0,0.000000,3.9,3.8
1740042411.649000,46.511408,12.951311,1350.360517,118.3,0.981898,6.7,3.8
1740042907.647000,46.511479,12.951393,1363.099976,31.6,0.179810,1.8,3.8
1740043204.653000,46.511390,12.951349,1363.099976,200.0,0.601819,1.8,3.8
1740043216.651000,46.511301,12.951308,1363.400024,215.6,0.537664,2.0,3.8
1740043223.653000,46.511218,12.951245,1363.099976,219.9,1.689594,1.9,4.1
1740043228.651000,46.511146,12.951162,1363.099976,212.2,1.906387,2.1,4.7
1740043235.651000,46.511069,12.951067,1363.099976,225.1,1.191721,2.2,5.2
1740043241.651000,46.510998,12.950973,1363.199951,218.3,1.288040,1.7,3.0
1740043248.583000,46.510934,12.950871,1363.099976,207.8,1.170092,2.1,4.4
1740043257.130000,46.510848,12.950814,1363.400024,216.2,1.183190,2.1,5.8
1740043296.645000,46.510764,12.950763,1363.400024,172.9,0.131774,2.3,3.0
1740043335.648000,46.510684,12.950699,1363.400024,184.5,0.526092,2.3,3.1
1740043347.653000,46.510504,12.950544,1363.199951,307.6,0.378574,2.8,4.7
1740043351.648000,46.510317,12.950404,1358.009777,206.3,3.156839,2.2,4.0
1740043353.649000,46.510234,12.950335,1355.662935,-1.0,0.067477,2.2,3.5
1740043358.650000,46.510072,12.950213,1349.498592,207.5,2.958214,1.6,3.2
1740043360.648000,46.509951,12.950130,1347.511112,205.0,4.294099,1.9,3.5
1740043363.650000,46.509841,12.950038,1344.149629,205.0,4.609726,2.3,3.8
1740043366.649000,46.509741,12.949968,1340.933076,206.0,4.155533,2.2,3.8
1740043369.653000,46.509638,12.949896,1338.441412,206.0,4.309579,2.5,3.9
1740043372.650000,46.509528,12.949818,1337.038304,206.0,4.532418,2.5,4.2
1740043375.650000,46.509412,12.949742,1337.219018,206.0,4.326918,2.4,4.7
1740043378.649000,46.509310,12.949671,1337.728358,206.0,4.391875,2.9,4.8
1740043381.649000,46.509198,12.949602,1338.755925,204.0,4.263521,2.8,4.4
1740043384.646000,46.509087,12.949532,1339.591059,208.0,4.170099,2.2,4.2
1740043387.645000,46.508987,12.949465,1345.498909,206.0,3.484539,2.2,4.1
1740043390.654000,46.508875,12.949392,1350.706764,203.0,3.793299,2.0,4.3
1740043393.643000,46.508779,12.949316,1356.524664,209.0,3.115051,1.8,4.2
1740043396.648000,46.508676,12.949235,1363.400024,196.0,3.839258,2.2,4.1
1740043399.649000,46.508574,12.949179,1368.026934,202.0,3.930725,2.5,4.1
1740043402.649000,46.508478,12.949094,1374.815334,207.0,3.819130,2.5,3.8
1740043405.648000,46.508383,12.949016,1380.721655,206.4,3.678514,2.4,5.0
1740043408.646000,46.508295,12.948953,1387.177444,204.8,2.806977,2.4,7.9
1740043413.649000,46.508203,12.948885,1396.201892,204.0,1.819810,2.9,10.4
1740043418.650000,46.508100,12.948816,1400.842809,204.3,2.984571,2.3,9.9
1740043421.651000,46.508008,12.948757,1401.837826,206.5,3.687684,2.0,9.9
1740043424.649000,46.507915,12.948694,1403.751614,204.6,4.234334,1.7,10.1
1740043427.645000,46.507807,12.948620,1406.132752,205.5,4.286801,2.2,10.1
1740043430.645000,46.507700,12.948544,1408.758751,206.5,4.487412,2.5,10.5
1740043433.648000,46.507591,12.948457,1411.645856,206.0,4.088103,2.5,10.4
1740043436.649000,46.507480,12.948384,1415.205306,205.0,4.590085,2.4,9.9
1740043439.650000,46.507369,12.948310,1418.667805,204.2,4.363609,2.5,9.9
1740043442.652000,46.507265,12.948243,1422.704081,205.5,4.081829,3.0,9.9
1740043445.645000,46.507169,12.948171,1426.626548,206.6,4.055844,2.8,9.9
1740043448.650000,46.507065,12.948097,1430.905504,205.6,3.838761,2.1,9.9
1740043451.645000,46.506962,12.948029,1435.819745,205.8,4.447205,2.3,9.9
1740043454.652000,46.506848,12.947954,1438.766152,205.0,4.533364,2.0,9.9
1740043457.647000,46.506743,12.947883,1442.656064,203.8,3.906194,1.6,9.9
1740043460.652000,46.506634,12.947807,1447.090275,204.5,4.861789,2.2,9.9
1740043463.647000,46.506531,12.947733,1449.640145,203.2,3.652430,2.4,9.9
1740043466.650000,46.506434,12.947663,1452.450040,206.6,3.856482,2.5,9.9
1740043469.641000,46.506327,12.947596,1455.603963,201.2,3.922221,2.4,9.9
1740043472.643000,46.506212,12.947523,1459.051767,207.9,3.786600,2.5,9.9
1740043475.642000,46.506100,12.947449,1462.524940,203.0,4.427274,3.0,9.9
1740043478.643000,46.506002,12.947379,1465.996333,202.0,2.949147,2.9,9.9
1740043482.644000,46.505916,12.947319,1470.785376,199.9,1.888219,2.1,10.0
1740043487.644000,46.505814,12.947257,1474.488610,204.0,2.949809,2.1,10.0
1740043491.646000,46.505714,12.947186,1478.189066,207.0,3.963630,1.9,9.9
1740043494.646000,46.505616,12.947119,1481.144008,205.0,3.989808,2.3,9.9
1740043497.649000,46.505511,12.947046,1485.466765,205.0,4.754100,2.3,9.9
1740043500.651000,46.505399,12.946972,1489.522916,204.0,3.810339,2.5,9.9
1740043503.646000,46.505303,12.946904,1493.964962,206.0,3.960669,2.6,9.9
1740043506.646000,46.505206,12.946836,1498.927451,205.1,4.131501,2.9,9.9
1740043509.648000,46.505108,12.946766,1504.050089,206.5,4.082850,2.9,9.9
1740043512.645000,46.505014,12.946694,1508.426692,207.1,4.252128,2.3,9.9
1740043515.650000,46.504901,12.946613,1509.814306,205.3,4.831617,2.3,9.9
1740043518.649000,46.504813,12.946545,1510.686074,207.1,2.971068,2.1,9.9
1740043522.651000,46.504722,12.946469,1511.818014,207.4,3.116096,1.7,9.9
1740043525.660000,46.504630,12.946402,1512.770097,206.2,3.568001,2.0,10.0
1740043528.643000,46.504537,12.946339,1514.115486,204.2,3.821324,2.4,9.9
1740043531.647000,46.504435,12.946265,1515.299993,206.0,4.137718,2.2,9.9
1740043534.651000,46.504330,12.946188,1517.332310,205.1,4.270774,2.5,9.9
1740043537.651000,46.504212,12.946113,1517.135729,205.5,4.411934,2.6,9.9
1740043540.651000,46.504096,12.946035,1517.059348,205.0,4.768013,2.9,9.9
1740043543.645000,46.503980,12.945959,1516.997885,204.0,4.444217,2.9,9.9
1740043546.650000,46.503868,12.945891,1517.193847,204.6,4.498783,2.3,9.9
1740043549.651000,46.503759,12.945819,1517.668661,205.6,4.361307,2.3,9.9
1740043552.649000,46.503659,12.945745,1518.134131,206.9,4.407033,2.1,9.9
1740043555.647000,46.503553,12.945664,1519.435405,206.7,4.564099,1.7,9.9
1740043558.645000,46.503447,12.945587,1519.870988,205.3,4.287151,2.0,9.9
1740043561.642000,46.503336,12.945516,1520.081868,204.9,3.871529,2.5,10.2
1740043564.651000,46.503223,12.945443,1520.441317,205.0,4.189569,2.3,10.7
1740043567.651000,46.503115,12.945378,1520.745739,201.0,4.088167,2.5,10.6
1740043570.650000,46.503012,12.945309,1521.204561,201.0,3.122741,2.6,10.5
1740043573.654000,46.502910,12.945244,1522.800789,204.8,2.939914,3.0,10.5
1740043576.650000,46.502815,12.945181,1526.725517,202.1,3.232299,3.0,10.7
1740043579.648000,46.502727,12.945138,1532.251688,200.1,4.442448,2.3,11.1
1740043582.647000,46.502625,12.945080,1539.537177,201.0,3.200977,2.4,11.1
1740043585.652000,46.502522,12.945026,1547.063252,195.0,3.304874,2.1,10.9
1740043588.651000,46.502423,12.944968,1554.227873,203.0,3.492780,2.1,10.7
1740043591.646000,46.502333,12.944910,1561.886132,199.0,3.277782,1.9,10.5
1740043594.650000,46.502249,12.944852,1569.692888,201.1,3.918195,2.3,10.5
1740043597.650000,46.502156,12.944776,1576.690638,206.0,3.899226,2.3,10.4
1740043600.648000,46.502076,12.944702,1583.998451,206.0,3.173441,2.5,10.4
1740043604.650000,46.501967,12.944607,1594.727304,203.1,4.358790,2.6,10.4
1740043607.650000,46.501868,12.944528,1596.109862,205.0,3.450561,3.1,10.3
1740043610.651000,46.501780,12.944451,1595.946791,210.6,2.600216,3.0,9.9
1740043616.649000,46.501702,12.944366,1596.913185,215.0,1.380587,2.4,11.0
1740043623.652000,46.501608,12.944312,1596.095599,206.2,1.453784,1.8,10.4
1740043698.648000,46.501503,12.944274,1594.830688,243.7,1.810462,2.4,3.0
1740043702.288000,46.501432,12.944178,1592.812821,192.5,2.540106,2.8,3.0
1740043703.652000,46.501286,12.944159,1590.664836,204.4,4.378008,3.0,3.2
1740043707.646000,46.501239,12.944036,1587.402325,264.3,1.957393,3.0,3.8
1740043727.651000,46.501232,12.943960,1586.786084,205.7,0.000000,2.4,4.3
1740043727.651000,46.501232,12.943960,1586.786084,205.7,0.000000,2.4,4.3
1740043731.651000,46.501162,12.943938,1586.110342,201.0,1.811190,2.8,3.8
1740043737.648000,46.501078,12.943884,1585.555582,221.1,1.849265,3.0,3.8
1740043742.653000,46.500987,12.943781,1583.975050,230.5,3.524034,2.3,3.8
1740043750.650000,46.500920,12.943681,1581.918843,217.6,0.821262,2.3,3.9
1740043769.648000,46.500959,12.943545,1580.918911,279.5,1.571370,2.2,10.3
1740043773.650000,46.500975,12.943416,1580.788825,269.4,3.174904,2.3,10.2
1740043776.650000,46.500962,12.943257,1579.839033,262.1,3.971071,2.1,10.2
1740043779.650000,46.500960,12.943086,1578.018276,279.2,4.180677,1.9,10.2
1740043782.650000,46.501048,12.942976,1576.722734,321.0,3.661551,2.5,9.1
1740043792.654000,46.501154,12.942948,1574.810043,357.1,2.183559,2.8,3.8
1740043796.650000,46.501234,12.942841,1573.940911,303.3,3.353986,3.0,3.8
1740043799.645000,46.501263,12.942692,1573.928777,289.1,2.460593,3.2,3.8
1740043807.654000,46.501263,12.942556,1573.763046,273.0,1.707971,2.2,3.8
1740043812.653000,46.501242,12.942413,1574.135227,250.0,2.174301,2.5,3.8
1740043818.650000,46.501221,12.942283,1573.430784,249.1,1.176335,2.3,3.8
1740043846.649000,46.501215,12.942152,1573.143755,287.9,0.353825,2.3,3.8
1740044011.651000,46.501144,12.942071,1572.953096,219.2,0.636056,2.6,3.8
1740044019.645000,46.501070,12.941994,1571.342088,219.2,4.298566,2.4,5.2
1740044022.652000,46.500988,12.941883,1572.537398,218.5,3.751153,2.6,5.5
1740044025.651000,46.500899,12.941775,1578.646029,214.7,3.495603,2.8,5.0
1740044028.651000,46.500796,12.941663,1584.993161,220.1,4.398666,2.7,4.6
1740044031.649000,46.500711,12.941574,1591.044530,212.3,3.693827,3.7,4.3
1740044034.650000,46.500624,12.941474,1595.929500,215.7,4.053436,3.5,3.8
1740044037.649000,46.500545,12.941369,1602.697092,217.7,3.632131,2.7,3.8
1740044040.648000,46.500469,12.941274,1608.596868,217.2,3.510042,2.7,3.8
1740044043.647000,46.500386,12.941181,1615.433037,214.1,3.885780,2.5,3.8
1740044046.650000,46.500303,12.941095,1621.512079,214.4,3.584126,2.4,3.8
1740044049.650000,46.500225,12.941001,1627.954197,214.7,3.423790,2.5,3.8
1740044052.648000,46.500140,12.940920,1634.821257,213.4,3.706786,2.7,3.8
1740044055.645000,46.500053,12.940760,1641.552089,211.1,4.596657,2.6,3.8
1740044058.652000,46.499960,12.940651,1646.839413,211.7,3.848441,2.9,3.8
1740044061.651000,46.499889,12.940548,1653.688599,215.1,3.624808,3.6,3.8
1740044064.647000,46.499817,12.940444,1659.249263,221.0,3.781921,3.1,3.8
1740044068.651000,46.499724,12.940333,1666.678149,219.1,3.785173,2.7,3.8
1740044071.651000,46.499644,12.940224,1672.230260,221.0,3.993130,2.5,3.8
1740044074.646000,46.499568,12.940129,1679.151500,220.0,3.874709,2.4,3.8
1740044077.652000,46.499491,12.940029,1684.905904,225.8,4.870297,2.2,3.8
1740044080.654000,46.499408,12.939919,1690.275380,217.2,4.383926,2.7,3.8
1740044083.650000,46.499323,12.939823,1694.764364,220.0,4.570206,2.7,3.8
1740044086.649000,46.499238,12.939705,1699.358009,222.0,3.969121,2.8,4.8
1740044089.647000,46.499152,12.939606,1704.578968,217.4,4.173812,3.8,8.7
1740044092.649000,46.499072,12.939504,1709.942642,220.3,4.017020,3.2,9.9
1740044095.653000,46.498993,12.939403,1715.205200,220.6,3.999811,2.8,9.9
1740044098.649000,46.498910,12.939305,1719.984844,218.1,4.028705,2.8,9.9
1740044101.650000,46.498829,12.939220,1725.685846,218.0,4.086520,2.2,8.9
1740044104.645000,46.498750,12.939134,1731.868890,219.0,4.190637,2.4,5.0
1740044107.651000,46.498670,12.939046,1737.039420,218.1,3.671128,2.6,3.8
1740044110.644000,46.498594,12.938957,1743.474478,219.4,3.985118,2.8,3.8
1740044113.643000,46.498510,12.938860,1748.992841,219.0,4.331765,2.7,3.8
1740044116.648000,46.498427,12.938766,1753.314953,219.0,4.410412,3.1,3.8
1740044119.647000,46.498343,12.938669,1757.470571,219.0,4.049934,3.8,3.8
1740044122.647000,46.498263,12.938576,1762.260266,217.0,3.710373,3.3,3.8
1740044125.646000,46.498182,12.938490,1766.059144,219.0,3.780118,2.9,3.8
1740044128.651000,46.498105,12.938406,1770.740873,219.0,3.695933,2.6,3.8
1740044131.650000,46.498029,12.938315,1775.921725,218.0,4.197182,2.4,3.8
1740044134.647000,46.497945,12.938221,1780.544672,219.0,4.258536,2.2,3.8
1740044137.648000,46.497860,12.938119,1783.692966,219.0,4.289297,2.8,3.8
1740044140.646000,46.497774,12.938014,1786.554930,220.0,4.239536,2.8,3.8
1740044143.650000,46.497685,12.937908,1789.570366,217.0,4.339023,2.8,3.8
1740044146.654000,46.497601,12.937801,1793.571907,220.0,4.178199,3.8,3.8
1740044149.648000,46.497514,12.937697,1796.045109,219.4,3.400477,3.3,3.8
1740044152.652000,46.497432,12.937595,1799.812027,219.4,3.749045,2.9,3.8
1740044155.646000,46.497348,12.937498,1802.368357,219.2,3.988883,2.9,3.8
1740044158.648000,46.497253,12.937384,1803.791222,218.0,4.217345,2.4,3.8
1740044161.651000,46.497164,12.937281,1804.815262,218.9,4.133968,2.3,3.8
1740044164.647000,46.497069,12.937171,1806.604711,218.7,3.996400,2.7,3.8
1740044167.650000,46.496972,12.937074,1807.764378,216.1,4.471835,2.8,3.8
1740044170.644000,46.496888,12.936974,1810.095519,219.2,4.156056,2.8,4.8
1740044173.645000,46.496801,12.936874,1812.165023,220.1,4.272511,3.1,7.9
1740044176.645000,46.496714,12.936767,1814.202568,220.8,4.159943,3.4,9.9
1740044179.646000,46.496632,12.936667,1816.008188,219.5,3.973473,3.0,9.9
1740044182.651000,46.496545,12.936566,1818.710275,218.4,4.042157,3.2,9.9
1740044185.645000,46.496466,12.936470,1821.252273,220.0,4.394604,2.7,9.9
1740044188.650000,46.496374,12.936363,1821.805569,218.8,4.270345,2.1,9.9
1740044191.651000,46.496285,12.936261,1821.928289,218.9,4.115661,2.7,9.9
1740044194.645000,46.496201,12.936162,1822.639264,219.0,4.000377,2.9,9.9
1740044197.655000,46.496113,12.936062,1823.235489,217.9,4.311991,2.8,9.9
1740044200.646000,46.496024,12.935958,1823.211797,218.8,4.407349,2.9,9.9
1740044203.651000,46.495935,12.935845,1822.142423,219.1,4.134676,3.8,9.9
1740044206.651000,46.495842,12.935735,1821.589371,217.9,4.384797,3.6,9.9
1740044209.646000,46.495751,12.935628,1821.143705,218.8,4.228450,3.2,9.9
1740044212.650000,46.495663,12.935521,1820.937025,219.0,4.610377,2.7,9.9
1740044215.644000,46.495576,12.935417,1820.931117,218.0,4.035113,2.2,9.9
1740044218.652000,46.495487,12.935311,1820.583703,219.0,4.244683,3.0,9.9
1740044221.651000,46.495396,12.935202,1820.697318,218.2,4.379580,2.9,9.9
1740044224.646000,46.495308,12.935093,1821.485728,219.8,4.218448,2.7,9.9
1740044227.647000,46.495212,12.934976,1822.004836,219.2,4.450547,2.9,9.9
1740044230.645000,46.495121,12.934868,1822.778604,218.4,4.177014,4.0,9.9
1740044233.646000,46.495029,12.934759,1823.695507,219.0,4.015183,3.5,9.9
1740044236.649000,46.494941,12.934655,1824.613058,217.9,4.460058,3.3,9.9
1740044239.647000,46.494854,12.934559,1825.136086,219.0,4.401841,3.0,9.9
1740044242.648000,46.494763,12.934461,1825.928003,217.0,4.218796,2.2,9.9
1740044245.648000,46.494671,12.934359,1826.731261,215.0,4.008909,2.7,9.9
1740044248.649000,46.494574,12.934260,1827.449308,214.0,4.163810,2.9,9.9
1740044251.651000,46.494478,12.934153,1828.874796,219.0,4.339612,2.7,9.9
1740044254.653000,46.494391,12.934051,1830.085127,217.0,4.594896,2.9,9.9
1740044257.651000,46.494296,12.933950,1832.511873,212.1,4.463414,3.9,9.9
1740044260.652000,46.494208,12.933870,1837.969410,214.0,3.574190,3.5,9.9
1740044263.648000,46.494134,12.933781,1844.546192,220.0,3.372188,3.4,9.9
1740044266.647000,46.494058,12.933686,1851.388901,216.1,4.124312,3.1,10.0
1740044269.653000,46.493964,12.933586,1859.048577,214.0,4.320339,2.3,10.1
1740044272.652000,46.493885,12.933495,1866.476301,216.9,3.475315,3.1,10.0
1740044275.650000,46.493812,12.933412,1874.022610,212.1,3.206254,3.0,8.7
1740044279.648000,46.493731,12.933310,1882.016709,219.0,3.780581,2.8,4.9
1740044282.652000,46.493650,12.933205,1882.788157,219.9,4.085684,3.1,4.2
1740044285.651000,46.493581,12.933104,1883.120983,222.1,2.656456,4.0,4.5
1740044296.645000,46.493553,12.932965,1884.401365,294.2,1.439136,2.2,3.9
1740044301.649000,46.493624,12.932873,1882.791343,315.5,2.913058,3.0,3.8
1740044305.647000,46.493713,12.932821,1881.778913,344.3,2.440891,2.8,3.8
1740044325.644000,46.493782,12.932802,1880.540101,343.5,0.000000,2.2,3.8
1740044325.644000,46.493782,12.932802,1880.540101,343.5,0.000000,2.2,3.8
1740044353.650000,46.493788,12.932746,1880.958615,299.5,1.087311,3.0,3.8
1740044359.650000,46.493825,12.932620,1880.126432,289.7,2.788599,2.8,3.8
1740044362.652000,46.493907,12.932492,1878.973678,315.2,4.357074,3.1,3.8
1740044364.653000,46.494017,12.932396,1876.373847,325.6,6.844849,4.2,3.8
1740044366.651000,46.494127,12.932406,1872.162213,2.0,5.857635,4.0,3.8
1740044368.656000,46.494230,12.932347,1867.990240,341.5,5.792471,3.7,3.8
1740044370.652000,46.494328,12.932333,1864.534925,8.2,5.802495,3.6,3.8
1740044372.649000,46.494442,12.932370,1860.378532,10.6,6.504701,3.5,3.8
1740044374.653000,46.494621,12.932375,1855.845579,5.9,9.068941,3.0,3.8
1740044376.655000,46.494766,12.932421,1850.455125,18.7,7.111012,2.4,3.8
1740044378.651000,46.494879,12.932492,1845.460782,36.3,6.051640,2.7,3.8
1740044380.650000,46.494932,12.932600,1842.413531,70.0,4.754576,3.2,3.8
1740044385.652000,46.494921,12.932739,1839.240914,111.2,1.234172,3.0,3.9
1740044389.651000,46.494886,12.932911,1837.563977,111.3,4.292885,3.1,3.8
1740044391.650000,46.494820,12.933182,1832.725373,113.0,8.381567,4.4,3.9
1740044392.648000,46.494780,12.933309,1831.773960,115.6,9.522723,4.1,3.9
1740044393.652000,46.494756,12.933451,1829.468439,99.6,11.245417,4.1,3.9
1740044394.648000,46.494742,12.933598,1828.352024,95.2,10.893640,4.1,3.9
1740044396.649000,46.494764,12.933846,1826.419303,84.4,9.794263,3.7,3.8
1740044398.650000,46.494832,12.934035,1825.347620,64.3,7.380338,3.6,3.8
1740044400.647000,46.494890,12.934200,1824.787068,63.0,6.399292,3.4,3.8
1740044402.650000,46.494935,12.934335,1824.072729,64.4,5.885582,2.4,3.8
1740044404.641000,46.494974,12.934454,1823.682654,57.2,5.108665,2.4,3.8
1740044407.639000,46.495033,12.934588,1823.151921,58.4,3.851026,3.3,3.8
1740044411.647000,46.495059,12.934713,1822.801325,64.9,2.562523,3.2,3.8
1740044414.646000,46.495118,12.934847,1821.258463,57.6,4.613705,3.0,3.8
1740044416.651000,46.495186,12.934967,1819.870227,53.6,5.022260,3.1,3.8
1740044418.650000,46.495243,12.935096,1817.477409,73.4,6.115464,4.1,3.8
1740044421.648000,46.495218,12.935246,1815.382677,103.4,2.721818,4.3,3.8
1740044432.647000,46.495137,12.935314,1814.503417,147.5,1.906265,3.2,3.9
1740044452.649000,46.495059,12.935284,1814.307185,162.8,0.000000,3.9,3.8
1740044452.649000,46.495059,12.935284,1814.307185,162.8,0.000000,3.9,3.8
1740044464.648000,46.495041,12.935308,1814.211234,122.2,0.587170,3.0,3.1
1740044472.981000,46.494952,12.935323,1813.891278,195.3,1.007802,4.4,3.0
1740044477.652000,46.494849,12.935321,1815.112426,198.8,1.953973,3.7,3.0
1740044481.926000,46.494752,12.935331,1819.391797,184.7,2.323369,2.4,3.1
1740044486.648000,46.494643,12.935363,1824.183445,174.3,2.202533,3.2,3.1
1740044490.646000,46.494553,12.935384,1828.595715,173.0,2.485241,3.1,3.0
1740044494.642000,46.494458,12.935408,1830.399138,170.0,2.677523,4.4,3.2
1740044499.650000,46.494346,12.935430,1832.798871,172.0,2.429993,3.7,3.8
1740044503.647000,46.494256,12.935447,1835.012712,171.0,2.399978,3.7,3.8
1740044507.645000,46.494164,12.935466,1827.993442,172.0,2.220252,3.0,3.8
1740044512.650000,46.494056,12.935487,1833.725723,170.0,2.370065,3.2,3.8
1740044517.653000,46.493948,12.935513,1835.728152,172.0,2.370077,3.5,3.8
1740044522.650000,46.493844,12.935542,1840.059402,170.0,2.350023,4.5,3.8
1740044527.650000,46.493741,12.935569,1841.321203,172.1,2.827637,3.3,3.8
1740044532.649000,46.493638,12.935596,1844.218524,169.9,2.547444,2.7,3.8
1740044537.650000,46.493533,12.935623,1848.352645,173.2,2.072594,3.1,3.8
1740044542.648000,46.493430,12.935643,1851.595316,170.9,2.501203,2.7,3.8
1740044547.648000,46.493320,12.935672,1855.497219,170.9,2.263064,2.9,3.8
1740044551.647000,46.493230,12.935695,1858.680001,170.5,2.380863,2.7,3.8
1740044556.649000,46.493121,12.935718,1862.500624,171.0,2.306276,2.5,3.8
1740044561.650000,46.493015,12.935738,1867.227385,171.0,2.360435,2.7,3.8
1740044566.649000,46.492921,12.935757,1870.876309,170.0,2.289664,2.8,3.8
1740044571.650000,46.492828,12.935776,1877.694168,171.0,2.149977,2.7,3.8
1740044576.651000,46.492734,12.935796,1885.498212,171.0,2.138776,3.0,3.8
1740044581.652000,46.492634,12.935820,1891.464284,171.0,2.080033,2.8,3.8
1740044586.651000,46.492540,12.935841,1900.259770,172.0,2.029914,2.7,3.8
1740044591.647000,46.492447,12.935863,1906.980563,168.0,2.079200,2.8,3.8
1740044596.645000,46.492349,12.935889,1913.785469,173.0,2.449899,3.0,3.8
1740044601.652000,46.492241,12.935915,1919.827350,171.0,2.340189,2.8,3.8
1740044606.648000,46.492149,12.935931,1924.837691,171.0,1.970422,2.8,3.8
1740044611.651000,46.492050,12.935950,1932.357788,171.0,2.180011,2.5,3.8
1740044616.652000,46.491956,12.935969,1937.173081,171.0,2.229500,2.6,3.8
1740044621.653000,46.491862,12.935991,1943.739113,172.0,2.090014,2.7,3.8
1740044626.651000,46.491765,12.936016,1949.810836,172.0,2.128508,2.9,3.8
1740044631.648000,46.491670,12.936036,1955.799819,170.0,2.140282,2.6,3.8
1740044637.648000,46.491563,12.936058,1963.427047,170.0,2.199608,2.7,3.8
1740044642.650000,46.491474,12.936080,1971.872167,171.0,2.337686,2.6,3.8
1740044647.650000,46.491380,12.936103,1978.933967,171.0,2.169389,3.0,3.8
1740044652.648000,46.491290,12.936123,1986.187389,172.0,2.109627,2.7,3.8
1740044657.649000,46.491194,12.936143,1992.985357,171.0,2.160000,2.8,3.8
1740044662.650000,46.491099,12.936158,1998.168533,171.0,1.960050,2.6,3.8
1740044667.650000,46.491008,12.936172,2004.027868,172.0,1.940102,2.6,3.8
1740044673.648000,46.490904,12.936192,2015.676529,170.0,2.079952,2.7,3.8
1740044679.648000,46.490798,12.936213,2025.611468,170.0,1.940801,2.5,3.8
1740044685.651000,46.490699,12.936231,2035.297620,176.0,2.866059,2.6,3.8
1740044689.651000,46.490609,12.936256,2036.344210,171.0,2.630333,3.2,3.8
1740044695.651000,46.490514,12.936281,2033.845853,179.9,2.851175,2.5,3.8
1740044700.652000,46.490423,12.936275,2034.285872,182.0,1.396802,2.7,3.8
1740044711.644000,46.490345,12.936197,2034.648161,194.7,1.064853,3.1,3.8
1740044904.426000,46.490382,12.936323,2025.106549,62.2,1.285220,2.5,3.5
1740044954.652000,46.490474,12.936379,2025.410180,14.4,1.482047,2.4,3.0
1740044958.412000,46.490552,12.936447,2023.516531,337.7,2.238230,2.8,3.1
1740044960.651000,46.490627,12.936526,2019.672433,19.5,2.812419,2.6,3.6
1740044962.652000,46.490751,12.936662,2015.709211,12.9,5.814214,2.4,3.9
1740044964.653000,46.490874,12.936804,2010.865696,33.6,8.368676,2.7,4.0
1740044966.647000,46.491031,12.936936,2006.154228,27.6,10.519200,2.4,3.8
1740044967.647000,46.491104,12.937027,2001.240160,44.1,10.639708,2.4,3.8
1740044969.646000,46.491248,12.937177,1996.215892,38.2,9.908858,2.4,3.8
1740044970.652000,46.491324,12.937260,1993.328052,37.8,10.332802,2.4,3.8
1740044972.654000,46.491476,12.937399,1988.313931,37.0,10.784308,2.4,3.8
1740044973.657000,46.491555,12.937491,1985.972817,37.6,11.039716,2.5,3.9
1740044974.655000,46.491647,12.937579,1983.194069,36.9,11.396579,2.6,3.9
1740044975.652000,46.491730,12.937679,1980.066094,38.8,11.815689,2.5,3.9
1740044976.656000,46.491795,12.937797,1979.024603,52.0,11.530760,2.8,3.8
1740044977.652000,46.491856,12.937907,1977.059953,47.4,11.088019,2.7,3.8
1740044978.652000,46.491927,12.937986,1975.138987,42.1,10.688346,2.4,3.8
1740044979.654000,46.492000,12.938071,1973.531859,40.6,10.613317,2.4,3.8
1740044981.653000,46.492128,12.938214,1972.364348,38.2,8.971905,2.4,3.8
1740044983.642000,46.492257,12.938235,1970.035453,14.0,7.276791,2.4,3.8
1740044985.653000,46.492377,12.938217,1967.942196,339.4,7.727120,2.4,3.8
1740044987.650000,46.492485,12.938126,1962.870607,336.6,7.399191,2.6,3.9
1740044988.647000,46.492536,12.937996,1960.949096,318.1,8.776368,2.7,3.9
1740044990.654000,46.492587,12.937821,1954.248167,310.0,7.939700,2.6,4.0
1740044992.651000,46.492474,12.937619,1948.952522,259.7,7.610707,2.4,4.4
1740044994.654000,46.492405,12.937414,1944.213154,255.6,8.228927,2.7,4.6
1740044996.652000,46.492300,12.937220,1936.891051,247.9,9.055831,2.8,4.3
1740044998.655000,46.492253,12.937022,1932.364330,250.6,7.541572,2.6,4.2
1740045000.654000,46.492175,12.936881,1927.226448,236.9,7.185491,2.9,4.2
1740045002.652000,46.492141,12.936705,1924.318013,262.6,8.946500,2.6,4.3
1740045004.653000,46.492173,12.936488,1918.620490,283.0,8.757873,3.9,4.4
1740045006.653000,46.492126,12.936308,1914.465193,245.1,7.010669,3.8,6.4
1740045008.650000,46.492114,12.936111,1912.734502,293.7,7.169710,3.0,8.4
1740045010.646000,46.492193,12.935999,1909.592986,317.8,5.640382,2.5,10.7
1740045015.650000,46.492178,12.935824,1902.383305,281.9,6.339207,3.0,10.5
1740045017.652000,46.492250,12.935708,1899.975096,310.4,5.480186,3.9,10.6
1740045019.655000,46.492255,12.935544,1896.115406,275.1,5.189046,2.8,10.8
1740045022.644000,46.492341,12.935436,1892.065922,322.0,4.644336,3.0,10.6
1740045024.650000,46.492391,12.935323,1887.639475,297.2,4.664927,3.0,10.4
1740045027.648000,46.492502,12.935260,1881.279414,344.9,3.695810,2.8,10.4
1740045030.652000,46.492594,12.935146,1875.548359,328.7,3.843426,3.0,10.6
1740045033.655000,46.492682,12.935092,1870.906270,320.5,3.768851,2.8,10.6
1740045036.650000,46.492728,12.934942,1868.042910,293.8,3.712662,3.0,10.5
1740045040.652000,46.492838,12.934962,1864.179086,26.7,2.929292,2.4,10.1
1740045043.649000,46.492936,12.934976,1861.297518,342.7,3.979932,2.6,9.9
1740045047.648000,46.493032,12.934925,1855.445801,20.2,4.657782,2.5,9.9
1740045051.650000,46.493123,12.935014,1850.413910,29.4,2.991850,3.3,9.9
1740045055.654000,46.493243,12.935018,1841.854696,23.8,3.949019,3.0,10.2
1740045059.650000,46.493363,12.934987,1835.462339,1.1,3.659785,3.2,8.8
1740045066.654000,46.493458,12.934960,1827.859758,354.5,2.418037,2.5,4.1
1740045068.648000,46.493550,12.934996,1826.773774,25.0,4.586036,2.6,4.1
1740045070.649000,46.493669,12.934950,1823.677931,346.9,6.012717,2.7,3.9
1740045072.649000,46.493790,12.934902,1819.280106,351.9,6.778035,2.9,4.0
1740045074.652000,46.493956,12.934858,1813.919444,349.5,9.181662,2.7,4.1
1740045075.645000,46.494048,12.934800,1811.097895,343.4,10.053021,2.8,4.0
1740045076.649000,46.494145,12.934718,1807.828698,336.4,11.287570,3.1,4.0
1740045077.655000,46.494248,12.934644,1805.567680,334.9,11.649477,3.0,4.1
1740045078.651000,46.494362,12.934560,1804.994496,334.2,12.357217,3.3,4.4
1740045079.652000,46.494487,12.934521,1801.984715,341.4,12.722144,3.3,4.3
1740045080.655000,46.494611,12.934494,1800.057328,346.4,13.222993,3.6,4.5
1740045081.654000,46.494741,12.934489,1799.152768,354.4,13.667331,3.4,4.5
1740045082.654000,46.494859,12.934506,1795.104649,3.5,13.215673,2.6,4.4
1740045083.655000,46.494962,12.934540,1794.634929,10.4,11.979388,2.7,4.1
1740045084.650000,46.495072,12.934571,1793.281038,10.9,11.495248,2.6,4.1
1740045085.649000,46.495167,12.934608,1793.158099,17.1,9.930987,2.7,4.0
1740045087.651000,46.495321,12.934676,1792.626605,21.3,8.556023,2.8,3.8
1740045089.651000,46.495455,12.934770,1790.908193,26.4,7.868344,3.5,3.8
1740045091.654000,46.495585,12.934864,1790.256857,27.6,8.148002,2.8,3.8
1740045093.655000,46.495710,12.934975,1788.703204,29.9,8.150954,2.8,3.8
1740045095.654000,46.495833,12.935090,1788.297992,32.7,8.120332,2.5,3.8
1740045097.655000,46.495938,12.935226,1787.946340,43.1,7.639140,2.5,3.8
1740045099.649000,46.496013,12.935368,1789.058065,53.0,6.421822,3.3,3.8
1740045101.651000,46.496076,12.935495,1787.057773,45.0,5.980579,2.8,3.8
1740045103.654000,46.496145,12.935602,1786.556623,44.0,5.943548,2.9,3.8
1740045105.649000,46.496214,12.935699,1785.926040,40.0,5.246456,3.0,3.8
1740045108.645000,46.496297,12.935839,1785.736746,50.0,4.250612,3.3,3.9
1740045111.651000,46.496389,12.935945,1784.526789,41.0,4.779663,3.1,3.9
1740045114.651000,46.496481,12.936054,1783.187312,37.0,4.943383,2.7,3.8
1740045116.650000,46.496574,12.936136,1782.305983,27.1,6.774821,2.8,3.8
1740045118.654000,46.496685,12.936224,1780.441484,32.0,7.629544,3.5,3.8
1740045120.654000,46.496788,12.936365,1779.611425,45.9,8.350025,2.8,3.8
1740045122.650000,46.496892,12.936504,1777.286169,32.1,9.052026,2.8,3.8
1740045124.654000,46.497012,12.936665,1776.991747,43.0,8.642115,2.5,3.8
1740045126.653000,46.497134,12.936821,1774.054861,51.9,9.248116,2.5,3.8
1740045128.651000,46.497246,12.936967,1774.476775,34.7,7.636173,3.3,3.8
1740045130.656000,46.497390,12.937045,1771.668307,27.0,8.517587,2.8,3.8
1740045132.650000,46.497466,12.937206,1770.658459,64.5,7.475925,2.9,3.8
1740045134.654000,46.497544,12.937308,1768.069528,22.6,6.101570,2.8,3.8
1740045136.654000,46.497621,12.937424,1764.511469,49.8,5.895369,3.2,3.8
1740045138.650000,46.497732,12.937550,1759.860556,38.2,7.691165,3.5,3.8
1740045140.650000,46.497894,12.937619,1754.889464,19.7,8.390443,3.1,3.8
1740045142.649000,46.498043,12.937580,1750.255565,358.2,7.975996,2.7,3.8
1740045144.652000,46.498184,12.937483,1747.150281,334.3,8.251603,3.1,3.8
1740045146.651000,46.498349,12.937406,1745.099057,340.5,9.293293,2.8,3.8
1740045147.654000,46.498429,12.937341,1742.403738,334.4,9.741673,3.9,3.8
1740045149.651000,46.498607,12.937197,1738.812473,331.9,11.081666,2.6,4.0
1740045150.657000,46.498705,12.937122,1737.536766,331.8,11.381156,2.7,4.3
1740045151.650000,46.498796,12.937051,1735.846499,331.1,11.360296,3.8,4.4
1740045152.651000,46.498888,12.936960,1735.024228,328.4,11.699491,2.8,4.8
1740045153.650000,46.498978,12.936887,1732.118874,328.8,11.464608,2.5,5.2
1740045154.651000,46.499081,12.936814,1731.258826,330.3,11.929365,2.5,5.4
1740045155.653000,46.499170,12.936730,1731.863907,328.0,11.712294,2.7,5.4
1740045156.650000,46.499258,12.936636,1730.763752,325.2,11.872005,2.8,5.6
1740045157.652000,46.499358,12.936534,1728.663910,325.3,12.407164,3.4,5.6
1740045158.655000,46.499455,12.936434,1727.506232,325.4,12.550167,3.3,5.8
1740045159.649000,46.499534,12.936347,1725.318745,324.2,11.773145,3.0,5.8
1740045160.654000,46.499612,12.936256,1723.282676,322.1,11.507109,3.4,5.7
1740045161.653000,46.499689,12.936173,1720.401892,324.5,10.827985,2.9,5.6
1740045162.653000,46.499773,12.936090,1720.139601,326.4,11.369021,2.7,5.3
1740045163.653000,46.499858,12.935998,1718.758403,324.1,11.503940,3.0,5.2
1740045164.652000,46.499938,12.935914,1716.575365,325.2,11.196509,2.7,4.8
1740045165.655000,46.500032,12.935866,1715.220107,341.8,11.134898,3.2,4.8
1740045166.651000,46.500125,12.935851,1713.819879,352.1,10.321631,3.4,4.6
1740045168.646000,46.500289,12.935816,1713.081829,350.9,9.957982,3.5,4.4
1740045170.652000,46.500380,12.935707,1708.952298,319.6,5.727748,2.7,4.2
1740045173.650000,46.500414,12.935555,1709.205151,263.9,2.445426,2.9,3.9
1740045183.654000,46.500423,12.935409,1709.470226,277.2,1.246693,2.5,3.8
1740045198.648000,46.500382,12.935285,1712.793168,264.0,1.334006,3.8,3.2
1740045204.906000,46.500354,12.935155,1711.009024,268.6,1.417989,3.6,4.2
1740045211.652000,46.500365,12.935024,1716.349274,289.9,1.252816,2.7,3.1
1740045243.651000,46.500461,12.934972,1713.744484,339.2,1.474385,2.7,3.0
1740045245.653000,46.500577,12.934969,1711.793206,32.0,5.941939,3.1,3.3
1740045247.653000,46.500701,12.934996,1708.377841,4.1,7.641543,2.8,3.7
1740045249.652000,46.500810,12.935119,1704.501223,43.9,8.551742,2.8,3.8
1740045251.649000,46.500951,12.935236,1701.320660,35.8,9.311541,3.2,3.8
1740045253.654000,46.501003,12.935431,1695.310088,89.9,6.614382,3.3,3.8
1740045255.651000,46.501016,12.935565,1695.226955,74.3,5.051105,3.2,3.8
1740045257.653000,46.501065,12.935719,1692.506672,73.7,6.540367,3.2,3.8
1740045259.657000,46.501045,12.935902,1688.014139,101.0,6.849391,2.8,3.8
1740045261.653000,46.501084,12.936064,1685.686457,58.0,7.041608,2.8,3.8
1740045263.654000,46.501075,12.936248,1683.156641,101.6,7.007525,2.9,3.8
1740045265.654000,46.501076,12.936443,1681.716613,93.1,7.144344,3.2,3.8
1740045267.651000,46.501137,12.936569,1676.695859,61.6,6.596543,2.5,3.8
1740045269.653000,46.501132,12.936744,1676.800168,88.2,6.793370,2.7,3.8
1740045271.653000,46.501118,12.936889,1673.197904,87.9,5.976065,2.9,3.8
1740045273.655000,46.501163,12.937018,1667.749171,69.9,6.136812,2.9,3.8
1740045275.654000,46.501128,12.937175,1663.346756,96.3,5.995990,3.3,3.8
1740045277.651000,46.501081,12.937295,1659.754524,104.7,5.355998,2.6,3.8
1740045280.650000,46.501157,12.937442,1655.786117,32.9,5.607367,3.5,4.0
1740045282.650000,46.501165,12.937586,1650.697253,96.3,5.635842,2.8,4.0
1740045285.644000,46.501138,12.937738,1645.819399,71.3,6.034456,2.8,3.8
1740045288.643000,46.501254,12.937820,1639.708961,23.0,5.014604,2.8,3.8
1740045291.652000,46.501238,12.937967,1635.395978,132.7,2.863199,2.7,3.8
1740045295.653000,46.501265,12.938096,1632.915561,56.8,3.026673,2.5,3.8
1740045299.649000,46.501376,12.938162,1630.485347,42.2,4.042006,3.4,3.8
1740045301.648000,46.501322,12.938276,1625.900175,113.1,3.238563,3.1,3.8
1740045304.657000,46.501408,12.938398,1621.886086,26.2,3.916688,2.7,3.8
1740045306.650000,46.501496,12.938485,1617.716380,64.7,6.416492,2.8,3.8
1740045308.654000,46.501512,12.938617,1613.384370,86.8,4.460140,3.5,3.8
1740045317.647000,46.501570,12.938729,1604.492404,93.9,4.672778,2.8,3.8
1740045321.652000,46.501596,12.938877,1598.969769,25.2,4.575468,2.8,3.8
1740045323.654000,46.501702,12.938958,1597.938091,51.6,6.711562,2.9,3.8
1740045325.648000,46.501734,12.939121,1593.857926,63.9,6.448543,2.7,3.8
1740045327.641000,46.501783,12.939269,1590.545430,59.3,7.096693,2.9,3.8
1740045329.648000,46.501833,12.939456,1583.578318,63.8,7.027358,2.8,3.8
1740045331.654000,46.501803,12.939624,1578.047548,93.0,7.064672,3.3,3.8
1740045333.643000,46.501696,12.939754,1573.422818,119.9,6.243341,2.8,4.1
1740045335.649000,46.501635,12.939978,1569.369787,101.3,8.437675,2.8,4.0
1740045336.651000,46.501635,12.940116,1567.170211,89.8,10.496760,4.1,4.0
1740045337.649000,46.501616,12.940264,1564.982539,100.3,11.724282,3.5,4.0
1740045338.647000,46.501578,12.940418,1562.311633,104.0,12.110466,3.6,3.8
1740045339.650000,46.501534,12.940563,1559.404884,107.5,12.291617,2.8,3.8
1740045340.656000,46.501517,12.940706,1557.572662,89.4,11.802417,2.7,3.8
1740045341.649000,46.501533,12.940842,1556.144186,84.6,11.323617,3.9,3.8
1740045342.652000,46.501578,12.940957,1551.261310,74.9,10.662044,2.8,3.8
1740045343.646000,46.501642,12.941062,1549.196584,64.0,10.455198,3.2,3.8
1740045344.651000,46.501711,12.941176,1548.015087,57.4,10.988376,2.8,3.8
1740045345.654000,46.501765,12.941305,1546.496061,58.0,11.280502,2.9,3.8
1740045346.653000,46.501828,12.941421,1544.734260,56.0,11.195229,2.8,3.8
1740045348.655000,46.501952,12.941610,1538.299022,51.7,10.275128,2.9,3.8
1740045350.651000,46.502035,12.941822,1535.737691,52.3,9.380955,2.8,3.8
1740045352.655000,46.502164,12.941920,1533.075407,29.2,8.246426,2.9,3.8
1740045354.651000,46.502283,12.942012,1532.483321,24.9,7.676505,2.7,3.8
1740045356.652000,46.502445,12.942035,1529.758525,8.3,8.719950,2.9,3.8
1740045358.658000,46.502613,12.942076,1524.745344,9.1,11.193591,2.8,4.0
1740045359.654000,46.502709,12.942102,1522.730487,10.0,11.155231,3.1,4.3
1740045360.653000,46.502799,12.942147,1520.346520,12.0,11.850818,3.3,4.3
1740045361.652000,46.502906,12.942220,1517.372304,16.0,13.202405,2.9,4.4
1740045362.651000,46.503030,12.942251,1515.522236,10.1,13.707142,2.8,4.4
1740045363.649000,46.503148,12.942297,1513.271443,14.9,13.505949,2.8,4.6
1740045364.649000,46.503258,12.942323,1511.970924,11.0,12.327904,2.8,4.7
1740045365.651000,46.503367,12.942373,1510.317724,17.9,12.271633,4.1,4.6
1740045366.652000,46.503450,12.942437,1507.922187,24.9,11.557731,3.5,4.6
1740045367.652000,46.503560,12.942472,1506.162214,5.1,11.613712,3.6,4.6
1740045368.655000,46.503659,12.942504,1502.261995,13.8,11.140495,2.8,4.5
1740045370.653000,46.503829,12.942554,1501.948456,8.1,10.409305,4.0,4.5
1740045372.650000,46.503947,12.942595,1497.309958,6.2,7.305200,3.2,4.5
1740045374.654000,46.504072,12.942559,1494.682750,352.9,6.767207,2.9,4.6
1740045376.651000,46.504224,12.942550,1492.556059,355.1,8.588661,4.0,4.8
1740045378.652000,46.504372,12.942500,1491.231010,339.2,8.412462,2.7,5.1
1740045380.656000,46.504509,12.942483,1490.528941,1.7,8.203104,4.0,5.3
1740045382.654000,46.504629,12.942555,1488.116918,18.0,8.200372,2.5,5.2
1740045384.653000,46.504742,12.942629,1489.301533,21.0,7.650823,2.8,4.6
1740045386.654000,46.504874,12.942683,1488.794000,10.3,7.245880,3.4,4.1
1740045388.647000,46.505021,12.942694,1486.684765,2.1,8.204001,3.2,4.3
1740045390.653000,46.505152,12.942724,1485.551367,21.9,8.100995,2.8,4.7
1740045392.651000,46.505285,12.942841,1484.275569,42.0,9.934762,2.8,4.7
1740045394.652000,46.505361,12.943010,1481.875656,58.8,7.743333,3.4,4.5
1740045396.658000,46.505471,12.943175,1478.893117,45.6,8.576172,3.6,3.9
1740045398.650000,46.505616,12.943272,1474.193084,31.6,8.725011,2.8,3.9
1740045399.647000,46.505693,12.943356,1475.401881,37.5,10.507146,4.0,3.8
1740045400.649000,46.505776,12.943430,1472.734573,34.9,10.514777,2.9,3.8
1740045401.652000,46.505863,12.943509,1469.994945,33.7,10.845995,3.2,3.8
1740045403.648000,46.505943,12.943728,1466.039616,59.6,9.852649,3.0,3.8
1740045404.649000,46.505973,12.943856,1463.104516,73.8,9.964763,2.9,3.8
1740045405.651000,46.505983,12.943990,1461.393460,84.0,9.818699,4.3,3.8
1740045407.652000,46.506008,12.944256,1455.498169,82.1,10.553266,2.7,3.8
1740045408.652000,46.505990,12.944405,1453.527796,100.8,11.745964,2.8,3.8
1740045409.652000,46.505979,12.944551,1452.893585,99.1,11.639933,4.0,3.8
1740045410.649000,46.506011,12.944702,1449.896680,88.0,11.624094,2.9,3.8
1740045411.651000,46.506021,12.944861,1446.380406,86.2,11.845203,2.5,3.8
1740045412.651000,46.506015,12.945026,1447.328637,89.7,12.403233,2.7,3.8
1740045413.648000,46.506033,12.945179,1445.734454,77.5,11.970793,2.8,3.8
1740045414.654000,46.506060,12.945335,1442.228339,76.2,12.089021,3.0,3.8
1740045415.651000,46.506079,12.945489,1440.514976,79.0,12.003726,3.4,3.8
1740045416.653000,46.506110,12.945636,1436.784754,72.3,11.950782,2.8,3.8
1740045417.653000,46.506145,12.945778,1435.571207,72.6,11.880915,3.2,3.8
1740045418.649000,46.506165,12.945929,1434.316752,76.3,11.694486,3.4,3.8
1740045419.652000,46.506190,12.946070,1433.626569,74.7,11.050130,2.8,3.8
1740045420.650000,46.506236,12.946205,1432.556421,62.3,11.627800,2.8,3.8
1740045421.649000,46.506270,12.946336,1430.976873,71.1,11.387832,2.8,3.8
1740045422.648000,46.506281,12.946479,1429.192150,87.2,11.242283,2.9,3.8
1740045423.652000,46.506279,12.946620,1427.684577,91.3,10.658987,3.4,3.8
1740045425.651000,46.506329,12.946850,1424.925372,64.7,9.222590,3.6,3.8
1740045427.649000,46.506372,12.947040,1422.471186,74.0,7.184319,2.8,3.8
1740045429.648000,46.506462,12.947242,1420.612996,64.9,8.921832,2.9,3.8
1740045431.649000,46.506484,12.947449,1418.742722,86.9,7.940103,2.9,3.8
1740045433.653000,46.506500,12.947677,1416.374952,88.0,8.523279,2.9,3.8
1740045434.651000,46.506500,12.947818,1414.810512,89.0,10.994143,4.1,3.8
1740045435.657000,46.506512,12.947961,1412.944176,78.1,11.018099,3.0,3.8
1740045437.654000,46.506586,12.948198,1411.243241,60.0,10.945957,2.9,3.8
1740045439.651000,46.506686,12.948379,1408.884991,48.2,8.423059,2.9,3.8
1740045441.654000,46.506826,12.948432,1407.007240,10.3,8.100209,2.7,3.9
1740045444.650000,46.506904,12.948153,1403.893377,285.4,12.213883,3.4,4.2
1740045445.649000,46.506938,12.948016,1401.786875,297.9,9.943525,2.8,4.2
1740045447.654000,46.507014,12.947779,1399.650540,292.2,10.387775,3.4,4.1
1740045449.655000,46.507103,12.947596,1395.913376,310.7,10.239888,2.9,3.8
1740045451.650000,46.507239,12.947495,1394.321859,337.8,7.495641,2.9,3.8
1740045453.652000,46.507368,12.947395,1392.800819,340.4,7.729886,4.3,3.8
1740045455.656000,46.507510,12.947377,1390.002004,350.1,7.118418,2.9,3.8
1740045457.653000,46.507605,12.947271,1390.169811,314.9,6.162748,3.3,3.8
1740045459.656000,46.507702,12.947172,1386.511495,326.9,6.795200,3.2,3.8
1740045461.648000,46.507813,12.947092,1384.747684,332.4,7.220356,2.9,3.8
1740045463.648000,46.507941,12.947030,1383.060230,337.4,7.639983,3.0,3.8
1740045465.651000,46.508040,12.946941,1382.463453,333.4,7.054019,3.0,3.9
1740045468.651000,46.508134,12.946842,1383.242303,333.2,4.861852,3.0,4.0
1740045470.651000,46.508229,12.946796,1383.664181,338.7,5.175960,2.8,4.0
1740045472.650000,46.508358,12.946725,1382.338750,339.7,6.260484,3.1,4.4
1740045474.649000,46.508492,12.946595,1378.376955,332.5,7.134024,2.9,5.5
1740045475.651000,46.508538,12.946449,1377.149668,315.1,8.687581,3.3,5.7
1740045477.652000,46.508650,12.946245,1375.325714,311.5,9.083674,2.9,5.5
1740045478.648000,46.508725,12.946158,1374.396822,316.7,9.741352,2.8,5.3
1740045479.650000,46.508806,12.946077,1373.298486,320.8,10.186513,2.8,4.7
1740045480.651000,46.508892,12.946015,1370.495465,323.5,10.177281,2.9,4.7
1740045481.649000,46.508996,12.946067,1370.597734,345.8,9.712332,4.2,4.6
1740045482.650000,46.509091,12.946101,1369.179837,354.0,9.939082,4.1,4.4
1740045483.650000,46.509177,12.946143,1368.381121,2.1,9.704691,3.1,4.2
1740045484.650000,46.509257,12.946205,1367.184327,11.2,9.449360,3.9,4.0
1740045486.649000,46.509401,12.946282,1365.722643,16.6,8.512329,4.1,3.8
1740045488.653000,46.509531,12.946378,1363.065765,22.6,8.256271,3.3,3.9
1740045490.650000,46.509640,12.946481,1362.300155,29.6,7.446110,3.0,3.9
1740045492.652000,46.509731,12.946590,1361.474449,33.2,6.401793,4.1,4.0
1740045494.647000,46.509810,12.946700,1360.780473,41.6,6.288825,2.8,4.2
1740045496.651000,46.509896,12.946810,1360.155699,43.0,6.515558,3.2,4.3
1740045498.649000,46.509980,12.946926,1359.994018,44.5,6.595356,2.5,4.2
1740045500.651000,46.510074,12.947050,1361.668721,45.0,7.101361,2.9,6.6
1740045502.652000,46.510175,12.947186,1360.810130,44.5,7.754693,3.8,8.2
1740045504.651000,46.510262,12.947342,1356.448428,46.0,8.185565,3.3,10.2
1740045506.652000,46.510329,12.947482,1355.506682,53.1,6.597935,2.9,10.0
1740045508.650000,46.510396,12.947637,1354.524694,58.5,6.846438,2.8,10.0
1740045510.653000,46.510463,12.947815,1354.492319,63.0,7.106773,4.2,10.0
1740045512.652000,46.510515,12.947998,1353.589105,63.6,7.248402,3.1,10.0
1740045514.649000,46.510565,12.948164,1352.765181,62.5,6.842154,3.7,10.1
1740045516.651000,46.510613,12.948318,1350.436549,58.6,5.856422,3.0,10.2
1740045518.650000,46.510668,12.948463,1349.812203,55.5,5.454708,3.0,7.7
1740045521.650000,46.510698,12.948612,1348.409657,77.7,3.503357,3.1,4.7
1740045524.649000,46.510746,12.948765,1347.679881,64.5,4.260184,3.1,3.8
1740045527.648000,46.510795,12.948921,1347.376521,67.7,4.532802,2.6,3.8
1740045530.647000,46.510862,12.949092,1349.238427,51.8,5.688341,3.9,3.8
1740045532.652000,46.510915,12.949209,1346.547340,64.3,5.562231,3.2,3.8
1740045534.650000,46.510938,12.949361,1346.035347,89.9,6.309607,3.2,3.8
1740045536.651000,46.510948,12.949504,1344.756148,84.7,5.777303,3.1,3.8
1740045538.649000,46.511012,12.949616,1342.925760,54.3,5.246444,3.7,3.8
1740045540.649000,46.511084,12.949742,1342.346800,58.9,6.672144,3.7,3.8
1740045542.648000,46.511145,12.949908,1341.483983,64.1,7.519464,4.2,3.8
1740045544.653000,46.511195,12.950086,1339.160199,70.5,7.497326,4.2,3.8
1740045546.649000,46.511238,12.950263,1336.095699,71.4,7.692745,3.5,3.8
1740045548.651000,46.511282,12.950440,1334.062623,72.3,7.440723,3.4,3.8
1740045550.655000,46.511322,12.950599,1332.125136,70.9,6.534954,3.4,3.8
1740045552.647000,46.511380,12.950755,1330.855305,62.5,6.651540,3.2,3.8
1740045554.653000,46.511392,12.950916,1330.450251,85.0,5.806827,3.1,3.8
1740045556.655000,46.511400,12.951065,1329.421206,83.7,5.468750,2.9,3.8
1740045558.645000,46.511414,12.951197,1330.146975,81.0,4.903285,3.2,3.8
1740045578.648000,46.511390,12.951304,1333.837897,-1.0,0.000000,2.6,4.5
1740045578.648000,46.511390,12.951304,1333.837897,-1.0,0.000000,2.6,4.5
1740045652.654000,46.511477,12.951296,1341.378448,349.6,1.240340,2.8,4.1
1740045790.645000,46.511568,12.951298,1363.199951,341.9,0.859801,3.3,4.0
1740045825.644000,46.511650,12.951240,1363.199951,345.5,0.236573,3.9,4.0
1740045918.648000,46.511639,12.951109,1363.199951,225.7,0.304788,4.1,4.0
1740045943.651000,46.511647,12.950974,1363.199951,253.5,0.566244,4.1,4.9
1740045949.652000,46.511602,12.950793,1363.199951,249.1,3.974132,3.8,5.5
1740045952.655000,46.511556,12.950624,1365.552687,248.9,3.989438,4.1,5.4
1740045955.657000,46.511518,12.950496,1369.120138,248.0,3.853569,3.9,5.2
1740045958.650000,46.511476,12.950343,1371.965743,249.4,3.608873,3.6,5.2
1740045961.650000,46.511434,12.950185,1375.618825,247.9,3.953234,3.1,5.7
1740045963.650000,46.511400,12.950061,1375.978720,249.0,4.451454,3.4,6.3
1740045966.651000,46.511361,12.949936,1376.626794,249.7,3.204316,3.4,6.2
1740045968.652000,46.511324,12.949799,1377.348895,250.0,4.197092,3.6,5.9
1740045971.649000,46.511286,12.949660,1378.201003,251.0,4.310680,4.4,5.7
1740045974.649000,46.511250,12.949516,1380.221330,244.2,3.589381,4.6,5.4
1740045977.651000,46.511208,12.949370,1382.393293,250.8,3.872862,4.0,5.7
1740045980.648000,46.511173,12.949224,1384.790526,250.0,3.912867,4.2,5.3
1740045983.649000,46.511145,12.949071,1387.240678,248.0,4.533508,4.0,4.7
1740045985.650000,46.511112,12.948943,1388.960484,249.0,4.341327,3.8,4.6
1740045988.647000,46.511077,12.948790,1391.789186,252.9,3.836850,3.5,4.6
1740045990.650000,46.511046,12.948659,1394.564127,247.1,5.722141,3.0,4.6
1740045992.647000,46.511006,12.948523,1394.945892,248.9,5.119405,3.2,4.6
1740045995.652000,46.510964,12.948393,1395.095194,249.3,3.903021,3.2,4.5
1740045998.651000,46.510934,12.948260,1395.790521,252.6,3.773173,3.5,4.4
1740046001.653000,46.510887,12.948120,1396.392368,249.4,3.724410,4.7,4.7
1740046006.647000,46.510844,12.947983,1398.343424,250.3,2.277813,3.2,5.2
1740046011.651000,46.510811,12.947838,1399.954080,250.9,2.161094,4.2,4.9
1740046015.649000,46.510779,12.947705,1401.361913,251.2,2.678323,3.8,4.6
1740046018.648000,46.510737,12.947561,1402.700438,250.0,2.867550,3.0,4.7
1740046021.648000,46.510699,12.947432,1404.662580,250.3,3.271348,2.8,5.0
1740046025.654000,46.510660,12.947281,1409.289293,249.5,3.589308,3.5,4.9
1740046029.651000,46.510629,12.947148,1413.433507,251.3,3.128404,4.4,5.1
1740046032.646000,46.510589,12.947000,1416.545269,246.3,2.954419,4.6,5.4
1740046035.654000,46.510529,12.946776,1417.105696,248.3,4.453023,3.7,5.3
1740046037.645000,46.510478,12.946613,1417.345378,246.0,5.040346,3.6,5.2
1740046039.652000,46.510448,12.946484,1417.632886,248.0,5.058310,4.2,5.1
1740046042.651000,46.510410,12.946329,1418.236778,249.4,3.865271,4.0,4.9
1740046045.652000,46.510360,12.946165,1419.381549,249.1,3.997872,3.1,4.4
1740046047.650000,46.510322,12.946041,1419.966964,250.2,4.004803,2.9,4.2
1740046051.650000,46.510275,12.945870,1422.296626,249.7,4.067167,3.1,4.4
1740046055.649000,46.510232,12.945720,1424.969957,249.3,3.515253,4.2,4.2
1740046059.650000,46.510198,12.945570,1428.386990,250.7,3.837637,3.1,4.7
1740046062.651000,46.510164,12.945438,1430.815137,249.9,3.618555,3.6,5.3
1740046065.651000,46.510130,12.945284,1433.620051,250.9,3.423580,4.0,5.6
1740046068.644000,46.510083,12.945097,1435.959711,247.8,4.010664,3.7,5.5
1740046070.652000,46.510032,12.944916,1436.532786,249.6,5.056405,3.3,5.1
1740046073.659000,46.509989,12.944767,1437.827491,250.0,4.474674,3.3,5.1
1740046078.653000,46.509941,12.944619,1439.432160,247.6,3.910249,3.2,5.2
1740046081.651000,46.509898,12.944472,1441.401772,246.9,3.728963,4.4,5.2
1740046084.646000,46.509858,12.944300,1443.575694,249.6,4.103814,4.3,5.3
1740046087.653000,46.509810,12.944075,1445.734604,249.9,4.347080,3.6,5.4
1740046089.654000,46.509778,12.943950,1447.460786,249.0,3.976296,3.2,5.4
1740046093.651000,46.509746,12.943811,1451.368235,252.2,3.020573,3.8,5.0
1740046107.650000,46.509696,12.943679,1463.840458,249.7,1.849677,3.0,6.3
1740046111.653000,46.509661,12.943535,1468.899008,250.9,2.132087,3.8,6.8
1740046114.653000,46.509621,12.943402,1473.084789,248.4,2.942010,4.4,6.8
1740046116.644000,46.509582,12.943255,1474.927298,250.0,3.929584,4.7,6.2
1740046118.646000,46.509549,12.943128,1478.082693,249.0,3.203269,3.8,5.4
1740046121.653000,46.509506,12.942978,1481.331838,249.9,3.079772,3.9,4.4
1740046124.647000,46.509466,12.942833,1485.472674,249.1,3.321573,3.8,4.4
1740046127.646000,46.509421,12.942702,1490.400245,242.3,2.770503,3.8,4.9
1740046130.650000,46.509367,12.942594,1494.910528,238.0,2.774166,3.8,5.3
1740046133.648000,46.509322,12.942471,1499.431459,247.9,2.506164,2.8,5.1
1740046138.649000,46.509294,12.942330,1508.253761,248.7,1.065368,3.0,5.7
1740046141.650000,46.509254,12.942189,1514.114504,248.0,3.680711,3.5,6.1
1740046144.645000,46.509214,12.942029,1516.363117,249.9,3.435181,4.6,5.6
1740046147.645000,46.509176,12.941862,1518.555092,250.0,3.644258,4.7,5.2
1740046150.650000,46.509140,12.941708,1522.137162,251.0,3.400445,3.1,5.2
1740046153.648000,46.509103,12.941555,1525.371742,249.0,3.214987,3.7,5.1
1740046156.649000,46.509064,12.941402,1529.015079,250.0,2.942951,3.7,4.8
1740046159.649000,46.509025,12.941258,1533.061136,249.0,2.793492,3.7,4.7
1740046163.648000,46.508986,12.941096,1538.395557,250.0,2.891431,3.1,5.1
1740046166.648000,46.508956,12.940969,1542.979844,251.0,2.660211,3.0,5.4
1740046169.646000,46.508922,12.940842,1547.737957,248.0,3.546683,3.0,5.9
1740046172.643000,46.508880,12.940690,1552.547413,250.9,2.595216,3.4,6.4
1740046175.651000,46.508852,12.940560,1558.197647,251.0,2.728123,4.6,6.4
1740046178.651000,46.508825,12.940424,1563.348505,250.1,2.237574,4.7,5.7
1740046181.649000,46.508785,12.940265,1568.326670,249.0,3.392956,3.1,5.5
1740046183.647000,46.508755,12.940138,1570.512392,252.9,3.271379,3.9,5.4
1740046185.649000,46.508728,12.940012,1572.644429,253.1,3.428967,3.5,5.3
1740046188.650000,46.508687,12.939850,1576.065540,249.0,3.122779,4.3,5.8
1740046191.647000,46.508648,12.939715,1579.749366,250.0,2.142683,4.0,6.6
1740046195.647000,46.508605,12.939582,1584.358006,251.0,2.033158,2.8,6.6
1740046199.648000,46.508563,12.939428,1588.988870,252.9,3.775784,3.0,5.9
1740046202.646000,46.508518,12.939262,1593.990006,245.2,1.734876,3.2,6.8
1740046205.645000,46.508470,12.939113,1600.295321,246.1,2.471606,4.4,8.0
1740046208.648000,46.508426,12.938990,1606.844223,244.9,2.470386,4.3,7.4
1740046211.645000,46.508376,12.938851,1613.620973,246.0,3.586198,3.8,6.6
1740046214.646000,46.508325,12.938703,1619.340938,245.0,3.957054,3.2,6.0
1740046217.647000,46.508275,12.938538,1624.671675,249.0,4.237777,3.8,5.2
1740046220.649000,46.508229,12.938374,1630.702669,247.0,4.069222,4.3,4.4
1740046223.648000,46.508185,12.938213,1636.175844,247.0,3.186516,3.8,4.0
1740046226.651000,46.508140,12.938060,1641.992433,245.9,4.074224,2.8,4.0
1740046229.646000,46.508100,12.937904,1646.289971,248.0,3.940534,2.9,4.5
1740046232.645000,46.508060,12.937739,1650.383774,249.0,3.403178,3.3,3.9
1740046235.646000,46.508025,12.937594,1654.101096,247.1,3.080053,4.2,3.8
1740046238.650000,46.507986,12.937442,1657.763032,247.0,3.606782,4.7,3.8
1740046241.649000,46.507952,12.937291,1659.230850,250.0,3.702548,3.2,3.8
1740046244.655000,46.507915,12.937143,1660.823733,248.0,3.808641,3.7,3.8
1740046247.645000,46.507881,12.937007,1662.575100,250.0,3.388667,3.7,4.0
1740046250.651000,46.507850,12.936884,1664.435507,248.0,3.351887,3.9,4.1
1740046253.651000,46.507815,12.936745,1666.830101,250.0,3.559616,3.1,4.2
1740046256.648000,46.507779,12.936592,1668.793063,248.1,3.467330,3.0,4.7
1740046259.649000,46.507729,12.936419,1673.448648,243.3,3.206025,3.2,4.6
1740046262.644000,46.507680,12.936246,1677.938040,249.0,3.136948,4.1,4.3
1740046265.642000,46.507637,12.936108,1682.636690,242.1,2.737972,4.6,4.3
1740046268.650000,46.507600,12.935966,1687.487184,251.0,3.066046,3.8,4.3
1740046271.649000,46.507559,12.935830,1692.500984,243.0,3.035247,3.1,4.2
1740046274.650000,46.507513,12.935682,1697.905579,246.0,3.393768,3.8,4.0
1740046277.652000,46.507471,12.935527,1701.419952,248.0,3.374727,4.2,3.8
1740046280.643000,46.507441,12.935399,1706.057810,249.9,2.847947,3.7,3.9
1740046284.641000,46.507407,12.935244,1712.315649,248.0,2.867106,3.1,4.1
1740046287.647000,46.507372,12.935105,1716.462881,250.0,3.075614,3.0,4.6
1740046291.640000,46.507342,12.934975,1723.047279,250.1,2.515831,3.5,5.2
1740046295.641000,46.507304,12.934828,1730.381131,250.0,3.272782,4.6,5.6
1740046298.641000,46.507270,12.934693,1735.147211,250.0,2.584667,4.7,7.7
1740046301.643000,46.507238,12.934567,1741.113270,250.0,2.941613,3.1,11.3
1740046304.669000,46.507201,12.934429,1745.763196,250.0,2.663577,3.6,11.1
1740046307.644000,46.507163,12.934266,1749.627257,251.0,3.290654,4.3,11.0
1740046310.642000,46.507124,12.934099,1754.085990,251.0,3.541483,3.8,10.9
1740046313.644000,46.507086,12.933933,1759.427583,250.0,2.924251,3.1,10.8
1740046316.650000,46.507036,12.933769,1765.194885,246.0,3.376287,3.2,10.8
1740046319.646000,46.506983,12.933605,1769.653441,246.0,3.660175,3.2,10.8
1740046321.645000,46.506949,12.933482,1773.614186,249.9,3.950909,3.7,10.8
1740046323.647000,46.506919,12.933355,1775.244105,248.1,4.035049,4.6,10.8
1740046327.649000,46.506882,12.933179,1778.652866,251.0,3.793914,3.8,10.9
1740046330.645000,46.506843,12.933038,1781.754565,250.9,3.850796,3.1,10.9
1740046333.654000,46.506803,12.932893,1783.957946,248.0,4.124574,3.8,9.7
1740046336.645000,46.506762,12.932728,1787.551788,248.0,3.716155,3.9,6.7
1740046339.651000,46.506715,12.932558,1788.370928,247.0,4.210354,3.8,4.8
1740046342.654000,46.506670,12.932405,1788.848748,242.1,4.071019,2.9,4.8
1740046345.648000,46.506636,12.932268,1788.657741,248.0,2.799467,3.2,4.8
1740046356.642000,46.506617,12.932140,1787.993214,251.9,0.864608,3.8,5.7
1740046363.652000,46.506537,12.932068,1788.442447,161.0,1.258021,4.0,5.3
1740046370.645000,46.506439,12.932105,1788.577058,159.4,1.358784,3.3,4.5
1740046375.651000,46.506347,12.932176,1787.930944,162.0,1.856726,3.2,4.5
1740046445.653000,46.506343,12.932320,1786.488096,73.9,4.176603,3.1,3.8
1740046448.660000,46.506325,12.932458,1782.945225,102.0,4.882781,3.8,3.8
1740046451.658000,46.506346,12.932599,1780.041568,66.0,4.150070,4.3,3.8
1740046455.650000,46.506308,12.932737,1775.140082,125.0,2.839912,4.0,3.8
1740046460.647000,46.506291,12.932875,1771.419638,63.8,2.964277,3.1,3.8
1740046464.654000,46.506283,12.933016,1767.316716,104.1,2.699444,3.8,3.8
1740046468.658000,46.506300,12.933164,1764.199951,69.7,3.246777,5.5,3.8
1740046472.655000,46.506292,12.933340,1758.901092,80.9,3.920066,4.2,3.9
1740046474.652000,46.506308,12.933476,1756.810075,93.2,4.806749,3.5,4.0
1740046477.656000,46.506320,12.933626,1752.059555,77.5,4.083904,3.4,3.8
1740046479.653000,46.506316,12.933764,1749.043239,105.0,5.127198,4.1,3.8
1740046483.657000,46.506358,12.933898,1742.904696,29.3,4.994658,4.6,3.8
1740046485.653000,46.506364,12.934030,1740.058428,120.7,5.693111,4.2,3.8
1740046487.651000,46.506334,12.934165,1737.692480,97.5,4.894135,4.3,3.8
1740046489.654000,46.506441,12.934255,1733.762589,50.0,8.355376,3.8,3.8
1740046491.652000,46.506500,12.934419,1730.814770,69.8,7.411594,3.5,4.0
1740046493.645000,46.506603,12.934552,1726.574981,32.5,8.067189,3.6,4.3
1740046495.654000,46.506681,12.934689,1721.987504,67.9,6.536142,4.3,4.5
1740046497.658000,46.506743,12.934837,1719.525478,49.7,3.952863,5.0,4.5
1740046499.655000,46.506862,12.934948,1714.944300,48.5,8.134295,5.4,4.9
1740046501.654000,46.506892,12.935174,1709.716562,78.8,7.845903,5.6,5.1
1740046503.659000,46.506962,12.935361,1704.915954,58.0,7.798263,4.6,4.9
1740046505.653000,46.507084,12.935446,1698.203831,29.1,8.444259,4.0,4.5
1740046507.660000,46.507169,12.935611,1694.221919,66.7,7.775196,3.9,4.6
1740046509.658000,46.507230,12.935764,1691.987967,47.1,6.322974,4.5,4.8
1740046511.657000,46.507301,12.935868,1688.568954,69.5,5.347770,4.5,5.0
1740046514.648000,46.507343,12.936036,1685.211480,42.2,5.343103,4.2,5.2
1740046517.656000,46.507375,12.936213,1678.728187,79.7,4.533633,4.1,5.2
1740046519.653000,46.507407,12.936340,1675.755624,60.8,4.668767,3.7,5.0
1740046522.658000,46.507396,12.936532,1669.229868,109.0,4.315434,2.9,4.5
1740046524.660000,46.507454,12.936635,1664.605373,48.0,5.156432,3.3,4.1
1740046526.656000,46.507446,12.936784,1660.726292,132.7,6.927875,3.5,3.9
1740046528.652000,46.507379,12.936876,1655.925323,92.9,5.302424,4.5,3.8
1740046530.650000,46.507431,12.937059,1651.995203,65.1,8.015800,5.5,3.8
1740046532.645000,46.507402,12.937279,1648.462544,106.8,9.414420,5.0,3.8
1740046534.647000,46.507404,12.937486,1644.605120,82.4,8.501732,3.9,3.8
1740046536.659000,46.507472,12.937650,1640.125619,73.9,7.950856,3.3,3.8
1740046538.650000,46.507492,12.937822,1637.232125,76.2,6.132493,3.1,3.8
1740046541.660000,46.507562,12.937979,1633.186101,82.4,6.168346,3.8,3.8
1740046543.651000,46.507550,12.938108,1631.720794,82.4,5.759544,4.0,3.8
1740046546.655000,46.507631,12.938280,1624.429237,69.1,5.623434,3.5,4.0
1740046548.655000,46.507712,12.938407,1620.038083,55.2,6.878720,4.1,4.4
1740046550.656000,46.507758,12.938600,1615.042487,62.4,7.317379,3.7,4.7
1740046552.657000,46.507845,12.938716,1610.475150,54.1,7.178031,3.4,5.0
1740046554.657000,46.507886,12.938888,1606.327471,49.4,6.556243,3.0,4.9
1740046556.653000,46.508004,12.938996,1601.947132,36.8,8.782657,3.5,4.7
1740046558.655000,46.508044,12.939151,1596.364844,85.6,5.362806,3.7,4.4
1740046560.653000,46.508117,12.939285,1591.526975,28.8,7.098889,4.7,4.5
1740046562.655000,46.508215,12.939309,1587.046876,34.6,6.587850,5.7,4.5
1740046564.655000,46.508257,12.939457,1583.041005,66.1,6.812387,5.3,4.3
1740046566.655000,46.508362,12.939565,1577.041582,19.1,7.482642,4.2,4.1
1740046568.653000,46.508434,12.939735,1571.069347,72.6,7.960700,3.6,4.0
1740046570.655000,46.508518,12.939873,1565.801015,29.7,6.104973,3.5,4.1
1740046572.652000,46.508575,12.940043,1560.460521,88.3,7.732585,4.2,4.3
1740046574.659000,46.508622,12.940164,1556.985381,51.0,4.899973,4.1,4.4
1740046576.654000,46.508752,12.940287,1550.567975,41.5,9.229074,4.7,4.3
1740046578.650000,46.508764,12.940470,1545.592213,85.8,6.373390,3.8,4.3
1740046580.654000,46.508849,12.940599,1539.321751,35.4,7.136495,4.5,4.4
1740046581.649000,46.508944,12.940644,1536.505941,17.2,11.285094,4.3,4.4
1740046583.646000,46.509044,12.940838,1532.700109,61.7,9.173948,3.7,4.3
1740046585.651000,46.509132,12.941023,1529.177534,40.6,7.429737,3.5,4.2
1740046587.655000,46.509235,12.941088,1524.606598,354.1,6.890701,3.6,4.1
1740046589.646000,46.509314,12.941167,1523.274029,71.9,4.985057,4.0,4.1
1740046593.653000,46.509380,12.941262,1519.260029,356.0,4.518759,5.4,3.9
1740046596.653000,46.509500,12.941231,1516.123457,3.9,5.976792,5.7,4.0
1740046598.657000,46.509602,12.941318,1512.614139,23.8,7.148406,4.6,4.1
1740046600.652000,46.509690,12.941466,1506.407892,42.4,7.860425,3.9,4.4
1740046602.659000,46.509796,12.941595,1502.546324,37.2,7.705734,3.8,4.4
1740046604.653000,46.509881,12.941777,1498.866045,49.3,8.092254,4.6,4.7
1740046606.656000,46.509967,12.941932,1494.428640,56.2,7.023660,4.4,4.7
1740046608.651000,46.510019,12.942121,1491.266953,65.2,7.395760,5.0,4.9
1740046610.656000,46.510084,12.942332,1485.004109,63.5,8.078887,4.1,4.8
1740046612.656000,46.510112,12.942574,1479.323715,71.6,9.034320,4.8,4.9
1740046613.654000,46.510118,12.942722,1477.289225,78.8,9.675206,4.4,5.1
1740046614.652000,46.510107,12.942858,1473.571109,87.8,10.080446,4.4,5.4
1740046616.655000,46.510093,12.943110,1469.297834,91.0,9.021091,4.1,5.4
1740046618.655000,46.510156,12.943316,1463.165893,76.7,9.096991,3.8,6.0
1740046620.653000,46.510202,12.943507,1460.064243,96.4,7.617329,4.2,5.8
1740046622.655000,46.510273,12.943673,1456.633310,65.4,7.396264,4.4,5.5
1740046624.652000,46.510386,12.943811,1450.008586,55.0,7.227716,5.3,5.1
1740046626.655000,46.510393,12.944048,1448.068325,86.2,8.567997,6.4,5.1
1740046628.654000,46.510460,12.944245,1442.689168,61.8,8.062294,6.0,5.0
1740046630.655000,46.510480,12.944470,1439.827278,83.1,8.527010,4.0,4.7
1740046632.653000,46.510472,12.944683,1436.421905,87.4,8.204116,3.3,4.5
1740046634.655000,46.510458,12.944917,1432.980865,93.9,8.828301,3.2,4.4
1740046636.655000,46.510454,12.945123,1429.410035,88.0,8.311844,3.9,4.4
1740046638.651000,46.510552,12.945333,1425.840835,65.6,9.495638,3.7,4.3
1740046640.657000,46.510583,12.945589,1422.584433,79.0,9.529996,4.2,4.3
1740046642.653000,46.510610,12.945805,1419.659228,77.7,8.504986,3.7,4.2
1740046644.657000,46.510664,12.945976,1417.912310,69.0,7.603448,3.8,4.4
1740046646.655000,46.510689,12.946153,1417.273050,79.0,7.309077,3.3,4.5
1740046648.656000,46.510649,12.946378,1415.995144,102.9,9.048602,3.0,4.7
1740046649.656000,46.510641,12.946527,1414.503058,96.2,11.242907,3.0,4.7
1740046650.659000,46.510660,12.946673,1411.441832,82.3,11.566409,3.4,4.8
1740046651.657000,46.510688,12.946850,1408.902016,79.1,11.799613,3.9,4.8
1740046652.655000,46.510723,12.947015,1407.150340,76.0,12.716668,3.6,4.7
1740046653.653000,46.510754,12.947186,1406.334368,77.0,13.838308,3.6,4.6
1740046654.654000,46.510791,12.947370,1405.440219,75.0,15.016171,4.6,4.4
1740046655.655000,46.510832,12.947534,1402.961446,71.1,12.890708,4.5,4.3
1740046656.656000,46.510863,12.947666,1399.491641,75.9,12.152345,5.6,4.1
1740046657.656000,46.510873,12.947842,1397.024821,81.9,14.323266,5.1,3.9
1740046658.656000,46.510899,12.948016,1395.171707,79.1,13.931216,5.2,3.8
1740046659.656000,46.510919,12.948203,1393.163715,79.0,14.056520,5.1,3.8
1740046660.653000,46.510936,12.948370,1392.403585,80.0,12.423075,4.0,3.8
1740046661.655000,46.510965,12.948534,1390.983178,73.1,13.231418,4.0,3.8
1740046662.658000,46.510991,12.948672,1388.888471,75.9,12.326908,3.3,3.8
1740046663.657000,46.511019,12.948816,1387.618887,73.0,11.640696,3.3,3.8
1740046664.660000,46.511056,12.948954,1385.979310,69.0,11.779791,3.2,3.8
1740046665.652000,46.511075,12.949092,1385.581099,82.0,10.921668,3.1,3.8
1740046666.654000,46.511094,12.949231,1385.076443,80.6,10.995624,3.8,3.8
1740046667.654000,46.511136,12.949384,1383.470645,75.2,11.598287,3.8,3.8
1740046668.659000,46.511167,12.949537,1380.290208,74.0,11.602773,3.7,3.8
1740046669.651000,46.511198,12.949670,1378.806808,72.4,10.884821,4.0,3.8
1740046671.653000,46.511255,12.949921,1376.057543,71.0,10.272365,4.2,3.8
1740046673.660000,46.511260,12.950160,1373.003963,81.5,9.540997,3.7,3.8
1740046675.653000,46.511331,12.950371,1370.369372,70.3,9.498947,3.8,3.8
1740046677.659000,46.511391,12.950563,1367.716990,67.6,9.177571,3.3,3.8
1740046678.660000,46.511427,12.950694,1366.874254,68.8,9.412284,3.3,3.8
1740046680.644000,46.511446,12.950930,1365.827762,80.8,9.015027,3.1,3.8
1740046682.657000,46.511450,12.951109,1363.400024,82.2,6.953458,3.4,3.8
1740046684.657000,46.511486,12.951272,1363.400024,77.4,5.993218,3.6,3.8
1740046694.647000,46.511575,12.951300,1363.400024,8.0,2.174269,2.9,4.5
1740046706.648000,46.511639,12.951190,1363.400024,299.7,1.073761,3.1,3.8
1740046729.984000,46.511645,12.951059,1363.199951,237.8,0.546477,2.2,5.0
1740046758.669000,46.511606,12.950937,1363.199951,250.9,1.082456,3.5,3.5
1740046763.652000,46.511541,12.950673,1363.199951,246.4,3.302889,7.3,3.1
1740046765.647000,46.511502,12.950540,1366.990687,-1.0,0.096390,7.5,3.4
1740046768.648000,46.511458,12.950374,1369.816373,247.6,0.892850,7.4,3.5
1740046770.648000,46.511421,12.950215,1372.722290,250.0,3.367003,4.2,3.5
1740046773.648000,46.511376,12.950039,1375.328168,248.1,4.213274,3.7,3.8
1740046776.648000,46.511333,12.949882,1376.314632,248.0,4.227712,3.7,3.8
1740046779.646000,46.511295,12.949730,1377.859218,249.0,4.040564,4.9,3.8
1740046782.650000,46.511256,12.949577,1378.704560,248.8,4.047042,9.8,3.8
1740046785.656000,46.511219,12.949429,1380.818672,249.0,3.923486,7.1,3.9
1740046788.651000,46.511180,12.949280,1382.409900,248.1,3.956866,3.4,3.9
1740046791.652000,46.511138,12.949119,1384.748204,247.9,4.055956,3.5,3.8
1740046794.646000,46.511099,12.948967,1386.944910,248.8,4.004450,7.7,3.8
1740046797.652000,46.511057,12.948813,1389.829837,248.9,4.165945,7.4,3.8
1740046800.644000,46.511013,12.948670,1393.334308,246.0,3.969005,3.5,3.8
1740046803.653000,46.510967,12.948523,1394.584944,248.0,4.218346,3.2,3.8
1740046806.649000,46.510931,12.948376,1395.114589,249.2,4.201957,4.0,3.8
1740046809.649000,46.510893,12.948224,1396.254944,248.1,4.007974,7.6,3.8
1740046812.653000,46.510856,12.948079,1396.396632,249.4,3.998686,7.3,3.8
1740046815.646000,46.510818,12.947933,1397.822979,247.9,4.225442,3.4,3.8
1740046818.650000,46.510775,12.947779,1399.230655,247.1,4.008255,3.4,3.8
1740046821.649000,46.510733,12.947623,1400.891271,249.0,3.974403,7.3,3.8
1740046824.653000,46.510692,12.947465,1402.861336,248.1,4.070908,7.1,3.8
1740046827.654000,46.510649,12.947309,1405.307347,248.8,4.093962,3.6,3.8
1740046830.644000,46.510606,12.947155,1407.679472,248.0,4.011766,3.3,3.8
1740046833.648000,46.510565,12.947013,1410.539178,248.0,3.900357,4.0,3.8
1740046836.648000,46.510523,12.946870,1413.430705,248.3,3.740050,10.3,3.8
1740046839.647000,46.510484,12.946730,1416.662416,249.3,3.879315,7.9,3.8
1740046842.652000,46.510441,12.946574,1417.678777,247.9,4.002555,3.5,3.8
1740046845.646000,46.510401,12.946429,1417.972813,247.9,4.113653,3.4,3.8
1740046848.649000,46.510362,12.946280,1418.879735,248.1,4.073189,7.7,3.8
1740046851.645000,46.510327,12.946129,1419.669699,248.7,4.091317,7.2,3.8
1740046854.651000,46.510290,12.945978,1421.480900,249.9,4.002534,3.7,3.8
1740046857.649000,46.510250,12.945828,1422.708555,248.3,3.923887,3.6,3.8
1740046860.647000,46.510210,12.945686,1424.465233,248.5,3.760612,3.9,3.8
1740046863.651000,46.510173,12.945559,1426.583112,247.5,2.639351,9.8,3.8
1740046868.652000,46.510137,12.945426,1429.346081,249.2,1.610364,3.3,3.8
1740046873.651000,46.510095,12.945298,1431.601273,250.0,1.800751,3.5,3.8
1740046879.652000,46.510050,12.945178,1434.860014,253.1,0.608903,7.7,3.8
1740046883.649000,46.510006,12.945034,1436.515663,247.2,2.629992,3.7,4.1
1740046886.645000,46.509983,12.944870,1437.423332,250.7,3.762060,3.4,4.5
1740046889.650000,46.509953,12.944700,1438.207602,248.2,4.082582,4.0,4.5
1740046892.653000,46.509915,12.944541,1439.338811,249.0,4.030983,7.7,4.0
1740046895.645000,46.509871,12.944381,1441.000023,248.9,4.080167,7.6,3.8
1740046898.647000,46.509829,12.944222,1442.676305,248.3,3.862287,3.7,3.8
1740046901.646000,46.509793,12.944080,1445.292498,248.5,3.892167,3.7,3.8
1740046904.654000,46.509756,12.943947,1447.223140,248.6,2.952576,7.6,3.8
1740046907.649000,46.509728,12.943816,1451.493538,250.1,3.621414,7.2,3.8
1740046910.650000,46.509689,12.943672,1454.447160,249.1,3.519861,4.1,3.9
1740046913.646000,46.509652,12.943540,1458.224523,249.5,3.290765,3.7,4.1
1740046916.649000,46.509606,12.943380,1463.562194,247.8,4.127453,3.7,4.4
1740046919.648000,46.509563,12.943243,1468.378458,245.1,3.177182,4.0,4.7
1740046922.642000,46.509518,12.943093,1473.353554,249.0,3.570386,10.7,4.7
1740046925.648000,46.509473,12.942943,1477.143850,247.0,3.949685,7.5,4.4
1740046928.649000,46.509429,12.942796,1480.598921,249.0,3.549348,3.1,4.2
1740046931.650000,46.509383,12.942658,1484.582522,248.0,3.718547,3.7,4.1
1740046934.650000,46.509345,12.942522,1489.548555,249.0,3.759774,3.5,4.2
1740046937.643000,46.509311,12.942381,1493.466555,249.0,3.730371,8.1,4.0
1740046940.651000,46.509278,12.942254,1498.527175,248.0,2.940104,7.6,3.9
1740046943.649000,46.509244,12.942117,1503.435323,249.0,3.103047,4.2,3.9
1740046946.649000,46.509211,12.941974,1508.291314,251.0,1.125911,3.6,3.8
1740046949.647000,46.509169,12.941822,1513.232325,248.1,4.518579,3.2,3.8
1740046952.647000,46.509123,12.941656,1515.860576,247.1,4.126874,4.1,3.8
1740046955.647000,46.509086,12.941509,1519.132784,249.6,3.703061,10.7,3.8
1740046958.653000,46.509052,12.941362,1522.574117,248.1,4.017551,8.0,3.8
1740046961.651000,46.509012,12.941212,1526.104956,248.0,3.969459,3.1,3.8
1740046964.645000,46.508973,12.941061,1530.119743,248.0,4.108232,3.4,3.8
1740046967.652000,46.508931,12.940908,1533.617089,248.9,3.808852,3.4,3.8
1740046970.645000,46.508890,12.940761,1537.476934,248.5,3.773108,7.3,3.8
1740046973.642000,46.508847,12.940618,1542.185912,248.8,3.925537,4.2,3.8
1740046976.648000,46.508809,12.940474,1546.439537,250.1,3.623477,3.5,3.8
1740046979.645000,46.508770,12.940335,1551.420105,248.6,3.953102,3.4,4.0
1740046982.644000,46.508733,12.940201,1556.845457,249.0,3.929728,4.2,4.2
1740046985.649000,46.508696,12.940073,1561.277203,250.2,3.332685,10.9,4.2
1740046989.647000,46.508662,12.939909,1568.457610,249.1,3.656664,7.7,4.1
1740046992.651000,46.508622,12.939758,1571.615395,249.0,3.914240,2.8,3.9
1740046995.645000,46.508582,12.939603,1575.409601,248.9,3.890420,3.4,3.8
1740046998.649000,46.508547,12.939460,1578.993219,248.9,3.590221,3.5,3.8
1740047001.652000,46.508514,12.939316,1583.165070,248.0,3.953787,8.0,3.8
1740047004.645000,46.508482,12.939169,1587.609730,249.0,3.949834,4.2,3.9
1740047007.652000,46.508458,12.939042,1591.241935,252.7,3.155159,3.7,4.1
1740047011.653000,46.508428,12.938886,1599.918107,253.5,2.937145,3.4,4.7
1740047017.646000,46.508406,12.938728,1613.202967,250.2,2.446001,10.7,7.6
1740047020.650000,46.508363,12.938610,1620.042497,249.0,3.034710,7.7,7.3
1740047023.650000,46.508318,12.938478,1624.230811,250.0,3.630860,2.8,6.0
1740047026.644000,46.508273,12.938335,1631.192188,249.0,3.481663,3.5,5.2
1740047029.648000,46.508232,12.938206,1636.622946,253.1,1.306630,8.7,4.8
1740047032.648000,46.508186,12.938080,1641.533833,245.0,4.336859,8.1,4.9
1740047034.650000,46.508145,12.937963,1645.199417,247.0,3.452440,8.0,4.8
1740047037.654000,46.508094,12.937791,1648.749883,248.0,3.840088,3.7,4.4
1740047040.650000,46.508048,12.937623,1652.628254,249.0,3.830404,3.7,4.2
1740047043.648000,46.507999,12.937453,1655.994016,246.0,4.362352,4.3,4.6
1740047045.649000,46.507964,12.937330,1658.281071,249.0,3.684974,4.1,4.6
1740047048.652000,46.507921,12.937164,1659.789039,249.0,3.723881,7.8,4.0
1740047051.642000,46.507878,12.937004,1661.617968,248.0,4.090532,2.8,3.9
1740047054.647000,46.507841,12.936854,1662.850796,248.0,4.009949,3.5,3.8
1740047057.653000,46.507808,12.936712,1665.281129,250.0,3.791835,8.7,3.8
1740047060.651000,46.507773,12.936582,1668.055033,248.2,2.010112,7.9,3.9
1740047064.652000,46.507726,12.936416,1671.872369,248.0,3.758544,3.8,4.5
1740047067.652000,46.507683,12.936269,1676.486847,249.0,3.413640,3.7,4.6
1740047070.650000,46.507640,12.936116,1681.281630,248.0,3.244356,4.3,4.5
1740047073.648000,46.507602,12.935977,1686.622301,247.0,3.290047,4.2,4.5
1740047076.647000,46.507560,12.935825,1691.539449,249.0,3.407186,8.9,4.3
1740047079.648000,46.507512,12.935648,1696.694222,246.8,4.063809,3.1,4.0
1740047082.651000,46.507470,12.935488,1700.524148,247.6,3.927539,3.7,3.8
1740047085.651000,46.507432,12.935334,1704.661496,249.9,3.785279,3.7,3.8
1740047088.650000,46.507396,12.935187,1709.253028,247.0,4.099902,8.8,3.8
1740047091.657000,46.507358,12.935046,1713.491059,247.6,3.631668,8.2,3.8
1740047094.650000,46.507323,12.934912,1718.618475,248.0,3.699414,4.0,3.8
1740047097.649000,46.507288,12.934777,1723.490784,248.1,3.527781,3.4,4.3
1740047100.653000,46.507254,12.934649,1728.605118,248.5,3.414083,4.1,4.3
1740047103.645000,46.507218,12.934521,1733.474156,248.4,3.401308,12.3,3.8
1740047106.646000,46.507186,12.934399,1739.188874,246.1,3.009157,8.7,3.8
1740047109.650000,46.507148,12.934267,1744.048089,249.0,3.602003,2.8,3.8
1740047112.649000,46.507105,12.934119,1748.388291,248.0,3.512063,3.4,3.8
1740047115.648000,46.507065,12.933971,1752.863747,249.0,3.790721,8.8,3.8
1740047118.648000,46.507028,12.933832,1757.440981,248.0,3.799952,8.4,3.8
1740047121.645000,46.506991,12.933685,1762.702355,248.0,4.009771,4.3,3.8
1740047124.654000,46.506953,12.933542,1768.108868,249.0,3.650824,3.6,3.8
1740047127.653000,46.506916,12.933422,1773.453454,246.5,4.130249,4.1,3.8
1740047130.652000,46.506872,12.933262,1775.993901,247.9,4.251134,12.4,3.8
1740047133.644000,46.506830,12.933099,1778.812406,248.0,4.006115,8.8,3.8
1740047136.646000,46.506791,12.932940,1781.514879,249.0,3.942350,2.8,3.8
1740047139.650000,46.506752,12.932790,1784.112203,250.0,3.800377,3.5,3.8
1740047142.643000,46.506723,12.932666,1787.277756,247.3,4.078554,3.5,3.8
1740047145.655000,46.506679,12.932503,1788.758830,247.9,4.064866,8.0,3.8
1740047149.651000,46.506632,12.932362,1789.117409,246.2,3.523484,4.3,4.1
1740047158.650000,46.506573,12.932239,1789.344368,239.7,1.274558,4.1,6.8
1740047163.645000,46.506541,12.932099,1788.291742,228.2,0.891438,8.8,4.8
1740047169.645000,46.506486,12.931977,1788.495555,242.5,0.989312,3.5,4.0
1740047174.652000,46.506428,12.931872,1778.685999,232.0,1.921529,2.6,4.2
1740047181.033000,46.506369,12.931767,1789.068390,221.9,1.351130,3.6,3.1
1740047187.894000,46.506307,12.931672,1789.191945,219.4,1.515424,4.1,3.0
1740047194.502000,46.506234,12.931580,1789.018152,207.8,1.315455,8.9,3.0
1740047201.603000,46.506208,12.931446,1770.204619,282.4,1.050180,3.4,3.1
1740047328.650000,46.506256,12.931149,1765.281493,301.8,2.819629,6.4,3.2
1740047330.653000,46.506368,12.931025,1763.240803,334.3,6.745415,5.3,3.5
1740047332.653000,46.506490,12.930989,1761.187809,346.1,6.901837,4.3,4.0
1740047334.653000,46.506621,12.930976,1759.398038,3.7,7.431852,5.3,3.9
1740047336.651000,46.506749,12.930972,1756.786127,2.7,7.374097,5.5,4.0
1740047338.651000,46.506880,12.931017,1750.914498,22.1,7.812899,4.4,4.3
1740047340.653000,46.506989,12.931139,1748.449806,31.0,7.480731,5.4,4.5
1740047342.653000,46.507130,12.931216,1745.248021,19.7,7.614788,8.5,4.4
1740047344.661000,46.507228,12.931283,1740.926082,26.3,6.263928,12.1,4.4
1740047347.649000,46.507347,12.931276,1738.000054,4.2,5.189100,6.3,4.7
1740047349.656000,46.507410,12.931123,1733.713273,318.1,4.520638,6.0,5.0
1740047352.650000,46.507408,12.930988,1726.244781,289.1,3.793247,6.7,5.8
1740047354.654000,46.507339,12.930822,1723.036396,249.0,6.529172,6.9,6.3
1740047355.645000,46.507292,12.930698,1721.665228,247.3,7.514462,7.3,6.8
1740047356.647000,46.507233,12.930572,1719.538661,241.2,8.554479,7.2,6.9
1740047357.640000,46.507175,12.930461,1717.284027,237.9,8.941916,6.2,7.5
1740047358.646000,46.507105,12.930372,1715.809290,234.5,8.928758,6.3,8.0
1740047359.650000,46.507035,12.930264,1714.139443,232.1,9.556072,5.1,8.1
1740047360.650000,46.506983,12.930153,1712.102993,235.7,9.321135,5.3,8.6
1740047361.650000,46.506937,12.930035,1710.824241,238.6,9.376734,4.8,8.6
1740047363.649000,46.506818,12.929850,1708.750593,231.0,9.062497,5.4,8.3
1740047367.648000,46.506734,12.929729,1704.328609,227.8,4.720600,5.3,6.8
1740047370.645000,46.506614,12.929643,1702.158234,214.3,5.726408,5.4,4.6
1740047372.650000,46.506476,12.929511,1701.012642,215.0,8.844853,7.0,4.2
1740047374.649000,46.506363,12.929345,1697.289933,225.8,8.536862,8.5,4.9
1740047376.650000,46.506260,12.929208,1693.376364,222.0,7.485073,9.7,7.1
1740047378.655000,46.506194,12.929106,1689.337939,234.7,5.667070,6.3,10.3
1740047381.646000,46.506202,12.928938,1685.973408,268.6,4.306993,6.6,10.2
1740047383.645000,46.506166,12.928789,1683.538170,242.9,5.081673,7.4,10.2
1740047385.653000,46.506098,12.928676,1679.483372,230.9,5.240749,7.3,10.4
1740047388.652000,46.506089,12.928499,1672.500372,275.0,4.432758,4.4,10.5
1740047390.648000,46.506108,12.928356,1670.518236,276.7,4.751192,4.2,10.4
1740047392.654000,46.506045,12.928252,1665.190017,243.1,4.831739,5.2,10.3
1740047395.650000,46.505986,12.928111,1658.460439,265.4,4.838107,5.2,10.1
1740047397.655000,46.506020,12.927988,1654.960015,281.3,4.656221,5.1,10.2
1740047399.651000,46.506024,12.927851,1651.417214,263.8,4.995029,5.4,10.3
1740047401.649000,46.505974,12.927736,1646.075588,243.5,4.996826,7.0,10.4
1740047403.648000,46.505954,12.927591,1642.529107,266.9,5.431311,9.8,10.3
1740047405.651000,46.506002,12.927463,1638.060456,294.2,5.177608,10.0,10.1
1740047407.653000,46.506042,12.927334,1633.628267,286.6,5.173979,6.4,10.1
1740047409.652000,46.506031,12.927204,1629.567492,266.6,4.656495,6.8,10.3
1740047411.651000,46.505993,12.927052,1625.888282,271.2,6.801206,6.0,10.3
1740047413.652000,46.506021,12.926899,1621.664428,288.6,6.512609,7.1,10.2
1740047415.645000,46.506025,12.926747,1616.610051,271.2,6.907377,5.5,10.0
1740047417.642000,46.506061,12.926539,1610.315886,295.9,12.523820,4.9,10.0
1740047418.649000,46.506128,12.926418,1608.141923,322.3,10.597030,4.3,10.0
1740047420.652000,46.506302,12.926319,1603.174630,341.3,11.888330,4.0,10.1
1740047421.654000,46.506404,12.926349,1599.421977,6.5,11.251894,5.4,10.0
1740047422.651000,46.506486,12.926424,1598.253271,40.8,10.673224,5.5,10.0
1740047424.648000,46.506598,12.926590,1594.533639,27.2,8.080236,5.0,10.0
1740047426.657000,46.506750,12.926619,1590.711193,7.2,8.095228,5.4,10.0
1740047428.652000,46.506898,12.926707,1588.387190,31.0,8.812130,5.4,10.1
1740047430.644000,46.507036,12.926761,1584.273171,8.8,7.925358,4.9,10.2
1740047432.654000,46.507187,12.926863,1580.677308,29.9,9.041004,9.3,10.5
1740047434.652000,46.507344,12.926905,1575.640797,2.5,9.005771,10.1,10.6
1740047436.649000,46.507504,12.926948,1569.870832,24.7,8.576334,6.0,8.6
1740047438.650000,46.507613,12.927033,1567.319530,14.8,7.092412,6.1,6.7
1740047440.650000,46.507716,12.927042,1562.621960,344.6,4.328978,6.1,5.4
1740047442.650000,46.507837,12.926964,1560.283543,356.8,7.702895,6.1,5.8
1740047444.655000,46.507946,12.927009,1555.711702,16.4,8.172542,5.7,5.6
1740047446.653000,46.508038,12.926989,1550.493924,340.4,4.560206,5.0,5.6
1740047448.652000,46.508127,12.926954,1545.853094,42.9,5.958362,4.1,5.5
1740047451.654000,46.508226,12.927033,1538.404500,14.5,3.879121,5.4,5.0
1740047453.649000,46.508323,12.927034,1535.486476,5.2,4.623914,5.2,5.4
1740047455.648000,46.508436,12.927027,1528.957504,34.3,5.708935,5.9,5.4
1740047457.661000,46.508537,12.927098,1526.432593,30.8,6.667550,5.6,5.2
1740047459.655000,46.508655,12.927089,1519.319548,9.8,6.274445,4.9,4.9
1740047461.653000,46.508765,12.927158,1513.498906,32.1,7.006700,8.8,4.8
1740047463.648000,46.508890,12.927187,1507.995533,355.3,8.050173,10.0,4.6
1740047464.650000,46.508984,12.927167,1505.313969,352.3,9.884332,10.1,4.3
1740047465.653000,46.509082,12.927182,1502.131308,10.8,11.363066,8.8,4.2
1740047467.651000,46.509249,12.927253,1494.311903,11.6,10.668760,6.1,4.1
1740047468.652000,46.509341,12.927236,1493.033134,356.9,10.663778,5.7,4.1
1740047469.652000,46.509446,12.927221,1488.783693,356.1,11.678052,6.3,4.2
1740047470.656000,46.509539,12.927245,1485.556837,12.1,10.659461,6.4,4.2
1740047471.650000,46.509624,12.927298,1482.234671,16.8,10.671158,6.1,4.2
1740047472.649000,46.509705,12.927358,1479.285533,20.3,10.503965,6.0,4.3
1740047474.652000,46.509906,12.927458,1473.185040,19.7,11.283991,5.9,4.7
1740047475.646000,46.510026,12.927531,1470.380276,20.1,12.751131,5.9,4.9
1740047476.648000,46.510151,12.927606,1467.882735,22.0,14.324753,5.2,5.1
1740047477.652000,46.510242,12.927714,1465.533845,37.1,13.512657,4.5,5.2
1740047478.647000,46.510345,12.927833,1463.694030,38.7,14.317763,4.3,5.2
1740047479.649000,46.510443,12.927962,1461.005535,40.3,14.723487,3.9,5.1
1740047480.650000,46.510533,12.928094,1457.525312,42.7,14.780648,4.7,4.9
1740047481.651000,46.510627,12.928234,1454.840525,44.0,15.035625,4.0,4.9
1740047482.650000,46.510678,12.928390,1452.450275,52.8,13.889543,5.4,4.8
1740047483.652000,46.510702,12.928566,1448.635168,64.6,13.600899,5.3,4.7
1740047484.651000,46.510707,12.928754,1448.870713,76.0,13.630902,5.2,4.7
1740047485.656000,46.510689,12.928930,1446.579573,93.7,13.369922,5.9,4.6
1740047486.649000,46.510679,12.929098,1446.616635,91.0,12.893528,5.2,4.7
1740047487.653000,46.510692,12.929238,1444.516614,82.3,10.938138,5.1,4.7
1740047488.653000,46.510718,12.929384,1442.873407,75.2,11.328338,5.6,4.9
1740047490.654000,46.510826,12.929534,1440.269738,41.1,9.950023,4.8,4.9
1740047492.655000,46.510889,12.929760,1438.720216,84.8,10.416470,7.7,4.8
1740047494.648000,46.510897,12.929994,1437.756912,80.3,8.942911,10.0,4.5
1740047496.648000,46.510922,12.930191,1434.183055,78.0,8.532790,8.8,4.4
1740047498.652000,46.510913,12.930370,1433.219926,85.1,6.466679,5.6,6.8
1740047500.654000,46.510979,12.930510,1430.865932,32.6,4.725714,6.1,9.3
1740047503.650000,46.511086,12.930624,1430.042698,36.1,6.849078,5.9,10.7
1740047505.648000,46.511150,12.930760,1427.535454,52.6,5.746373,5.8,11.0
1740047507.650000,46.511214,12.930860,1423.472809,36.2,4.142847,4.8,11.8
1740047510.650000,46.511320,12.930947,1419.135730,25.2,5.736449,4.4,13.0
1740047512.649000,46.511406,12.930989,1415.803748,8.2,5.502264,5.1,13.1
1740047515.650000,46.511474,12.931089,1410.501274,25.9,4.258700,4.8,12.9
1740047517.649000,46.511570,12.931115,1407.680462,17.4,5.417058,5.2,13.0
1740047519.656000,46.511670,12.931182,1403.775786,35.6,5.908557,5.1,12.9
1740047522.654000,46.511788,12.931224,1399.115937,345.8,4.402257,8.5,12.6
1740047525.650000,46.511879,12.931201,1393.836326,9.0,3.377377,10.2,12.1
1740047529.651000,46.511984,12.931124,1390.820774,299.8,3.368288,5.6,11.4
1740047533.648000,46.511941,12.930986,1388.249479,224.4,2.000716,6.0,12.0
1740047536.643000,46.511880,12.930884,1385.639156,247.5,3.132839,5.8,12.3
1740047539.649000,46.511911,12.930710,1379.471841,297.4,2.169784,3.9,12.3
1740047543.646000,46.511867,12.930559,1373.295829,219.6,2.840532,4.9,12.0
1740047548.651000,46.511883,12.930418,1366.920877,291.0,2.679462,5.2,12.6
1740047551.651000,46.511846,12.930289,1363.533349,254.8,3.483442,4.8,11.7
1740047554.652000,46.511928,12.930177,1359.968270,292.1,4.182436,7.4,11.4
1740047557.651000,46.511989,12.930020,1355.113036,338.9,5.710285,8.9,11.6
1740047559.650000,46.512100,12.929993,1353.464915,8.6,5.521418,5.8,11.5
1740047561.656000,46.512183,12.929935,1349.141523,324.8,4.700398,6.1,11.5
1740047564.651000,46.512297,12.929965,1345.020162,1.0,5.652054,5.7,11.6
1740047567.650000,46.512372,12.929833,1337.798244,325.7,5.383126,5.4,11.3
1740047569.652000,46.512473,12.929727,1332.618097,331.8,7.980604,4.3,11.1
1740047571.650000,46.512517,12.929584,1326.322762,266.6,6.581097,3.8,11.0
1740047573.655000,46.512499,12.929394,1320.029200,273.9,8.331756,3.7,10.8
1740047575.646000,46.512580,12.929216,1315.026210,310.5,7.301618,4.9,10.6
1740047577.647000,46.512663,12.929076,1309.099930,295.6,7.369782,4.9,10.6
1740047579.650000,46.512673,12.928880,1303.043582,255.9,8.158424,5.2,10.6
1740047581.649000,46.512694,12.928649,1298.074408,299.5,9.167022,5.1,10.9
1740047583.654000,46.512758,12.928409,1292.671332,273.5,9.934179,5.1,11.8
1740047585.654000,46.512801,12.928238,1286.772116,299.8,9.946416,9.6,12.2
1740047588.650000,46.512873,12.928073,1278.547201,261.2,6.571618,9.0,11.4
1740047590.655000,46.512878,12.927891,1273.819556,288.5,8.788128,5.4,10.5
1740047592.651000,46.512974,12.927753,1269.230155,302.2,7.165164,5.8,10.5
1740047594.654000,46.513020,12.927595,1263.897593,285.2,6.342220,5.8,10.5
1740047596.648000,46.513004,12.927415,1257.661323,269.6,6.893472,5.1,10.7
1740047598.654000,46.513013,12.927183,1252.803225,275.0,8.106475,4.7,11.1
1740047600.649000,46.512981,12.926998,1246.219470,261.3,7.602788,3.8,11.1
1740047601.646000,46.512983,12.926865,1243.944138,271.5,9.090995,4.3,11.1
1740047603.649000,46.513017,12.926639,1236.777781,280.8,8.914079,5.1,11.1
1740047605.649000,46.513036,12.926428,1231.631146,278.1,8.434437,4.9,11.2
1740047617.647000,46.512970,12.926328,1224.525276,230.2,2.202460,9.7,11.6
1740047620.650000,46.512902,12.926240,1223.314023,223.6,2.858112,5.1,11.4
1740047622.651000,46.512859,12.926123,1221.980244,245.9,4.227201,5.1,11.3
1740047624.643000,46.512864,12.925960,1218.769595,267.2,5.165635,5.3,11.2
1740047626.648000,46.512806,12.925792,1214.231266,230.2,5.608913,5.2,11.0
1740047628.652000,46.512729,12.925669,1210.899194,227.5,5.890728,4.1,11.0
1740047630.652000,46.512705,12.925517,1207.657027,256.5,5.249295,4.3,11.0
1740047632.650000,46.512646,12.925350,1203.701999,235.6,7.157727,5.1,10.9
1740047634.647000,46.512604,12.925155,1199.971460,251.1,7.409744,4.7,10.7
1740047636.652000,46.512598,12.924961,1194.763573,254.2,7.997667,5.2,10.6
1740047638.652000,46.512545,12.924809,1190.650894,240.0,6.791894,5.6,9.2
1740047642.649000,46.512502,12.924619,1184.126139,264.5,5.789548,7.1,5.8
1740047644.648000,46.512508,12.924438,1180.545649,266.4,6.805472,10.8,5.4
1740047646.649000,46.512431,12.924240,1175.513702,241.7,7.446680,9.0,5.5
1740047648.651000,46.512416,12.924037,1172.578444,259.6,7.317260,5.2,5.6
1740047650.650000,46.512368,12.923843,1168.479460,249.0,7.436212,4.8,5.6
1740047652.650000,46.512320,12.923659,1164.403491,252.6,7.497008,5.1,5.8
1740047654.650000,46.512317,12.923440,1163.267835,266.5,8.335063,2.8,5.8
1740047656.648000,46.512244,12.923239,1154.236892,249.1,9.094085,5.1,5.9
1740047657.650000,46.512190,12.923121,1153.000523,245.1,9.881684,4.8,5.9
1740047659.650000,46.512177,12.922901,1148.026904,267.5,8.905437,3.8,5.9
1740047661.653000,46.512219,12.922774,1141.864240,293.2,4.529430,3.6,5.8
1740047664.649000,46.512203,12.922583,1139.023079,242.1,5.327678,4.6,5.8
1740047666.651000,46.512206,12.922403,1137.284964,280.7,7.888883,5.0,5.6
1740047668.652000,46.512266,12.922281,1135.270014,323.4,5.586833,4.5,5.8
1740047670.652000,46.512302,12.922151,1132.031467,273.4,5.407266,4.8,5.7
1740047672.653000,46.512299,12.921988,1129.977270,276.8,5.561576,8.3,5.5
1740047674.654000,46.512366,12.921856,1127.853612,310.0,5.816457,8.4,4.9
1740047676.650000,46.512390,12.921683,1124.565015,277.3,6.438488,9.9,4.6
1740047678.651000,46.512476,12.921551,1122.390304,316.7,7.298317,4.7,4.5
1740047680.653000,46.512562,12.921501,1122.428061,319.0,5.930037,3.1,4.3
1740047682.657000,46.512598,12.921346,1119.324472,276.2,6.152572,2.8,4.2
1740047684.652000,46.512682,12.921210,1112.170636,312.8,6.938324,5.1,4.3
1740047686.651000,46.512761,12.921111,1108.749382,329.0,5.183688,4.5,4.6
1740047689.651000,46.512833,12.920953,1105.092047,284.2,6.319747,3.7,5.6
1740047691.654000,46.512880,12.920783,1102.944868,303.3,6.259093,4.6,6.5
1740047693.652000,46.512988,12.920689,1099.637609,331.4,7.653933,4.7,6.9
1740047695.650000,46.513091,12.920594,1094.610789,304.6,6.588473,5.4,7.0
1740047697.651000,46.513154,12.920400,1092.530616,315.3,7.705007,6.0,6.3
1740047699.648000,46.513259,12.920276,1089.367477,319.4,7.569592,5.6,6.5
1740047701.651000,46.513312,12.920082,1084.683023,291.2,7.313465,8.2,6.8
1740047703.651000,46.513394,12.919932,1083.244826,320.7,8.138007,7.9,6.9
1740047705.656000,46.513486,12.919781,1079.891642,302.6,7.671220,4.6,6.7
1740047707.657000,46.513619,12.919607,1089.075167,320.4,10.771508,3.0,6.5
1740047709.656000,46.513706,12.919468,1084.070586,308.3,9.207831,4.4,6.8
1740047711.649000,46.513810,12.919330,1082.829235,317.7,8.077720,4.2,8.2
1740047712.656000,46.513874,12.919235,1065.421455,314.3,9.524587,5.1,9.2
1740047713.650000,46.513943,12.919128,1076.107291,318.7,10.467172,4.2,10.6
1740047714.649000,46.514041,12.919059,1061.044420,328.0,10.928265,4.1,11.6
1740047715.653000,46.514127,12.918972,1061.015995,322.2,10.875424,4.6,12.8
1740047716.647000,46.514212,12.918864,1056.789410,318.2,12.321299,4.1,13.0
1740047717.647000,46.514296,12.918726,1054.354088,312.4,13.575212,4.8,13.5
1740047718.647000,46.514384,12.918598,1052.830178,314.7,12.500022,5.1,13.6
1740047719.647000,46.514474,12.918512,1050.896753,323.3,11.038177,4.6,13.4
1740047721.649000,46.514528,12.918321,1046.140289,293.2,6.622433,4.8,12.5
1740047723.653000,46.514612,12.918206,1042.286260,325.9,7.691479,6.5,11.1
1740047725.651000,46.514717,12.918095,1040.089893,306.4,6.211751,6.7,9.9
1740047727.649000,46.514769,12.917949,1040.497656,305.9,7.377375,9.5,8.4
1740047729.651000,46.514894,12.917864,1033.256561,329.4,7.905100,7.8,7.4
1740047731.658000,46.514994,12.917722,1028.656187,312.0,8.893237,9.3,6.4
1740047733.651000,46.515148,12.917601,1038.911794,322.4,9.613811,2.9,6.1
1740047734.644000,46.515225,12.917523,1038.993094,323.1,9.860903,3.4,6.2
1740047736.664000,46.515322,12.917380,1034.553985,318.0,9.241874,2.7,6.5
1740047738.652000,46.515418,12.917218,1031.056654,313.3,8.759549,4.2,6.8
1740047739.650000,46.515455,12.917066,1029.881222,302.7,9.547260,4.3,6.9
1740047740.653000,46.515512,12.916941,1027.273436,303.6,10.098301,4.3,6.9
1740047742.653000,46.515551,12.916738,1025.200821,295.1,8.231790,3.5,6.2
1740047744.654000,46.515620,12.916536,1018.846067,294.1,8.600654,3.0,5.6
1740047747.649000,46.515760,12.916180,1012.110846,295.7,9.340670,3.1,6.3
1740047748.653000,46.515822,12.916079,1011.313441,299.8,9.377330,3.4,8.0
1740047749.653000,46.515882,12.915958,1010.364128,301.8,9.996252,5.1,8.5
1740047750.652000,46.515956,12.915795,1007.307116,302.8,11.199864,5.9,9.4
1740047751.650000,46.516050,12.915727,995.055492,316.3,11.167792,6.7,9.1
1740047752.653000,46.516142,12.915628,993.051513,321.2,11.704417,5.8,9.2
1740047753.649000,46.516229,12.915526,990.885578,320.7,11.942843,7.5,8.9
1740047755.655000,46.516391,12.915406,985.893403,323.8,11.837816,8.9,7.5
1740047757.654000,46.516566,12.915367,981.832581,335.4,10.986223,3.5,7.0
1740047758.653000,46.516661,12.915351,981.209023,339.5,10.909359,3.5,6.9
1740047759.652000,46.516765,12.915326,984.510254,342.1,11.301678,3.0,6.8
1740047760.652000,46.516871,12.915298,985.123103,344.9,11.432888,4.0,6.9
1740047761.653000,46.516988,12.915294,990.843327,349.7,11.718642,3.4,6.8
1740047762.656000,46.517086,12.915273,988.207778,358.9,10.792229,4.6,6.8
1740047763.651000,46.517181,12.915261,986.871930,348.1,10.401733,4.3,7.6
1740047764.657000,46.517276,12.915274,975.588545,358.7,10.971452,3.1,8.5
1740047765.655000,46.517376,12.915294,972.945551,2.9,11.230803,3.1,9.2
1740047766.654000,46.517478,12.915304,971.852155,1.0,11.440807,2.8,10.0
1740047767.658000,46.517580,12.915339,971.057349,5.9,11.624686,3.4,10.6
1740047768.657000,46.517692,12.915367,968.792590,7.0,12.591946,3.7,10.4
1740047769.654000,46.517808,12.915384,974.112059,3.1,12.913739,4.6,10.5
1740047770.651000,46.517931,12.915399,971.234118,4.9,13.313622,4.8,10.6
1740047771.657000,46.518048,12.915418,960.590438,6.0,12.917822,4.4,11.0
1740047772.656000,46.518175,12.915457,957.733371,4.1,14.160057,3.2,11.1
1740047773.655000,46.518306,12.915483,955.014514,8.9,14.184725,2.9,11.3
1740047774.653000,46.518433,12.915516,953.551019,10.0,14.519300,2.9,11.4
1740047775.648000,46.518566,12.915532,959.917729,5.1,14.141058,5.3,11.5
1740047776.649000,46.518698,12.915539,949.175409,7.0,14.562291,3.4,11.5
1740047777.642000,46.518821,12.915568,938.115728,9.9,14.741802,6.9,11.6
1740047778.657000,46.518955,12.915629,944.683339,22.8,16.056076,4.9,11.5
1740047779.655000,46.519078,12.915732,941.578501,31.9,15.914809,6.0,11.5
1740047780.654000,46.519186,12.915860,939.557005,38.8,15.578204,6.1,10.5
1740047781.658000,46.519286,12.916008,927.239304,42.9,16.549883,8.9,9.5
1740047782.657000,46.519370,12.916164,933.452426,50.8,15.485320,3.8,8.3
1740047783.652000,46.519438,12.916337,932.888773,55.9,15.982687,4.8,8.0
1740047784.653000,46.519472,12.916509,930.128324,60.9,14.173391,4.8,7.0
1740047785.652000,46.519524,12.916682,930.375808,63.9,15.054140,5.0,6.1
1740047786.655000,46.519580,12.916865,925.999002,64.0,15.345055,3.3,6.0
1740047787.652000,46.519616,12.917049,931.569640,67.9,14.830171,3.4,5.8
1740047788.647000,46.519660,12.917236,928.802744,69.0,14.858103,4.7,5.7
1740047789.654000,46.519698,12.917416,927.200633,71.0,14.574600,4.6,5.5
1740047790.649000,46.519720,12.917593,925.451143,71.0,14.619825,3.4,5.4
1740047791.653000,46.519759,12.917775,922.412621,72.0,14.769519,4.7,5.2
1740047792.652000,46.519801,12.917954,913.747711,72.0,14.152127,3.7,4.9
1740047793.652000,46.519828,12.918131,912.367009,78.0,13.770652,3.4,4.7
1740047794.655000,46.519856,12.918303,918.798686,74.1,13.441364,4.7,4.7
1740047795.654000,46.519885,12.918461,910.831294,74.0,12.927775,3.0,4.7
1740047796.653000,46.519922,12.918627,917.178569,68.1,12.873079,4.6,4.7
1740047797.655000,46.519961,12.918777,915.288527,69.0,12.256310,8.1,4.7
1740047798.654000,46.520027,12.918920,914.071582,56.3,13.306986,7.8,4.8
1740047799.653000,46.520086,12.919044,913.204963,54.0,11.700936,8.0,4.8
1740047800.653000,46.520158,12.919164,911.954156,47.1,11.679735,8.2,4.7
1740047801.648000,46.520224,12.919270,911.274458,49.0,10.485980,8.1,4.6
1740047802.650000,46.520286,12.919371,910.768167,49.0,9.941036,4.5,4.5
1740047804.654000,46.520376,12.919553,901.895545,54.0,7.483527,3.1,4.1
1740047806.658000,46.520472,12.919675,900.622150,34.1,6.731441,5.0,3.9
1740047808.657000,46.520576,12.919791,897.197882,38.0,7.050303,6.2,3.8
1740047810.654000,46.520669,12.919904,901.861084,42.0,6.889987,4.0,3.8
1740047812.653000,46.520746,12.920009,900.771704,45.0,5.191483,5.8,3.8
1740047819.653000,46.520786,12.920130,905.476437,66.0,0.490742,3.4,4.0
1740047885.654000,46.520854,12.920220,906.551075,9.0,1.004699,8.0,5.1
1740047892.646000,46.520945,12.920193,906.227212,316.4,1.478954,4.9,3.5
1740047898.635000,46.521022,12.920115,900.324501,318.9,1.608849,4.5,3.1
1740047905.236000,46.521100,12.920044,904.719890,325.9,1.317493,4.7,3.5
1740047912.357000,46.521190,12.919996,905.151042,332.6,1.181812,4.9,5.4
1740047919.576000,46.521272,12.919938,904.578266,320.5,1.191806,5.2,6.3
1740047925.642000,46.521355,12.919883,904.854756,324.4,1.217906,5.7,6.7
1740047933.577000,46.521438,12.919825,904.775065,340.7,1.168004,3.4,7.0
1740047945.073000,46.521527,12.919773,906.034860,319.4,0.983442,6.0,9.4
1740047971.560000,46.521590,12.919677,909.681637,338.9,1.039144,3.6,11.8
1740047980.136000,46.521656,12.919765,909.140078,90.2,1.145713,5.5,14.6
1740047988.624000,46.521598,12.919892,909.531483,148.5,0.878490,6.2,14.0
1740048054.035000,46.521350,12.919996,909.146918,177.8,0.952541,4.9,116.1
1740048059.040000,46.521262,12.919967,909.703263,182.4,1.126460,5.2,36.9
1740048069.003000,46.521165,12.919961,909.499531,182.4,1.100391,5.3,482.2
1740048079.027000,46.521073,12.919955,909.665232,182.5,1.067764,3.6,930.3
1740048094.081000,46.520946,12.919947,909.961073,182.5,1.008731,6.1,1603.2
1740048124.196000,46.520952,12.920128,920.254898,150.4,0.489629,5.5,2200.0
1740048134.233000,46.521088,12.920285,923.037611,102.3,0.417978,6.2,2200.0
1740048139.251000,46.521177,12.920376,925.075003,80.2,0.498623,6.9,2200.0
1740048144.272000,46.521278,12.920474,939.099976,65.7,0.626906,5.6,2200.0
1740048149.290000,46.521388,12.920576,936.514076,56.7,0.774381,5.9,2200.0
1740048154.309000,46.521505,12.920680,943.879261,50.7,0.924897,6.0,2200.0
1740048157.648000,46.521334,12.919886,945.539503,326.2,0.342369,5.6,28.5
1740048160.647000,46.521371,12.920007,948.904937,63.3,0.937503,5.8,20.9
1740048162.650000,46.521299,12.920124,952.194172,134.3,4.076232,6.0,14.4
1740048164.647000,46.521158,12.920222,955.443612,147.9,5.035466,6.0,10.7
1740048166.650000,46.521079,12.920319,958.332084,148.1,5.178598,6.1,8.9
1740048168.649000,46.520947,12.920448,963.936147,147.4,6.467726,6.1,10.8
1740048170.650000,46.520800,12.920552,968.895667,148.1,7.132920,6.1,13.8
1740048172.650000,46.520654,12.920668,973.913144,150.1,7.690809,6.6,15.0
1740048174.650000,46.520501,12.920767,979.490691,151.2,8.176873,6.5,15.6
1740048176.645000,46.520358,12.920818,986.547502,155.0,8.210140,8.6,14.9
1740048178.648000,46.520214,12.920905,993.138924,154.3,8.592535,8.5,13.6
1740048179.647000,46.520121,12.921031,996.835606,149.4,9.993153,8.5,12.3
1740048180.651000,46.520048,12.921124,1001.018160,147.9,10.005284,9.0,11.2
1740048181.648000,46.519968,12.921209,1005.228305,147.1,10.220994,9.5,10.0
1740048182.658000,46.519858,12.921298,1009.244283,149.8,11.033522,4.4,9.5
1740048183.650000,46.519762,12.921390,1013.560064,149.1,11.363774,4.8,9.0
1740048184.643000,46.519675,12.921482,1018.433991,148.2,11.534668,4.8,9.3
1740048185.654000,46.519598,12.921568,1023.346888,147.6,11.468073,4.9,10.4
1740048186.656000,46.519502,12.921641,1027.427686,148.3,11.632385,5.0,11.3
1740048187.651000,46.519408,12.921714,1032.540180,149.6,11.649445,5.0,11.2
1740048188.652000,46.519304,12.921768,1036.909691,151.3,11.754071,5.1,11.5
1740048189.653000,46.519203,12.921855,1041.877505,151.4,12.014989,5.1,11.4
1740048190.651000,46.519109,12.921931,1046.965751,151.3,11.944068,5.2,11.4
1740048191.651000,46.519013,12.922015,1051.889213,150.8,12.070211,5.2,11.2
1740048192.654000,46.518916,12.922097,1056.577797,150.8,12.124200,5.0,11.4
1740048193.653000,46.518822,12.922176,1062.034976,150.7,12.105883,5.2,12.4
1740048194.655000,46.518724,12.922246,1066.963032,151.0,12.110271,5.1,13.7
1740048195.651000,46.518617,12.922316,1072.544434,151.9,12.227718,5.5,14.5
1740048196.653000,46.518505,12.922397,1077.225737,151.9,12.473533,5.7,16.5
1740048197.653000,46.518406,12.922491,1082.898605,150.3,12.349447,5.4,17.0
1740048198.643000,46.518306,12.922578,1087.854993,150.4,12.313807,5.5,18.3
1740048199.653000,46.518204,12.922668,1093.336284,150.5,12.336902,5.4,19.5
1740048200.650000,46.518106,12.922756,1097.912451,150.2,12.348109,7.7,21.4
1740048201.650000,46.517995,12.922868,1103.561835,149.5,12.739821,7.6,22.6
1740048202.651000,46.517890,12.922977,1113.871041,148.5,12.986868,2.3,24.9
1740048204.653000,46.517751,12.923142,1120.318977,147.0,11.934669,7.9,29.1
1740048206.648000,46.517625,12.923292,1114.409787,147.7,11.422908,3.8,28.8
1740048207.653000,46.517548,12.923360,1136.950434,148.4,11.191447,4.9,27.3
1740048208.655000,46.517446,12.923428,1142.732753,148.9,11.509501,4.7,26.4
1740048209.646000,46.517330,12.923524,1148.135270,149.4,11.931516,5.1,25.9
1740048210.654000,46.517210,12.923619,1153.959542,150.0,12.304399,5.2,24.7
1740048211.651000,46.517090,12.923726,1159.556542,149.7,12.407330,5.3,23.6
1740048212.652000,46.516974,12.923824,1164.751720,149.9,12.543308,5.2,23.3
1740048213.650000,46.516869,12.923888,1170.483782,151.9,12.637799,5.3,22.6
1740048215.643000,46.516709,12.923995,1181.716441,154.7,12.102144,5.4,22.0
1740048216.642000,46.516627,12.924054,1188.371342,153.1,11.682293,5.4,21.7
1740048217.644000,46.516544,12.924120,1194.500233,154.0,10.996449,5.5,21.9
1740048218.645000,46.516450,12.924193,1200.297335,151.1,12.037761,5.4,21.8
1740048219.645000,46.516355,12.924270,1206.169620,150.0,12.412683,5.7,22.3
1740048220.652000,46.516259,12.924344,1211.752129,150.9,12.877891,5.8,21.9
1740048221.651000,46.516170,12.924409,1218.265303,153.0,11.719433,5.8,21.5
1740048222.653000,46.516067,12.924478,1224.252087,152.9,12.463236,5.7,21.1
1740048223.647000,46.515980,12.924544,1230.864133,149.4,11.820699,5.8,21.0
1740048225.650000,46.515879,12.924636,1243.343723,149.1,9.859649,8.0,20.7
1740048227.658000,46.515726,12.924745,1260.921064,151.1,11.493996,2.7,21.0
1740048228.659000,46.515635,12.924818,1263.338340,151.0,11.741805,10.5,21.1
1740048229.654000,46.515544,12.924902,1268.543384,150.0,11.942020,8.2,20.7
1740048230.653000,46.515454,12.924987,1274.527913,149.2,11.199101,8.5,20.5
1740048231.651000,46.515361,12.925075,1281.814107,147.1,12.350901,8.8,20.2
1740048232.648000,46.515260,12.925186,1287.372885,145.2,12.406685,5.1,19.9
1740048233.652000,46.515142,12.925300,1295.221006,144.2,12.279426,5.0,19.7
1740048234.653000,46.515033,12.925405,1301.081677,145.0,11.710938,5.3,20.0
1740048235.656000,46.514938,12.925491,1308.082095,145.9,12.084810,5.4,20.5
1740048236.651000,46.514840,12.925585,1313.527108,145.1,11.934794,5.5,21.2
1740048237.653000,46.514746,12.925678,1320.484126,146.0,10.945827,5.5,22.1
1740048238.652000,46.514658,12.925746,1327.392001,148.8,10.477524,5.7,22.3
1740048240.648000,46.514506,12.925814,1339.935814,151.2,9.130210,5.6,22.1
1740048242.652000,46.514378,12.925870,1351.502597,151.9,9.477456,5.7,21.5
1740048244.652000,46.514248,12.925920,1362.724524,150.8,8.171112,6.0,20.3
1740048247.652000,46.514141,12.926000,1379.265120,151.6,7.029223,5.9,20.8
1740048249.649000,46.514042,12.926080,1388.840547,150.2,7.003623,5.9,23.1
1740048251.651000,46.513979,12.926196,1395.250257,142.6,6.586317,8.2,26.6
1740048252.651000,46.513932,12.926351,1402.447899,134.3,7.777572,3.0,28.5
1740048254.650000,46.513837,12.926548,1406.274360,135.8,7.994735,3.8,32.4
1740048256.651000,46.513722,12.926711,1406.738495,140.7,8.316515,8.8,32.7
1740048258.643000,46.513616,12.926894,1411.771345,143.6,8.684963,5.2,32.8
1740048260.647000,46.513496,12.927067,1417.578440,144.0,8.934125,5.6,33.2
1740048261.651000,46.513436,12.927167,1421.198806,142.9,9.089258,5.7,34.8
1740048262.655000,46.513366,12.927264,1424.852010,142.9,9.408783,5.7,37.6
1740048263.649000,46.513297,12.927354,1427.850747,143.0,9.713075,6.0,40.9
1740048264.650000,46.513226,12.927434,1431.137972,144.2,9.834007,5.9,43.0
1740048265.654000,46.513150,12.927505,1438.577125,145.9,9.932557,13.1,48.5
1740048266.643000,46.513054,12.927577,1439.706566,148.1,10.552679,6.1,47.9
1740048267.653000,46.512947,12.927660,1444.002515,148.0,11.296059,5.9,48.3
1740048268.651000,46.512827,12.927740,1447.248502,148.9,11.771023,6.2,46.6
1740048269.654000,46.512705,12.927815,1453.220029,149.5,12.140401,6.9,42.8
1740048270.655000,46.512591,12.927915,1455.311963,149.7,12.294542,5.2,38.6
1740048271.648000,46.512477,12.928028,1459.792266,149.5,12.694454,5.4,36.8
1740048272.646000,46.512365,12.928141,1464.195841,149.8,13.033723,5.3,36.8
1740048273.652000,46.512266,12.928237,1468.919209,150.7,12.689149,5.4,35.6
1740048274.652000,46.512174,12.928322,1472.763357,151.4,12.293272,5.2,35.1
1740048275.655000,46.512093,12.928399,1477.225500,150.7,11.940922,5.0,34.7
1740048276.650000,46.512014,12.928489,1481.263351,148.5,11.782706,7.5,33.8
1740048277.654000,46.511945,12.928572,1486.366920,147.7,11.619099,10.8,32.3
1740048278.646000,46.511869,12.928668,1496.309354,146.2,11.844679,2.2,31.6
1740048279.653000,46.511787,12.928754,1495.021368,146.2,11.827707,7.5,29.8
1740048280.655000,46.511686,12.928826,1504.227621,148.5,11.884259,3.1,28.5
1740048281.654000,46.511594,12.928900,1505.199601,148.4,11.677836,13.6,27.1
1740048282.652000,46.511507,12.928957,1508.400838,149.2,11.545486,8.2,26.4
1740048284.647000,46.511353,12.929088,1518.494319,148.3,11.492668,4.4,24.8
1740048286.655000,46.511186,12.929213,1528.253482,148.9,11.656857,5.0,23.9
1740048287.655000,46.511100,12.929272,1535.718249,149.6,11.598012,12.7,24.3
1740048288.652000,46.511016,12.929329,1541.224979,150.4,11.307811,12.8,24.3
1740048289.658000,46.510932,12.929389,1542.619991,150.0,11.195612,5.1,24.4
1740048291.651000,46.510763,12.929494,1552.553267,151.6,11.081943,5.2,24.4
1740048292.653000,46.510673,12.929546,1557.815307,152.3,11.227640,5.2,24.5
1740048294.646000,46.510512,12.929649,1570.522348,151.2,10.976549,9.4,24.0
1740048296.651000,46.510352,12.929748,1577.893432,151.5,11.057835,5.2,23.0
1740048297.649000,46.510269,12.929800,1583.134816,151.5,11.481320,5.3,22.7
1740048298.648000,46.510182,12.929859,1588.426585,150.9,11.582892,5.2,21.8
1740048299.650000,46.510094,12.929911,1593.595075,151.7,11.054500,5.4,20.6
1740048300.652000,46.510007,12.929974,1599.439200,151.2,11.168169,5.2,20.1
1740048301.650000,46.509919,12.930043,1604.018675,150.8,11.174269,5.4,20.3
1740048302.654000,46.509836,12.930114,1609.894878,150.3,11.092080,7.5,20.0
1740048303.651000,46.509734,12.930171,1620.241243,152.3,11.473744,2.2,20.0
1740048304.651000,46.509641,12.930231,1625.097372,151.9,11.432323,2.4,19.9
1740048305.654000,46.509542,12.930284,1630.200869,152.2,11.819154,3.0,19.4
1740048306.650000,46.509445,12.930338,1631.409684,152.8,11.921679,13.5,19.2
1740048307.648000,46.509352,12.930404,1636.141663,151.8,11.920547,8.1,18.9
1740048308.647000,46.509269,12.930464,1644.373937,151.3,11.576509,6.0,18.4
1740048309.651000,46.509186,12.930534,1647.645002,150.4,11.451283,4.4,18.3
1740048311.646000,46.509020,12.930658,1659.453972,150.3,11.367528,4.8,18.6
1740048312.653000,46.508919,12.930728,1668.120345,150.6,12.109814,12.9,18.9
1740048313.653000,46.508823,12.930802,1673.416979,150.7,12.181232,12.6,19.0
1740048314.654000,46.508737,12.930879,1676.424654,150.8,11.996458,5.2,19.1
1740048315.654000,46.508652,12.930962,1685.549399,150.0,12.236876,12.6,19.5
1740048316.654000,46.508563,12.931046,1691.100786,151.9,11.984164,12.3,20.2
1740048317.651000,46.508480,12.931115,1697.086320,155.0,10.739361,12.0,20.5
1740048319.647000,46.508331,12.931281,1707.684742,139.7,11.650987,9.5,21.9
1740048320.648000,46.508270,12.931406,1712.078027,142.9,9.371422,6.5,22.6
1740048322.647000,46.508162,12.931567,1720.055648,147.8,9.242822,5.4,23.6
1740048324.652000,46.508062,12.931675,1729.465677,150.0,8.298152,5.4,24.6
1740048326.647000,46.507962,12.931798,1738.709576,143.1,8.281354,5.0,25.9
1740048328.656000,46.507857,12.931963,1748.433081,139.0,8.992436,10.9,28.5
1740048330.653000,46.507736,12.932146,1761.136137,141.0,9.083852,2.5,32.7
1740048332.652000,46.507637,12.932252,1764.152885,149.4,5.724026,13.6,33.9
1740048335.648000,46.507544,12.932343,1773.912080,150.1,4.704812,4.4,35.6
1740048338.649000,46.507446,12.932419,1786.254061,154.7,4.854710,12.7,33.9
1740048341.649000,46.507354,12.932480,1793.883850,151.2,4.222292,12.5,31.4
1740048348.652000,46.507249,12.932572,1803.810324,165.7,3.285514,5.3,23.8
1740048356.682000,46.507228,12.932700,1815.231449,119.5,0.985819,2.9,24.5
1740048370.652000,46.507190,12.932818,1818.157191,137.0,0.934643,12.6,18.6
1740048386.651000,46.507173,12.932972,1819.783484,120.5,1.677489,3.7,24.6
1740048391.654000,46.507158,12.933122,1822.184040,118.0,1.033762,12.9,30.2
1740048397.647000,46.507137,12.933272,1822.383812,86.3,1.366858,13.9,29.4
1740048410.649000,46.507086,12.933151,1819.126013,178.5,0.303297,4.6,24.0
1740048417.652000,46.507106,12.933009,1822.061109,319.7,0.205359,12.5,24.1
1740048422.650000,46.507080,12.932876,1822.376878,223.0,0.961610,14.3,28.3
1740048448.645000,46.507134,12.932750,1822.252054,292.3,0.404893,14.7,9.8
1740048450.651000,46.507182,12.932620,1819.140254,297.7,2.110022,5.3,13.6
1740048452.650000,46.507220,12.932495,1819.292446,295.0,3.354926,5.2,14.7
1740048453.338000,46.507146,12.932728,1819.292446,-1.0,0.073005,5.2,12.8
1740048458.645000,46.507184,12.932595,1819.149969,283.7,0.712686,8.0,6.3
1740048461.655000,46.507226,12.932449,1820.544038,291.7,2.151609,6.3,12.6
1740048463.858000,46.507160,12.932690,1822.368682,230.8,0.111234,13.1,11.9
1740048489.647000,46.507200,12.932570,1818.723688,299.1,0.850878,13.1,5.1
1740048497.651000,46.507200,12.932435,1819.333075,291.4,0.736023,15.4,3.8
1740048507.522000,46.507147,12.932323,1821.098815,234.9,1.038876,2.8,3.9
1740048513.651000,46.507077,12.932238,1819.460378,236.5,1.177202,13.2,3.3
1740048519.645000,46.506996,12.932175,1820.788819,225.1,1.051328,14.0,3.5
1740048526.421000,46.506900,12.932138,1820.678670,211.6,1.030119,15.3,3.6
1740048534.646000,46.506806,12.932118,1820.185724,200.1,0.951637,5.4,4.4
1740048543.495000,46.506714,12.932074,1821.141326,188.1,1.032013,12.4,5.2
1740048553.647000,46.506625,12.932041,1823.082205,163.8,0.927431,3.3,4.9
1740048563.460000,46.506538,12.931997,1821.104200,193.6,1.172116,13.7,5.1
1740048571.418000,46.506443,12.931995,1821.458625,177.9,1.192867,14.7,5.4
1740048578.651000,46.506352,12.931995,1823.016019,177.7,1.196019,2.2,5.5
1740048585.606000,46.506262,12.932022,1818.799189,157.6,1.244164,6.4,5.1
1740048593.651000,46.506170,12.932048,1821.605050,170.1,1.214025,13.9,5.3
1740048767.647000,46.506068,12.932259,1815.545333,123.5,1.214783,7.6,3.9
1740048769.649000,46.506022,12.932431,1759.678182,108.2,1.076600,6.6,4.2
1740048771.649000,46.505962,12.932559,1758.893884,135.7,3.795398,6.9,4.4
1740048773.654000,46.505918,12.932686,1757.244021,103.2,4.892863,6.7,3.9
1740048775.656000,46.505856,12.932792,1757.448325,121.7,4.964523,6.1,3.9
1740048778.652000,46.505806,12.932908,1756.216439,102.7,2.917782,7.7,4.0
1740048782.654000,46.505760,12.933041,1808.011298,126.1,3.188835,5.2,4.0
1740048785.646000,46.505652,12.932978,1806.306490,220.5,3.254197,5.2,4.3
1740048790.650000,46.505562,12.932901,1749.861355,217.9,3.197015,7.4,5.7
1740048792.653000,46.505476,12.932826,1748.076136,211.9,4.233229,6.4,5.7
1740048797.651000,46.505435,12.932958,1744.758106,74.3,2.938262,7.2,4.7
1740048799.650000,46.505460,12.933117,1743.163479,80.1,5.086965,7.0,5.5
1740048800.657000,46.505489,12.933244,1741.812589,74.9,7.001379,7.8,5.9
1740048801.665000,46.505528,12.933370,1739.704719,64.2,7.761390,7.4,6.4
1740048803.655000,46.505577,12.933565,1737.773047,66.9,7.286641,8.1,6.7
1740048805.656000,46.505609,12.933720,1734.782759,64.1,6.020495,8.1,6.8
1740048807.655000,46.505671,12.933838,1785.443692,53.8,5.752874,5.5,7.2
1740048809.660000,46.505772,12.933889,1781.939775,25.7,5.281933,5.4,7.4
1740048812.648000,46.505875,12.933879,1778.231485,0.6,3.484715,5.5,7.1
1740048814.650000,46.505973,12.933912,1722.226534,15.1,5.093010,8.0,6.9
1740048816.647000,46.506051,12.934062,1719.917866,48.1,6.590171,7.7,6.7
1740048818.655000,46.506052,12.934277,1715.530252,76.0,6.870246,6.7,6.1
1740048820.656000,46.506028,12.934442,1767.311708,89.0,6.375332,8.1,6.4
1740048822.651000,46.505942,12.934515,1709.707106,109.9,5.237577,7.0,7.5
1740048825.656000,46.505842,12.934573,1707.384737,129.2,3.906166,7.3,7.7
1740048827.652000,46.505754,12.934645,1706.302233,150.1,5.250543,7.3,7.0
1740048830.639000,46.505645,12.934601,1704.814870,162.2,4.951772,8.3,7.0
1740048832.653000,46.505553,12.934594,1755.242420,184.0,5.278414,5.7,7.1
1740048834.656000,46.505452,12.934598,1753.641259,187.1,5.749537,5.8,6.6
1740048836.655000,46.505357,12.934541,1751.165334,190.0,5.940022,5.7,5.5
1740048838.656000,46.505266,12.934455,1748.088624,202.7,6.206612,5.7,5.3
1740048840.657000,46.505146,12.934385,1692.032984,201.5,6.534192,8.3,5.8
1740048842.660000,46.505029,12.934293,1690.093896,211.7,6.872440,8.0,8.3
1740048844.658000,46.504922,12.934192,1687.687473,209.0,6.794241,7.0,9.8
1740048846.652000,46.504799,12.934085,1739.033726,223.5,8.159747,8.4,11.3
1740048848.655000,46.504670,12.933940,1682.591800,215.2,9.115904,7.3,11.1
1740048850.649000,46.504533,12.933886,1678.972766,173.9,7.369569,6.9,11.0
1740048852.658000,46.504418,12.933924,1676.812677,171.0,6.848291,7.0,11.2
1740048854.650000,46.504304,12.934039,1675.968899,151.8,6.999810,7.5,11.4
1740048857.655000,46.504216,12.934130,1675.493723,143.4,3.422539,7.7,9.1
1740048872.652000,46.504114,12.934138,1671.791648,179.0,3.275858,7.0,4.7
1740048875.654000,46.503981,12.934223,1669.457741,159.3,5.965422,6.9,5.3
1740048877.656000,46.503883,12.934193,1667.606157,179.4,6.234209,6.7,5.7
1740048879.654000,46.503767,12.934163,1664.819344,177.1,5.789569,6.7,5.8
1740048881.650000,46.503685,12.934312,1663.932115,139.4,6.237452,6.7,6.1
1740048883.657000,46.503572,12.934416,1661.271910,147.3,6.627080,7.7,6.9
1740048885.660000,46.503433,12.934503,1711.992091,152.5,7.225578,5.0,7.8
1740048887.649000,46.503303,12.934584,1710.026714,157.4,6.934892,5.0,8.4
1740048889.657000,46.503212,12.934571,1654.313706,166.0,4.968788,6.2,8.1
1740048891.660000,46.503112,12.934629,1705.734577,163.7,5.534071,5.2,7.4
1740048894.650000,46.502972,12.934708,1646.552168,150.4,6.604057,7.6,7.3
1740048896.660000,46.502857,12.934823,1641.646703,147.3,7.180200,6.2,7.6
1740048898.658000,46.502762,12.935000,1636.640899,132.5,7.994931,7.0,7.5
1740048900.652000,46.502677,12.935221,1632.528402,116.3,9.629540,6.4,7.4
1740048901.652000,46.502659,12.935361,1630.697439,107.6,10.528948,6.9,7.4
1740048902.651000,46.502637,12.935506,1628.570410,107.0,10.591674,6.8,7.4
1740048904.653000,46.502594,12.935753,1626.269840,102.0,9.688400,7.4,8.2
1740048905.653000,46.502569,12.935902,1625.314368,103.6,10.091809,6.7,9.1
1740048907.654000,46.502476,12.936108,1625.510461,112.0,8.992552,6.7,9.3
1740048909.656000,46.502455,12.936299,1623.923587,104.3,7.004898,7.7,8.1
1740048912.657000,46.502411,12.936464,1672.895449,93.8,5.544775,5.0,5.7
1740048914.654000,46.502397,12.936633,1671.844964,98.9,6.307417,5.0,5.4
1740048916.652000,46.502389,12.936769,1617.016027,87.4,4.466432,5.6,5.5
1740048918.648000,46.502411,12.936902,1615.180620,65.3,3.716822,6.4,5.5
1740048921.654000,46.502454,12.937092,1612.053457,75.8,7.756091,7.3,5.4
1740048923.660000,46.502452,12.937312,1610.106522,84.3,6.345968,6.8,5.2
1740048925.654000,46.502452,12.937501,1607.590324,86.9,7.277285,6.7,5.4
1740048927.655000,46.502510,12.937694,1605.708920,80.9,7.953915,6.9,5.4
1740048929.660000,46.502531,12.937857,1601.876960,84.8,5.860437,6.7,5.2
1740048931.655000,46.502536,12.938020,1600.058997,84.1,6.283514,6.7,5.4
1740048934.646000,46.502534,12.938216,1598.304407,83.5,5.653162,7.8,5.7
1740048939.650000,46.502509,12.938370,1647.857588,103.9,3.527289,5.0,6.2
1740048942.658000,46.502466,12.938510,1592.869153,112.2,7.715170,5.9,6.4
1740048944.654000,46.502405,12.938679,1591.847243,115.1,9.005261,6.4,6.4
1740048946.648000,46.502356,12.938894,1588.620656,107.7,8.659011,7.6,6.1
1740048948.649000,46.502322,12.939202,1585.477862,102.1,11.686016,7.2,5.6
1740048949.653000,46.502314,12.939371,1584.306708,99.1,12.114072,6.8,5.4
1740048950.648000,46.502326,12.939514,1582.084610,97.0,9.670027,6.8,5.3
1740048951.651000,46.502324,12.939660,1578.569072,96.0,10.143418,6.7,5.1
1740048953.651000,46.502289,12.939876,1575.364957,111.4,7.619264,6.9,4.7
1740048955.653000,46.502285,12.940042,1573.270141,102.6,6.368737,6.7,4.4
1740048963.648000,46.502339,12.940174,1583.401367,71.7,2.359325,2.8,3.8
1740048966.650000,46.502373,12.940362,1568.461368,74.7,3.938931,5.9,3.8
1740048968.652000,46.502361,12.940541,1567.086384,106.7,5.833703,5.5,4.0
1740048970.655000,46.502301,12.940643,1563.379622,145.2,4.265710,6.4,4.2
1740048972.654000,46.502203,12.940658,1560.060051,176.8,4.951074,7.5,4.4
1740048974.652000,46.502112,12.940612,1557.617188,210.3,5.235172,7.2,4.4
1740048978.651000,46.502068,12.940744,1553.670541,68.5,4.573186,6.7,4.1
1740048980.655000,46.502144,12.940884,1551.889350,55.7,6.535141,6.9,4.2
1740048982.651000,46.502224,12.941033,1549.882436,53.8,7.275399,6.0,4.1
1740048984.654000,46.502276,12.941209,1546.759418,64.0,6.993358,7.0,4.1
1740048986.653000,46.502286,12.941372,1545.612608,81.4,6.086604,7.6,4.2
1740048988.657000,46.502292,12.941567,1542.756669,88.0,5.998076,7.5,4.2
1740048992.656000,46.502399,12.941639,1539.198051,42.2,3.153009,5.9,4.5
1740048994.653000,46.502494,12.941652,1537.368559,24.1,3.510448,5.5,4.6
1740048996.653000,46.502613,12.941618,1551.583565,354.9,5.332361,4.0,4.4
1740048999.654000,46.502709,12.941512,1529.071138,315.9,3.017279,7.0,4.1
1740049002.650000,46.502811,12.941432,1527.623690,330.0,3.460171,6.8,4.4
1740049005.653000,46.502906,12.941524,1525.704652,42.5,3.467831,6.9,5.0
1740049008.654000,46.502976,12.941690,1524.147432,56.6,5.253716,6.6,4.8
1740049010.655000,46.503043,12.941802,1522.678788,57.7,5.580023,7.0,4.5
1740049012.655000,46.503126,12.941897,1521.944515,28.4,5.912832,7.6,4.3
1740049014.654000,46.503212,12.941998,1520.291612,41.6,5.957820,7.5,4.0
1740049016.654000,46.503262,12.942128,1528.934692,50.9,5.697493,3.4,3.9
1740049018.652000,46.503366,12.942172,1515.528232,17.4,7.135432,5.9,4.0
1740049020.652000,46.503491,12.942246,1512.470888,33.0,8.112309,5.9,6.1
1740049022.651000,46.503606,12.942384,1527.738219,36.9,8.069443,4.5,8.1
1740049024.649000,46.503727,12.942443,1509.613333,355.0,7.339541,6.2,9.9
1740049026.657000,46.503853,12.942500,1506.606739,33.2,7.540713,7.3,7.5
1740049028.645000,46.503937,12.942628,1504.871303,33.6,6.267883,6.8,5.9
1740049030.653000,46.504026,12.942684,1503.722969,25.3,5.042511,6.7,4.0
1740049033.653000,46.504134,12.942729,1503.156672,15.8,4.126867,6.8,4.6
1740049053.647000,46.504195,12.942730,1502.252744,10.0,0.000000,6.2,3.8
1740049053.647000,46.504195,12.942730,1502.252744,10.0,0.000000,6.2,3.8
1740049072.651000,46.504229,12.942762,1504.164697,36.5,0.929567,5.4,3.8
1740049086.654000,46.504336,12.942784,1501.248726,2.4,2.453586,7.1,3.9
1740049089.652000,46.504462,12.942796,1501.330091,11.7,4.168648,7.3,4.0
1740049092.649000,46.504556,12.942824,1511.113209,8.9,2.819417,4.1,4.1
1740049096.650000,46.504678,12.942859,1499.925040,8.1,3.830832,5.8,4.2
1740049099.651000,46.504783,12.942878,1513.733840,9.5,4.192592,4.4,4.5
1740049103.650000,46.504868,12.942946,1494.830146,40.1,2.311774,7.3,5.0
1740049109.651000,46.504988,12.942984,1493.924477,5.1,3.940841,6.3,5.4
1740049113.653000,46.505089,12.943020,1491.741093,36.6,2.620678,6.1,4.5
1740049116.658000,46.505165,12.943098,1490.458533,33.2,4.020359,7.6,4.8
1740049118.651000,46.505235,12.943206,1488.891307,64.1,4.983250,7.4,5.0
1740049122.653000,46.505294,12.943347,1485.433077,35.8,3.142407,5.9,4.7
1740049125.653000,46.505390,12.943392,1483.986504,37.2,4.553485,5.5,4.6
1740049128.647000,46.505461,12.943545,1481.927310,67.9,4.678128,6.3,4.5
1740049131.643000,46.505525,12.943688,1478.371914,50.5,2.385823,6.2,4.5
1740049135.651000,46.505538,12.943836,1475.388446,116.2,4.313723,6.3,4.4
1740049138.654000,46.505511,12.943988,1471.503981,89.7,3.944043,6.4,4.3
1740049141.651000,46.505466,12.944142,1471.116352,112.1,4.041293,6.3,4.1
1740049145.646000,46.505475,12.944318,1469.330724,73.7,3.653676,7.5,4.8
1740049147.654000,46.505520,12.944436,1479.427946,67.7,4.398352,4.6,5.4
1740049151.653000,46.505566,12.944584,1464.144041,57.4,2.462328,5.5,5.3
1740049154.652000,46.505606,12.944710,1461.517926,70.9,3.935963,6.3,5.4
1740049157.653000,46.505640,12.944864,1457.504642,68.2,4.716896,6.2,5.3
1740049160.653000,46.505672,12.945002,1453.445121,62.3,3.004629,6.6,4.6
1740049162.648000,46.505740,12.945097,1452.484542,44.1,5.550861,6.9,4.4
1740049164.651000,46.505792,12.945207,1450.367654,62.2,4.373502,6.4,4.2
1740049168.653000,46.505872,12.945342,1449.336022,57.2,5.032951,7.6,4.5
1740049171.649000,46.505922,12.945486,1447.200367,50.4,3.775995,6.4,4.8
1740049174.651000,46.506010,12.945590,1444.435914,17.5,4.648762,5.8,4.9
1740049176.649000,46.506107,12.945645,1443.395740,34.5,6.059739,5.4,5.0
1740049178.651000,46.506213,12.945762,1457.553503,43.0,7.296569,4.4,4.8
1740049180.650000,46.506288,12.945915,1439.497889,54.7,6.922060,6.3,4.6
1740049182.661000,46.506396,12.946008,1436.707300,44.8,6.999096,7.4,4.4
1740049184.659000,46.506513,12.946107,1434.448995,37.7,7.194081,6.8,4.8
1740049186.657000,46.506617,12.946204,1431.274473,21.7,6.672906,6.6,5.2
1740049188.655000,46.506746,12.946264,1428.613405,29.0,6.827654,6.9,5.4
1740049191.644000,46.506766,12.946412,1425.033415,32.0,4.616928,6.6,5.7
1740049193.661000,46.506868,12.946447,1422.790898,34.5,6.306155,6.2,6.0
1740049195.655000,46.506954,12.946545,1420.721435,40.4,5.925504,7.3,6.1
1740049197.662000,46.507069,12.946557,1416.726868,352.4,6.842774,6.4,5.9
1740049199.652000,46.507176,12.946613,1424.668959,19.9,6.922531,4.0,5.8
1740049201.647000,46.507277,12.946727,1408.495110,32.6,6.799986,5.8,5.7
1740049203.658000,46.507434,12.946724,1403.089937,11.9,9.439103,5.3,5.5
1740049205.659000,46.507584,12.946814,1413.915887,34.5,8.605562,3.9,5.5
1740049207.661000,46.507713,12.946912,1396.436067,23.8,8.649718,6.3,5.5
1740049209.654000,46.507861,12.946986,1393.957344,9.3,9.224211,7.1,5.7
1740049211.654000,46.508011,12.946997,1392.494423,359.6,8.827018,6.8,5.7
1740049213.652000,46.508123,12.946974,1391.820831,356.1,7.500975,6.6,6.6
1740049215.799000,46.508212,12.946933,1390.898478,348.4,5.792768,6.6,8.7
1740049217.646000,46.508299,12.946790,1390.814461,324.4,6.819611,6.1,9.2
1740049219.649000,46.508401,12.946640,1389.223734,320.7,7.199386,6.3,9.3
1740049221.651000,46.508512,12.946499,1387.012392,321.0,7.934639,7.5,9.1
1740049223.648000,46.508616,12.946314,1395.533439,315.8,8.920728,3.5,8.8
1740049224.652000,46.508685,12.946220,1394.722896,323.1,9.386505,4.6,8.4
1740049226.656000,46.508826,12.946062,1393.296718,323.3,9.578968,4.0,7.5
1740049228.660000,46.508957,12.945895,1379.044548,320.6,9.505100,5.5,7.5
1740049230.645000,46.508994,12.945754,1392.165418,294.7,6.775418,5.0,7.3
1740049249.645000,46.509006,12.945667,1388.658573,-1.0,0.000000,4.7,4.7
1740049249.645000,46.509006,12.945667,1388.658573,-1.0,0.000000,4.7,4.7
1740049736.652000,46.508978,12.945625,1403.599976,237.0,0.590240,10.6,3.8
1740049751.652000,46.508900,12.945559,1403.599976,169.1,0.579529,10.5,4.0
1740049831.982000,46.508810,12.945550,1403.599976,177.7,0.636752,8.7,4.7
1740049863.649000,46.508742,12.945464,1403.599976,-1.0,0.065771,6.7,3.0
1740050053.465000,46.508812,12.945560,1403.599976,352.7,1.306331,4.0,7.9
1740050993.652000,46.508722,12.945505,1403.599976,217.1,1.006027,8.1,5.8
1740051004.027000,46.508699,12.945375,1403.599976,227.0,1.018634,7.4,3.8
1740051032.645000,46.508630,12.945287,1403.599976,222.4,0.711461,7.2,16.9
1740051112.111000,46.508721,12.945355,1403.599976,348.6,0.349137,7.5,77.6
1740051230.648000,46.508696,12.945507,1403.599976,108.1,0.519797,7.6,53.9
1740051240.479000,46.508777,12.945566,1403.599976,21.4,1.251766,7.9,9.2
1740051307.351000,46.508870,12.945580,1403.599976,339.3,0.889265,9.4,4.0
1740051323.611000,46.508783,12.945531,1403.599976,216.6,0.799626,7.7,4.0
1740051396.647000,46.508870,12.945565,1403.599976,40.2,0.256143,7.5,3.8
1740051560.254000,46.508934,12.945469,1403.599976,11.2,0.929195,7.9,5.2
1740051567.647000,46.508994,12.945569,1403.599976,70.3,0.993263,8.8,4.9
1740051737.646000,46.509083,12.945596,1403.599976,346.5,0.294714,8.9,3.0
1740051742.647000,46.509158,12.945792,1403.599976,41.1,1.960189,9.4,3.2
1740051744.649000,46.509246,12.945942,1401.546152,44.6,4.567442,8.7,3.5
1740051750.647000,46.509405,12.946148,1399.971616,36.2,1.914422,9.5,3.4
1740051752.645000,46.509502,12.946246,1399.439207,39.1,1.259071,9.9,3.9
1740051754.644000,46.509576,12.946334,1399.014626,40.1,3.848488,9.9,4.1
1740051757.646000,46.509676,12.946450,1398.381712,38.2,4.135200,9.0,3.8
1740051760.645000,46.509763,12.946547,1397.934934,37.0,4.034452,8.8,3.8
1740051763.644000,46.509849,12.946657,1397.095516,42.6,4.204339,9.9,3.8
1740051766.647000,46.509929,12.946783,1396.746331,45.0,4.434796,9.7,3.8
1740051769.648000,46.510020,12.946932,1395.659113,46.7,5.072984,9.2,3.8
1740051771.649000,46.510092,12.947058,1395.132992,50.2,5.853071,9.6,3.8
1740051773.646000,46.510162,12.947204,1394.103719,54.8,7.300730,9.1,3.8
1740051775.651000,46.510216,12.947396,1392.445076,62.0,7.966354,9.4,3.8
1740051777.647000,46.510264,12.947617,1391.393258,67.4,8.846105,9.9,3.8
1740051778.648000,46.510292,12.947741,1390.348187,69.3,9.454556,10.1,3.8
1740051779.649000,46.510321,12.947882,1389.159462,71.4,11.024214,10.1,3.8
1740051780.650000,46.510351,12.948030,1386.962920,72.2,11.247231,10.2,3.8
1740051781.652000,46.510372,12.948197,1384.940713,75.3,11.850370,10.0,3.8
1740051782.648000,46.510381,12.948360,1382.544505,81.3,12.203460,9.9,3.8
1740051783.645000,46.510407,12.948522,1380.464513,78.6,12.442421,10.0,3.8
1740051784.649000,46.510431,12.948687,1378.583902,78.0,12.412457,10.1,3.8
1740051785.644000,46.510458,12.948850,1376.628462,77.7,12.333453,9.5,3.8
1740051786.649000,46.510477,12.948996,1375.973770,77.0,11.092135,9.2,3.8
1740051787.651000,46.510496,12.949136,1375.005639,75.0,11.217130,9.2,3.8
1740051788.648000,46.510519,12.949263,1374.514408,75.0,10.529445,9.2,3.8
1740051790.646000,46.510562,12.949517,1373.380594,74.0,10.598921,9.6,3.8
1740051792.645000,46.510622,12.949747,1372.312490,69.1,9.841738,9.9,3.8
1740051794.647000,46.510695,12.949950,1370.586820,63.2,8.696074,9.8,3.8
1740051796.649000,46.510765,12.950130,1369.508867,60.2,7.712493,9.8,3.8
1740051798.639000,46.510831,12.950290,1368.906928,56.0,7.646869,8.8,3.8
1740051800.649000,46.510918,12.950460,1367.962911,56.0,7.048424,9.0,3.8
1740051802.644000,46.510974,12.950607,1366.998080,57.0,6.629813,9.2,3.8
1740051804.649000,46.511045,12.950753,1366.623697,59.0,6.106250,8.8,3.8
1740051806.651000,46.511098,12.950882,1366.197061,54.2,5.417630,9.1,3.8
1740051808.645000,46.511161,12.950982,1365.875504,46.2,5.225840,9.2,3.8
1740051811.647000,46.511247,12.951076,1365.334543,29.2,3.639823,9.4,4.0
1740051814.646000,46.511327,12.951136,1365.279955,30.0,3.224281,8.7,4.0
1740051819.647000,46.511416,12.951212,1363.199951,36.1,1.834833,8.9,3.8
1740051834.648000,46.511493,12.951293,1363.199951,356.3,1.565374,9.4,4.4
1740051841.646000,46.511583,12.951292,1363.199951,355.2,1.493177,8.5,5.0
1740051851.647000,46.511661,12.951212,1363.585714,308.4,1.064391,9.0,5.2
1740051896.835000,46.511672,12.951082,1363.199951,224.1,0.108034,7.2,4.0
1740051922.646000,46.511627,12.950841,1363.500000,246.5,2.001445,7.2,3.2
1740051923.647000,46.511595,12.950706,1363.500000,91.0,0.109466,7.3,3.6
1740051926.644000,46.511572,12.950579,1366.079048,106.8,0.114270,7.9,4.0
1740051930.647000,46.511507,12.950370,1369.721333,245.3,3.261466,8.3,3.3
1740051932.648000,46.511470,12.950246,1372.093702,-1.0,0.075326,7.8,3.4
1740051938.640000,46.511393,12.949971,1376.001252,248.1,3.963923,8.2,3.2
1740051940.645000,46.511343,12.949790,1376.369438,248.5,4.028996,8.2,3.6
1740051943.643000,46.511297,12.949627,1378.035861,248.0,4.081834,7.7,4.0
1740051946.647000,46.511256,12.949473,1378.956686,247.1,3.919280,7.5,3.8
1740051950.647000,46.511222,12.949344,1382.396500,248.5,2.184529,7.6,3.8
1740051955.646000,46.511188,12.949213,1384.228964,247.9,2.255612,7.8,8.3
1740051959.644000,46.511155,12.949086,1385.878108,248.8,2.793838,8.1,9.9
1740051963.647000,46.511115,12.948928,1388.731886,249.4,3.273932,8.0,10.0
1740051966.641000,46.511078,12.948794,1390.636951,247.9,3.985651,7.9,10.2
1740051969.648000,46.511040,12.948645,1393.536130,248.0,3.756077,7.4,7.8
1740051972.647000,46.510993,12.948478,1395.277971,248.4,4.364379,7.0,5.0
1740051975.647000,46.510955,12.948342,1395.462777,246.7,4.010609,7.0,3.8
1740051978.647000,46.510912,12.948199,1395.935431,246.8,3.735547,7.1,3.8
1740051981.644000,46.510871,12.948048,1396.580175,248.9,4.162143,8.0,3.8
1740051984.647000,46.510823,12.947887,1397.789786,248.0,4.148433,7.9,3.8
1740051987.646000,46.510778,12.947724,1399.221175,248.1,4.021191,8.0,3.8
1740051990.650000,46.510733,12.947566,1400.395022,248.0,3.992975,7.6,3.8
1740051993.648000,46.510690,12.947414,1403.056497,248.0,4.030315,7.4,3.8
1740051996.643000,46.510648,12.947262,1405.488574,249.0,4.116742,6.6,3.8
1740051999.646000,46.510610,12.947116,1408.286076,248.8,3.960318,7.0,3.8
1740052002.648000,46.510573,12.946974,1411.027113,247.5,3.844418,7.0,3.8
1740052005.646000,46.510538,12.946839,1414.166632,249.6,3.724636,7.3,3.8
1740052008.647000,46.510505,12.946706,1417.308559,249.5,3.988972,7.1,3.9
1740052011.643000,46.510466,12.946553,1418.033291,248.2,4.239509,7.2,3.8
1740052014.647000,46.510423,12.946401,1418.196407,248.6,4.049724,7.5,3.8
1740052017.641000,46.510380,12.946252,1419.070373,248.4,4.231274,7.5,3.8
1740052020.648000,46.510339,12.946103,1419.919722,248.4,4.038683,7.3,3.8
1740052023.645000,46.510294,12.945950,1421.194338,248.0,3.928188,7.2,3.8
1740052026.644000,46.510257,12.945812,1423.081175,248.7,3.935287,6.7,3.9
1740052029.648000,46.510216,12.945667,1425.154014,246.8,3.875992,6.8,3.9
1740052032.640000,46.510175,12.945515,1427.111469,248.5,4.127784,7.5,4.0
1740052035.651000,46.510134,12.945363,1429.539467,248.0,4.006899,7.2,4.3
1740052038.646000,46.510091,12.945201,1432.413042,249.0,4.065931,7.6,4.3
1740052041.643000,46.510064,12.945054,1435.301600,253.0,3.692048,7.3,4.2
1740052044.647000,46.510021,12.944890,1437.119127,248.8,4.076274,7.5,4.1
1740052047.645000,46.509975,12.944736,1437.872003,247.2,4.186437,6.7,3.9
1740052050.646000,46.509933,12.944594,1439.064815,248.5,3.824092,7.3,4.0
1740052053.648000,46.509887,12.944435,1440.168819,246.4,4.227240,6.6,4.6
1740052056.639000,46.509844,12.944285,1441.871344,247.4,4.121987,7.7,5.1
1740052059.648000,46.509796,12.944135,1443.686584,246.1,3.820036,7.6,5.5
1740052062.644000,46.509759,12.943987,1445.973188,249.7,3.552580,7.3,5.7
1740052066.642000,46.509716,12.943821,1449.131050,250.1,3.296759,7.8,5.4
1740052069.645000,46.509675,12.943674,1452.964344,249.2,3.374099,7.2,5.4
1740052072.650000,46.509636,12.943537,1457.210018,249.0,3.286752,6.8,5.3
1740052075.636000,46.509593,12.943382,1462.051627,249.5,3.741847,6.9,5.0
1740052078.644000,46.509558,12.943255,1466.935978,249.2,3.003792,7.9,4.8
1740052081.642000,46.509527,12.943128,1471.615383,247.9,4.464438,6.4,4.5
1740052084.643000,46.509482,12.942968,1475.364188,248.7,4.201936,6.7,4.3
1740052087.643000,46.509444,12.942827,1479.143366,247.6,3.529817,7.4,4.2
1740052090.636000,46.509401,12.942680,1482.892249,248.0,3.790138,7.1,4.0
1740052093.638000,46.509364,12.942526,1487.259130,252.9,3.469259,7.5,3.9
1740052096.638000,46.509323,12.942384,1491.108193,246.0,3.867479,7.0,3.8
1740052099.638000,46.509280,12.942232,1495.938422,248.0,3.581255,7.2,3.8
1740052102.638000,46.509238,12.942090,1500.839275,247.0,3.780051,6.8,3.8
1740052105.643000,46.509198,12.941945,1506.508533,249.0,3.411177,7.4,3.8
1740052109.643000,46.509148,12.941798,1513.183631,242.9,3.969214,6.6,3.8
1740052112.645000,46.509105,12.941650,1516.079363,248.0,4.218941,6.8,3.8
1740052115.640000,46.509067,12.941501,1519.125564,251.8,4.234254,7.6,3.8
1740052118.640000,46.509030,12.941366,1522.065200,243.2,3.682409,7.2,3.8
1740052121.642000,46.508989,12.941216,1525.337026,247.9,3.844593,7.5,3.9
1740052124.643000,46.508951,12.941068,1528.899573,247.6,4.422799,7.1,3.9
1740052127.644000,46.508915,12.940910,1532.449636,249.0,3.696561,6.7,3.8
1740052130.640000,46.508880,12.940755,1536.919843,248.3,3.845260,6.9,3.8
1740052133.642000,46.508842,12.940604,1541.647796,248.0,3.768482,7.8,3.9
1740052136.644000,46.508802,12.940456,1545.731215,247.6,3.915729,7.1,3.8
1740052139.638000,46.508766,12.940314,1550.870516,247.9,4.134095,6.7,3.9
1740052142.645000,46.508732,12.940183,1555.792001,249.3,3.382751,6.6,7.2
1740052145.645000,46.508699,12.940048,1561.085212,248.0,3.620113,6.8,10.5
1740052148.645000,46.508664,12.939925,1566.267430,246.0,3.328265,7.6,10.5
1740052151.643000,46.508620,12.939774,1570.225030,248.8,3.676479,6.8,10.7
1740052154.638000,46.508578,12.939617,1573.482038,247.9,3.870662,6.6,10.8
1740052157.643000,46.508539,12.939464,1577.404019,249.0,3.876800,6.8,10.8
1740052160.646000,46.508495,12.939301,1581.309813,246.2,3.890765,6.9,10.7
1740052163.645000,46.508458,12.939156,1585.447730,248.5,3.798336,7.3,10.4
1740052166.644000,46.508416,12.939004,1589.839269,247.3,3.384663,7.0,10.1
1740052170.641000,46.508382,12.938854,1597.097630,252.0,3.197437,6.7,10.2
1740052174.643000,46.508339,12.938686,1606.123941,248.6,3.577339,7.1,10.4
1740052177.644000,46.508301,12.938567,1612.483416,245.1,3.336581,7.2,10.5
1740052180.643000,46.508260,12.938430,1619.359810,247.5,4.017722,6.8,10.2
1740052183.643000,46.508226,12.938300,1624.537431,248.0,4.094730,6.4,10.0
1740052186.643000,46.508188,12.938163,1630.061824,247.0,4.108729,6.8,9.9
1740052189.643000,46.508153,12.938026,1635.422107,250.0,3.212435,7.7,9.9
1740052193.643000,46.508109,12.937854,1643.154621,248.0,3.803375,7.2,10.1
1740052196.643000,46.508067,12.937704,1647.517467,248.0,3.809670,6.8,10.2
1740052199.645000,46.508026,12.937554,1650.947650,247.0,3.587246,6.5,8.8
1740052202.643000,46.507990,12.937412,1655.142255,249.0,3.529277,6.9,5.8
1740052205.640000,46.507952,12.937251,1658.793874,249.9,5.031426,6.9,3.8
1740052208.643000,46.507917,12.937122,1660.300367,247.0,3.602201,7.2,3.8
1740052211.648000,46.507868,12.936945,1661.566903,248.0,4.120300,6.5,3.8
1740052214.644000,46.507836,12.936792,1663.351967,249.0,3.974754,7.4,3.8
1740052217.643000,46.507788,12.936638,1664.922310,244.0,4.374068,7.2,3.8
1740052220.641000,46.507746,12.936482,1667.917088,249.0,4.258295,7.2,3.8
1740052223.645000,46.507703,12.936335,1669.637604,248.0,2.112161,5.9,3.8
1740052226.644000,46.507667,12.936200,1673.862219,247.0,3.787975,6.4,3.8
1740052229.649000,46.507622,12.936043,1678.483599,244.0,4.415114,6.6,3.8
1740052232.649000,46.507587,12.935904,1683.836348,249.9,3.670887,7.0,3.9
1740052235.647000,46.507552,12.935760,1688.546153,248.0,4.038112,7.0,3.9
1740052238.644000,46.507520,12.935631,1694.274774,251.0,3.114322,6.4,3.9
1740052241.647000,46.507487,12.935493,1699.089458,248.0,4.107308,7.4,3.9
1740052244.650000,46.507449,12.935355,1702.726248,247.0,4.144918,8.1,3.8
1740052247.642000,46.507413,12.935218,1707.299604,249.0,4.178176,7.6,3.8
1740052250.643000,46.507377,12.935084,1711.447216,249.0,3.567777,6.8,3.8
1740052253.647000,46.507342,12.934954,1716.251990,246.0,4.130313,6.9,3.8
1740052256.646000,46.507303,12.934824,1721.431247,246.0,4.051554,7.4,3.8
1740052259.646000,46.507268,12.934689,1725.918555,249.0,3.810253,7.2,3.8
1740052262.643000,46.507238,12.934560,1732.103666,249.0,4.015866,7.3,3.8
1740052265.647000,46.507204,12.934417,1737.264135,249.0,3.660040,5.9,3.8
1740052268.641000,46.507166,12.934275,1741.909637,248.0,3.477501,7.0,3.8
1740052271.643000,46.507132,12.934148,1746.091622,248.1,3.107346,7.1,3.8
1740052274.649000,46.507092,12.934004,1750.910132,247.0,4.258908,6.7,3.8
1740052277.647000,46.507054,12.933879,1755.580784,246.0,3.481801,5.6,3.8
1740052280.647000,46.507009,12.933740,1760.080194,245.2,3.157627,6.5,3.8
1740052284.647000,46.506962,12.933580,1767.245944,247.1,3.433931,7.0,3.8
1740052287.647000,46.506927,12.933442,1772.766756,248.0,4.299123,6.1,3.8
1740052290.643000,46.506888,12.933276,1775.871823,249.0,3.731039,5.9,3.8
1740052293.641000,46.506851,12.933118,1778.456988,248.0,4.069899,7.2,3.8
1740052296.648000,46.506815,12.932974,1780.946124,249.0,3.779119,6.4,3.8
1740052299.643000,46.506777,12.932821,1784.096815,248.0,4.131038,6.6,3.8
1740052302.645000,46.506736,12.932665,1787.443109,248.0,3.862117,6.1,3.8
1740052305.645000,46.506692,12.932504,1788.838150,247.0,3.887490,6.9,3.9
1740052308.642000,46.506657,12.932366,1788.794026,247.0,4.037625,7.0,4.1
1740052311.642000,46.506619,12.932206,1789.192983,251.9,4.074758,6.5,4.6
1740052321.649000,46.506582,12.932073,1789.025034,248.0,1.246207,6.1,4.5
1740052328.646000,46.506494,12.932037,1789.281158,172.0,0.771900,6.0,4.5
1740052337.648000,46.506421,12.932113,1789.180710,151.6,1.151858,6.1,4.1
1740052347.649000,46.506342,12.932188,1788.853396,148.8,1.547449,6.2,3.8
1740052442.647000,46.506244,12.932261,1788.195685,129.9,2.536465,7.3,3.8
1740052445.648000,46.506160,12.932358,1787.234834,134.9,4.135450,7.0,3.8
1740052448.650000,46.506082,12.932432,1785.447069,150.4,2.818797,6.2,3.8
1740052451.644000,46.506004,12.932497,1785.210227,137.6,4.193479,6.6,3.8
1740052454.647000,46.505941,12.932651,1784.272309,133.9,5.126859,6.9,3.8
1740052457.647000,46.505852,12.932776,1782.621095,121.9,4.732428,8.4,3.8
1740052459.655000,46.505800,12.932908,1781.801274,121.9,5.703946,8.4,3.8
1740052462.658000,46.505666,12.932953,1779.035111,146.8,5.181784,7.9,4.4
1740052464.644000,46.505555,12.932960,1777.067737,160.2,5.369064,7.9,5.7
1740052466.658000,46.505522,12.932823,1774.852933,186.4,4.410280,7.5,6.2
1740052469.647000,46.505418,12.932834,1772.829278,173.4,3.323165,5.9,4.5
1740052473.646000,46.505429,12.932987,1770.838798,59.0,2.582782,6.2,4.1
1740052476.652000,46.505448,12.933197,1768.706697,74.5,5.977746,6.5,4.0
1740052478.645000,46.505500,12.933327,1764.199951,55.8,5.237091,6.6,3.9
1740052481.649000,46.505503,12.933513,1762.500000,88.9,4.961720,7.0,3.8
1740052483.651000,46.505585,12.933608,1762.500000,28.9,5.413298,6.2,3.8
1740052485.649000,46.505623,12.933735,1759.380714,64.1,4.608145,6.4,3.8
1740052488.648000,46.505713,12.933824,1755.878475,36.0,3.719757,7.0,4.1
1740052491.641000,46.505840,12.933898,1752.921706,23.0,4.720239,6.8,5.2
1740052493.650000,46.505939,12.933872,1749.831084,5.5,4.458235,6.9,6.3
1740052496.646000,46.506015,12.933958,1745.979087,73.1,3.992518,6.9,6.9
1740052500.646000,46.505994,12.934097,1740.820457,100.4,2.247318,6.8,5.9
1740052504.647000,46.505942,12.934231,1737.596875,132.9,4.603143,6.1,4.7
1740052506.649000,46.505872,12.934342,1735.499236,137.7,5.913193,6.4,4.8
1740052508.650000,46.505797,12.934439,1733.171075,137.0,5.876262,6.2,4.6
1740052510.653000,46.505715,12.934521,1730.552142,141.1,5.506179,5.4,4.6
1740052512.649000,46.505604,12.934596,1728.940919,152.6,5.938160,5.9,4.9
1740052515.647000,46.505490,12.934584,1725.200736,169.3,5.127764,5.2,5.4
1740052517.646000,46.505391,12.934550,1723.526377,178.6,5.310851,4.7,6.0
1740052519.652000,46.505282,12.934499,1721.303367,185.6,5.675335,4.4,7.9
1740052521.649000,46.505148,12.934447,1718.619638,194.4,5.831257,4.5,7.8
1740052523.649000,46.505031,12.934413,1717.255715,198.1,5.852044,5.6,7.0
1740052525.650000,46.504969,12.934243,1715.440880,220.6,6.496783,5.0,5.2
1740052527.641000,46.504874,12.934102,1712.823913,221.9,6.902594,6.1,5.0
1740052529.646000,46.504766,12.933944,1709.805905,222.5,7.414952,7.0,5.4
1740052530.654000,46.504673,12.933881,1708.929935,216.1,8.564095,7.1,5.8
1740052531.650000,46.504590,12.933818,1707.165155,214.2,8.900044,6.9,6.3
1740052532.647000,46.504499,12.933831,1705.533041,196.0,8.123972,6.8,6.5
1740052535.649000,46.504377,12.933944,1701.542998,146.1,5.523353,7.2,5.8
1740052538.648000,46.504274,12.934043,1699.349419,163.8,4.226826,7.4,5.3
1740052541.648000,46.504167,12.934033,1699.060684,182.2,3.736125,6.8,5.6
1740052544.655000,46.504064,12.934120,1697.062826,150.8,3.609813,7.3,6.4
1740052548.651000,46.504025,12.934261,1695.602855,96.7,0.997835,6.5,5.8
1740052554.649000,46.503978,12.934372,1694.357839,122.1,2.165922,6.1,4.9
1740052556.650000,46.503961,12.934556,1692.283823,102.8,4.972006,6.1,4.8
1740052571.651000,46.503958,12.934711,1688.599413,97.5,2.250259,6.3,4.6
1740052575.650000,46.503979,12.934850,1686.483213,82.1,2.493935,5.7,4.6
1740052580.652000,46.503991,12.934990,1683.710771,81.5,1.568189,5.7,4.6
1740052585.649000,46.504000,12.935124,1681.681686,84.7,1.228672,6.5,5.0
1740052601.647000,46.503886,12.935150,1680.065509,197.3,2.137035,6.6,5.0
1740052604.649000,46.503788,12.935193,1678.847867,143.4,2.746251,5.6,5.0
1740052612.642000,46.503776,12.935342,1676.999098,105.7,3.250267,5.5,3.8
1740052615.649000,46.503769,12.935539,1675.808956,88.7,5.266493,5.5,3.8
1740052617.656000,46.503776,12.935704,1674.529584,87.0,6.199647,6.0,3.8
1740052619.651000,46.503768,12.935871,1672.949276,89.1,6.485139,6.3,3.8
1740052621.651000,46.503747,12.936034,1670.653026,116.6,6.109650,7.4,3.9
1740052624.645000,46.503668,12.936133,1666.884167,132.4,3.114444,7.6,3.9
1740052627.649000,46.503570,12.936180,1666.282715,161.1,2.823072,7.0,3.9
1740052630.648000,46.503477,12.936174,1665.118666,183.7,3.048961,6.2,4.8
1740052633.651000,46.503392,12.936067,1663.698698,215.5,4.067892,5.4,5.6
1740052636.644000,46.503311,12.935941,1662.141843,222.1,4.153181,5.1,6.5
1740052639.652000,46.503226,12.935804,1660.385674,226.5,4.478358,5.5,8.4
1740052642.646000,46.503161,12.935649,1658.709256,233.9,4.924561,5.5,9.3
1740052645.644000,46.503083,12.935492,1656.958702,235.1,4.477580,5.4,10.9
1740052647.643000,46.502984,12.935387,1655.751913,210.6,4.889303,5.6,11.3
1740052649.645000,46.502870,12.935393,1653.496160,179.1,4.921344,7.0,10.3
1740052651.643000,46.502783,12.935540,1652.876916,124.4,6.367072,6.6,8.2
1740052653.643000,46.502721,12.935692,1651.423755,119.5,6.417810,7.5,6.2
1740052655.649000,46.502667,12.935857,1650.460662,116.9,6.770830,6.9,5.2
1740052657.652000,46.502635,12.936026,1649.271441,103.1,6.472330,6.0,4.9
1740052659.673000,46.502625,12.936212,1647.646761,93.6,6.814208,5.1,4.7
1740052661.651000,46.502637,12.936364,1646.770845,80.9,6.364566,5.7,4.3
1740052663.646000,46.502661,12.936504,1646.693366,74.2,5.537879,5.6,4.1
1740052666.649000,46.502712,12.936671,1646.738614,64.5,5.450587,5.9,3.8
1740052668.647000,46.502751,12.936791,1646.082761,67.0,5.528358,4.8,3.8
1740052670.646000,46.502797,12.936925,1645.622731,59.8,5.781142,5.0,3.8
1740052672.645000,46.502832,12.937065,1644.624104,70.3,5.690198,4.9,3.8
1740052676.646000,46.502822,12.937198,1642.389831,76.0,2.046226,6.2,3.9
1740052682.646000,46.502804,12.937335,1639.863740,90.9,1.227743,6.2,3.8
1740052694.648000,46.502789,12.937471,1638.521969,90.0,1.059721,5.5,3.8
1740052703.646000,46.502706,12.937547,1635.942881,195.1,1.551512,5.4,3.8
1740052715.645000,46.502620,12.937618,1631.355208,101.9,1.792967,5.5,3.8
1740052718.647000,46.502630,12.937761,1629.837674,83.9,2.442073,5.0,3.8
1740052724.642000,46.502595,12.937887,1628.182495,130.0,3.157652,5.0,4.2
1740052732.642000,46.502548,12.938011,1624.806142,125.8,1.395697,5.5,4.2
1740052737.647000,46.502520,12.938146,1621.930054,74.5,1.963407,7.6,7.4
1740052739.646000,46.502524,12.938280,1621.401029,102.9,5.340824,7.4,6.9
1740052741.647000,46.502482,12.938458,1619.697119,107.0,6.085694,5.5,5.9
1740052743.645000,46.502455,12.938583,1618.053667,101.1,4.259024,5.0,5.6
1740052747.643000,46.502428,12.938725,1615.827980,96.9,3.093297,5.1,6.3
1740052750.648000,46.502399,12.938870,1613.794611,105.7,3.964928,4.1,5.8
1740052753.652000,46.502366,12.939023,1612.037883,96.3,3.310183,4.5,5.4
1740052756.645000,46.502355,12.939170,1610.510090,94.0,3.937204,4.3,5.1
1740052758.644000,46.502332,12.939312,1609.018362,102.0,4.967496,4.2,5.3
1740052760.648000,46.502257,12.939466,1607.194775,123.4,6.073344,5.4,5.6
1740052762.647000,46.502228,12.939601,1605.147860,113.8,5.962201,6.1,5.7
1740052764.649000,46.502226,12.939734,1603.973150,108.9,6.400865,5.8,5.4
1740052767.645000,46.502196,12.939922,1601.379491,112.9,6.569521,7.0,5.0
1740052769.648000,46.502170,12.940050,1599.893591,105.9,6.282365,6.6,4.7
1740052772.650000,46.502111,12.940216,1596.801753,106.8,5.082213,4.9,4.3
1740052774.646000,46.502059,12.940339,1594.560102,120.0,5.042002,5.1,4.1
1740052776.647000,46.501982,12.940459,1591.047564,108.6,7.328507,4.6,4.0
1740052778.651000,46.501878,12.940560,1588.579578,135.6,6.670007,4.6,3.9
1740052780.650000,46.501797,12.940707,1585.700973,110.3,7.819868,3.6,3.9
1740052782.649000,46.501741,12.940896,1584.318502,119.9,7.415486,4.5,3.8
1740052784.651000,46.501692,12.941037,1582.966661,103.3,6.356501,3.7,3.8
1740052786.648000,46.501677,12.941227,1581.026338,99.7,7.715827,3.9,3.8
1740052788.651000,46.501636,12.941401,1579.742320,112.1,7.249682,4.7,3.8
1740052790.643000,46.501583,12.941565,1577.967524,112.8,6.788575,5.0,3.8
1740052792.646000,46.501518,12.941710,1577.053211,124.5,6.244485,5.4,3.8
1740052794.639000,46.501450,12.941825,1576.288541,127.4,5.395697,5.6,3.8
1740052798.644000,46.501374,12.941894,1575.375644,156.1,1.340720,6.9,3.8
1740053061.640000,46.501460,12.941860,1563.265629,331.1,1.759669,3.2,5.4
1740053064.645000,46.501590,12.941912,1559.862867,20.0,5.691996,3.0,5.5
1740053066.650000,46.501733,12.941996,1557.379453,26.3,7.257013,3.7,5.5
1740053068.652000,46.501816,12.942098,1554.939130,41.4,4.240137,3.0,4.9
1740053081.640000,46.501895,12.942193,1553.608463,48.9,1.493787,2.9,3.8
1740053084.652000,46.501985,12.942258,1552.227445,20.0,3.876700,3.1,3.8
1740053087.646000,46.502099,12.942308,1553.269357,8.3,4.335328,3.3,3.8
1740053089.649000,46.502190,12.942295,1559.931315,349.4,4.622519,3.3,3.8
1740053092.650000,46.502328,12.942281,1549.124526,359.4,5.464353,2.8,3.8
1740053094.648000,46.502446,12.942314,1546.644384,357.2,5.848253,3.3,4.2
1740053096.648000,46.502566,12.942300,1542.809681,3.6,6.184384,3.2,5.3
1740053098.642000,46.502688,12.942309,1539.669926,3.7,6.475144,3.0,6.9
1740053100.651000,46.502865,12.942321,1535.814146,5.9,8.645046,3.1,8.3
1740053102.650000,46.503025,12.942332,1532.627966,6.9,8.968615,3.0,8.4
1740053104.645000,46.503163,12.942373,1530.635139,6.2,8.658988,2.9,7.7
1740053106.642000,46.503306,12.942406,1527.282546,15.6,8.054450,3.0,7.5
1740053108.645000,46.503429,12.942468,1525.841762,1.2,8.200256,3.1,7.0
1740053110.639000,46.503561,12.942448,1523.846327,351.3,7.940271,2.8,6.7
1740053112.651000,46.503702,12.942443,1522.298002,5.2,7.736351,3.3,6.3
1740053114.649000,46.503838,12.942496,1520.277671,15.1,7.989639,3.3,6.3
1740053116.649000,46.503989,12.942525,1518.351921,8.6,8.134727,3.3,6.2
1740053118.647000,46.504138,12.942586,1518.475682,16.5,8.315858,3.2,6.5
1740053120.646000,46.504255,12.942675,1516.599235,25.1,7.555863,3.3,6.4
1740053122.648000,46.504349,12.942776,1514.140080,30.4,6.530551,2.7,6.0
1740053124.643000,46.504453,12.942823,1515.261459,19.8,5.448105,3.2,5.8
1740053128.648000,46.504541,12.942880,1512.790950,15.4,3.644257,3.0,6.6
1740053148.642000,46.504582,12.942889,1514.186343,131.5,0.000000,3.7,7.3
1740053148.642000,46.504582,12.942889,1514.186343,131.5,0.000000,3.7,7.3
1740053180.643000,46.504514,12.942750,1509.696078,236.2,3.004280,3.2,3.8
1740053200.648000,46.504550,12.942653,1509.622608,219.6,0.000000,3.4,4.1
1740053200.648000,46.504550,12.942653,1509.622608,219.6,0.000000,3.4,4.1
1740053206.646000,46.504557,12.942636,1509.695771,219.5,0.333007,3.0,4.5
1740053211.647000,46.504569,12.942497,1508.887780,282.6,2.583077,3.2,4.3
1740053216.644000,46.504581,12.942354,1508.209607,281.8,2.497020,3.5,3.9
1740053222.530000,46.504603,12.942226,1507.908331,281.6,1.434123,3.2,4.2
1740053229.641000,46.504638,12.942106,1507.438664,267.6,1.347600,3.1,3.3
1740053246.647000,46.504656,12.941972,1506.181352,256.9,1.298564,3.4,3.0
1740053256.448000,46.504627,12.941848,1505.161803,271.1,0.171984,3.0,3.0
1740053264.643000,46.504601,12.941722,1505.903712,244.2,0.461737,3.4,3.2
1740053300.229000,46.504533,12.941636,1505.694802,269.0,0.602876,4.0,3.0
1740053304.645000,46.504532,12.941490,1506.020606,270.0,2.069510,2.9,3.1
1740053307.964000,46.504531,12.941349,1510.177043,268.9,3.092266,3.6,3.7
1740053309.648000,46.504429,12.941134,1509.191006,244.3,4.242569,2.7,4.3
1740053311.645000,46.504351,12.940969,1513.659474,244.3,3.814283,3.1,4.5
1740053314.641000,46.504295,12.940807,1518.358597,246.1,3.855109,3.2,3.9
1740053317.641000,46.504248,12.940660,1520.327149,246.0,3.228877,3.0,3.5
1740053320.642000,46.504209,12.940524,1526.713391,248.9,3.149070,3.5,4.0
1740053323.647000,46.504171,12.940404,1531.936763,241.2,2.797204,3.2,4.1
1740053326.645000,46.504120,12.940263,1539.253414,245.0,3.888677,3.5,4.0
1740053329.644000,46.504075,12.940117,1546.023174,245.0,3.568447,3.3,3.8
1740053332.639000,46.504036,12.939972,1553.394734,248.0,3.114618,4.8,3.8
1740053335.642000,46.504005,12.939835,1559.757187,246.0,3.490506,3.6,3.8
1740053338.644000,46.503964,12.939699,1566.073476,245.0,3.350683,2.6,3.8
1740053341.647000,46.503923,12.939570,1574.313724,245.0,3.410199,2.6,3.8
1740053345.644000,46.503881,12.939446,1583.505177,247.9,2.226778,3.1,3.8
1740053349.645000,46.503838,12.939319,1592.265977,246.0,2.351691,4.1,3.8
1740053353.647000,46.503794,12.939185,1601.000275,251.9,3.724131,3.3,3.8
1740053356.646000,46.503750,12.939035,1606.315805,241.1,3.299464,3.9,3.8
1740053359.646000,46.503700,12.938900,1606.329883,243.0,3.889135,3.1,3.8
1740053362.644000,46.503651,12.938751,1608.308220,245.1,3.596217,3.4,3.8
1740053365.647000,46.503595,12.938599,1611.221649,246.0,4.060789,2.9,3.8
1740053368.646000,46.503547,12.938466,1613.960062,244.0,4.355574,4.2,3.8
1740053371.650000,46.503499,12.938335,1612.536344,243.0,3.440724,2.6,3.8
1740053374.645000,46.503455,12.938206,1621.743248,243.0,4.291700,3.0,3.8
1740053377.644000,46.503406,12.938066,1623.277272,245.0,3.846297,4.2,3.8
1740053380.647000,46.503368,12.937939,1624.659031,243.1,3.889529,3.3,3.8
1740053383.644000,46.503326,12.937797,1626.268248,247.9,3.984086,3.1,3.8
1740053386.647000,46.503282,12.937646,1625.049480,243.0,4.546849,3.0,3.8
1740053389.646000,46.503236,12.937499,1627.233206,245.0,4.051221,3.4,3.8
1740053392.647000,46.503186,12.937346,1626.165852,244.4,4.243719,3.1,3.8
1740053395.647000,46.503137,12.937202,1623.873047,244.1,3.852907,3.4,3.8
1740053398.645000,46.503087,12.937043,1623.867110,245.1,4.122134,2.8,3.8
1740053401.644000,46.503035,12.936890,1631.209211,244.9,4.097563,2.7,3.8
1740053404.646000,46.502984,12.936744,1631.437041,243.1,4.136690,4.1,3.8
1740053407.645000,46.502935,12.936599,1637.293200,244.5,4.265120,4.1,3.8
1740053410.646000,46.502883,12.936448,1639.798048,245.1,4.022432,4.1,3.8
1740053413.647000,46.502833,12.936300,1638.800923,244.9,4.127010,3.0,3.8
1740053416.646000,46.502780,12.936144,1636.208756,244.5,4.246704,2.6,3.8
1740053419.646000,46.502730,12.935998,1635.111817,243.8,3.898208,3.1,3.8
1740053422.640000,46.502682,12.935858,1634.427380,244.9,3.633907,2.6,3.8
1740053425.646000,46.502629,12.935696,1634.745221,245.0,4.332556,3.2,3.8
1740053428.647000,46.502573,12.935543,1638.973405,243.9,3.497383,2.6,3.8
1740053431.647000,46.502523,12.935402,1642.337988,243.1,3.857338,3.1,4.0
1740053434.644000,46.502473,12.935245,1644.808546,242.5,3.902476,3.9,4.0
1740053437.647000,46.502428,12.935100,1650.750183,246.7,4.036573,4.0,4.0
1740053440.647000,46.502382,12.934947,1651.284359,246.9,3.940457,3.3,4.2
1740053443.649000,46.502334,12.934791,1653.395117,247.0,4.334853,3.1,4.1
1740053446.640000,46.502289,12.934665,1655.192645,243.1,3.908436,2.7,4.2
1740053449.645000,46.502228,12.934531,1657.640638,239.5,3.764287,2.6,4.4
1740053452.645000,46.502181,12.934411,1663.890304,241.7,3.567595,3.1,4.3
1740053455.647000,46.502135,12.934276,1669.709761,244.9,3.397070,3.1,4.4
1740053458.646000,46.502086,12.934147,1680.247061,241.0,3.639815,2.7,4.4
1740053461.645000,46.502046,12.934018,1690.366657,244.0,3.634499,3.2,4.3
1740053464.646000,46.502015,12.933894,1696.527433,246.1,2.886754,3.3,4.0
1740053467.646000,46.501974,12.933764,1707.289341,246.0,3.257056,4.3,3.9
1740053470.646000,46.501936,12.933640,1712.417882,243.0,3.429866,3.3,3.9
1740053473.644000,46.501896,12.933514,1718.043290,245.0,3.443319,2.5,4.0
1740053477.641000,46.501846,12.933357,1725.599362,245.0,3.817139,2.6,3.8
1740053481.646000,46.501790,12.933194,1735.908473,242.9,4.416760,3.3,3.8
1740053484.646000,46.501739,12.933052,1738.719878,244.0,3.979695,2.9,3.8
1740053487.642000,46.501694,12.932914,1744.781499,245.0,3.760805,2.5,3.8
1740053490.646000,46.501650,12.932771,1749.244344,243.1,3.761347,2.5,3.8
1740053493.648000,46.501609,12.932636,1756.025390,245.0,3.901887,3.8,3.8
1740053496.646000,46.501576,12.932499,1762.813553,247.0,3.868119,3.1,3.8
1740053499.648000,46.501535,12.932363,1761.305589,244.0,3.779985,3.5,3.8
1740053502.641000,46.501492,12.932220,1766.598871,245.0,4.239795,2.6,3.8
1740053505.647000,46.501442,12.932066,1768.952944,244.0,4.368087,2.6,3.8
1740053508.650000,46.501394,12.931915,1769.194414,245.0,4.102935,2.9,3.8
1740053511.646000,46.501347,12.931767,1768.866423,245.0,4.419171,3.0,3.8
1740053514.644000,46.501297,12.931610,1769.907868,245.1,4.461093,3.1,3.8
1740053517.640000,46.501247,12.931461,1770.858913,244.9,4.372165,2.7,3.8
1740053520.647000,46.501193,12.931307,1775.798404,243.1,4.187015,3.8,3.8
1740053523.643000,46.501144,12.931160,1777.195002,244.9,4.243340,4.3,3.8
1740053526.645000,46.501092,12.931006,1774.436230,244.1,4.010852,4.3,3.8
1740053529.645000,46.501042,12.930856,1775.830747,244.9,4.263495,2.5,3.8
1740053532.642000,46.500990,12.930707,1777.751335,243.1,4.003300,2.6,3.8
1740053535.647000,46.500941,12.930558,1780.299900,245.0,4.211073,2.9,3.8
1740053538.642000,46.500893,12.930412,1781.788498,243.8,4.029871,2.7,3.8
1740053541.649000,46.500845,12.930262,1782.804987,244.1,4.099832,2.9,3.8
1740053544.643000,46.500796,12.930112,1786.071711,244.0,4.196732,2.6,3.8
1740053547.641000,46.500744,12.929962,1789.003165,243.0,4.429566,3.2,3.8
1740053550.646000,46.500697,12.929820,1794.806986,245.8,3.896173,3.8,3.8
1740053553.640000,46.500653,12.929675,1796.006988,245.1,4.095308,3.5,3.8
1740053556.649000,46.500605,12.929528,1797.504687,244.0,4.130553,2.8,3.8
1740053559.645000,46.500557,12.929381,1798.677698,244.0,4.264315,2.8,3.8
1740053562.647000,46.500512,12.929238,1802.034216,244.9,4.006685,2.9,3.8
1740053565.647000,46.500462,12.929085,1805.139301,243.8,4.311389,3.5,3.8
1740053568.648000,46.500411,12.928934,1807.287375,243.6,4.141312,2.6,3.8
1740053571.640000,46.500363,12.928786,1810.069042,245.6,3.877640,2.7,3.8
1740053574.643000,46.500314,12.928637,1814.350072,243.1,4.063709,2.6,3.8
1740053577.650000,46.500257,12.928498,1818.251464,239.6,3.856955,3.4,3.8
1740053590.643000,46.500279,12.928365,1816.766121,333.2,1.392837,2.8,3.8
1740053596.645000,46.500363,12.928273,1814.047038,323.2,2.223574,2.6,3.8
1740053611.832000,46.500445,12.928213,1815.322450,350.3,0.694924,3.2,3.0
1740053621.507000,46.500520,12.928132,1813.773792,276.5,1.318287,2.8,3.0
1740053681.647000,46.500579,12.928029,1812.366001,284.5,1.606659,2.6,4.1
1740053685.647000,46.500663,12.927977,1810.645630,6.1,2.700008,2.6,6.5
1740053691.647000,46.500756,12.928081,1812.371197,40.4,3.255758,3.3,7.1
1740053693.652000,46.500713,12.928273,1809.761095,72.2,3.483645,3.3,3.2
1740053694.652000,46.500798,12.928224,1808.436082,47.8,3.188848,2.9,3.2
1740053695.648000,46.500749,12.928352,1806.072471,49.5,3.248139,2.5,3.4
1740053699.648000,46.500767,12.928493,1801.634025,94.9,2.826585,2.6,4.3
1740053704.639000,46.500828,12.928607,1798.041059,49.0,1.614543,2.8,3.8
1740053723.649000,46.500921,12.928631,1798.970785,68.2,0.522548,2.5,3.8
1740053743.642000,46.501008,12.928670,1799.615842,62.3,0.355476,3.8,3.8
1740053755.647000,46.501103,12.928711,1790.865149,18.0,1.495990,2.5,3.8
1740053782.639000,46.501179,12.928792,1791.024083,43.5,0.807740,2.6,3.8
1740053818.647000,46.501280,12.928787,1788.138227,323.0,1.666185,3.3,3.8
1740053831.646000,46.501345,12.928688,1791.005911,310.8,0.613736,4.3,3.8
1740053837.647000,46.501449,12.928638,1784.899673,345.4,2.589728,2.5,3.8
1740053840.647000,46.501561,12.928757,1781.666982,42.8,4.166883,2.6,3.8
1740053844.649000,46.501632,12.928854,1777.950960,61.7,2.602474,2.5,3.8
1740053848.642000,46.501677,12.929010,1778.692509,75.9,4.138086,2.9,3.8
1740053851.646000,46.501710,12.929184,1776.076484,82.0,4.820098,2.5,3.8
1740053854.644000,46.501708,12.929377,1775.533271,98.0,5.441860,2.6,3.8
1740053856.648000,46.501699,12.929521,1775.706466,100.0,5.989090,2.5,3.8
1740053858.651000,46.501675,12.929670,1775.653878,111.0,6.448621,2.6,3.8
1740053860.652000,46.501617,12.929810,1778.415529,123.0,6.562762,4.0,3.8
1740053862.648000,46.501572,12.929968,1778.132149,109.0,6.868185,3.4,3.8
1740053864.649000,46.501535,12.930123,1774.246939,105.0,6.289449,3.2,3.8
1740053866.647000,46.501501,12.930275,1772.491572,115.0,6.119702,2.7,3.8
1740053868.664000,46.501444,12.930400,1770.062575,130.0,5.611538,2.5,3.8
1740053870.648000,46.501372,12.930509,1768.125604,144.6,5.439740,2.6,3.8
1740053872.647000,46.501299,12.930646,1765.474430,127.0,6.596045,2.5,3.8
1740053874.649000,46.501244,12.930775,1765.337599,117.0,4.925140,2.5,3.8
1740053876.641000,46.501218,12.930904,1759.699951,102.0,4.916332,1.9,4.1
1740053879.644000,46.501215,12.931072,1759.699951,71.6,3.470956,1.7,4.1
1740053881.641000,46.501246,12.931196,1759.699951,65.0,5.435660,1.9,3.8
1740053884.641000,46.501305,12.931332,1759.500000,37.0,3.650187,2.6,3.8
1740053887.645000,46.501390,12.931383,1761.461239,11.6,3.415538,2.5,3.8
1740053890.642000,46.501480,12.931388,1763.430727,3.8,3.026311,3.3,3.8
1740053894.644000,46.501587,12.931420,1762.337681,17.0,3.135818,3.4,3.8
1740053897.648000,46.501686,12.931467,1759.500000,21.0,4.213005,2.7,3.8
1740053900.647000,46.501798,12.931508,1756.359898,12.1,4.084635,2.9,3.8
1740053903.647000,46.501928,12.931531,1757.755905,4.1,4.834158,2.8,3.9
1740053906.639000,46.502044,12.931480,1754.514166,335.6,4.078274,2.7,4.0
1740053909.646000,46.502144,12.931381,1752.772084,326.1,4.192329,2.1,4.5
1740053912.647000,46.502247,12.931280,1752.908848,332.0,4.796153,2.8,4.6
1740053914.644000,46.502296,12.931149,1751.642767,316.8,5.497124,2.9,4.2
1740053916.646000,46.502380,12.931047,1750.715637,321.9,6.444343,3.0,3.9
1740053918.650000,46.502457,12.930906,1751.297353,301.1,7.322288,3.2,3.8
1740053920.651000,46.502552,12.930750,1750.398055,316.8,8.021427,3.5,3.8
1740053922.650000,46.502624,12.930568,1745.570091,296.1,7.930586,3.1,3.9
1740053924.652000,46.502704,12.930417,1748.981640,311.5,7.191483,3.6,4.1
1740053926.647000,46.502776,12.930276,1746.864593,309.6,6.265404,3.0,4.4
1740053928.645000,46.502840,12.930128,1742.826807,291.8,6.788919,3.2,4.8
1740053930.643000,46.502882,12.929967,1741.368732,293.1,6.646248,3.1,4.9
1740053932.647000,46.502928,12.929810,1740.687878,296.0,6.378292,3.1,5.0
1740053934.649000,46.502970,12.929652,1738.336551,285.1,6.488282,2.4,5.1
1740053936.645000,46.503008,12.929497,1737.800411,293.2,5.755206,2.6,5.6
1740053938.649000,46.503046,12.929357,1737.240423,301.6,5.572637,2.4,6.2
1740053940.649000,46.503129,12.929260,1737.665867,315.1,5.798402,3.2,7.0
1740053942.650000,46.503247,12.929305,1736.134525,26.5,5.787777,3.2,7.0
1740053944.644000,46.503349,12.929520,1733.011107,55.6,10.200718,3.2,6.6
1740053946.647000,46.503387,12.929751,1731.829238,67.4,8.403026,3.1,6.1
1740053948.651000,46.503427,12.929978,1729.228521,99.7,8.129997,3.5,5.6
1740053950.650000,46.503450,12.930198,1725.429175,79.0,7.489730,3.7,5.0
1740053952.649000,46.503446,12.930370,1721.914308,73.1,6.281152,3.4,4.2
1740053954.649000,46.503462,12.930548,1721.260722,89.8,7.574116,3.9,3.8
1740053956.648000,46.503481,12.930735,1717.958473,80.0,6.921480,3.3,3.8
1740053958.644000,46.503491,12.930912,1712.327324,76.8,6.359638,3.5,3.8
1740053960.651000,46.503555,12.931066,1708.212312,71.3,7.417161,3.4,3.8
1740053962.647000,46.503569,12.931244,1705.016378,81.3,6.859605,3.4,3.8
1740053964.651000,46.503657,12.931390,1700.497380,39.2,8.038950,2.6,3.8
1740053966.649000,46.503725,12.931579,1695.962819,68.6,8.263130,2.9,3.8
1740053968.638000,46.503834,12.931752,1691.958902,49.1,10.340325,2.7,3.8
1740053970.651000,46.503897,12.931997,1688.808295,66.9,10.984196,2.6,3.9
1740053971.647000,46.503937,12.932137,1686.707929,67.0,11.445179,2.8,3.9
1740053972.646000,46.503982,12.932282,1685.017434,66.0,12.051557,2.7,3.9
1740053973.645000,46.504027,12.932428,1682.873476,65.0,12.484348,2.6,3.9
1740053974.646000,46.504071,12.932575,1681.451752,66.9,12.268267,2.6,3.9
1740053975.648000,46.504104,12.932718,1680.580227,70.8,11.930224,2.6,3.9
1740053976.645000,46.504117,12.932854,1680.663086,78.9,11.327457,2.5,3.8
1740053977.645000,46.504129,12.932997,1679.548340,86.0,11.269657,2.5,3.8
1740053978.649000,46.504126,12.933138,1678.385254,92.0,11.031958,2.5,3.8
1740053979.650000,46.504116,12.933276,1676.831678,96.0,10.711354,2.6,3.8
1740053980.650000,46.504103,12.933416,1675.289293,103.0,10.670034,2.6,3.8
1740053981.651000,46.504074,12.933546,1674.014165,109.0,10.360493,2.6,3.8
1740053982.645000,46.504039,12.933676,1673.351721,113.9,10.911184,2.6,3.8
1740053983.649000,46.503992,12.933805,1672.170428,119.0,11.168845,2.6,3.8
1740053984.647000,46.503940,12.933932,1671.319798,122.0,11.209690,2.6,3.8
1740053985.650000,46.503876,12.934041,1670.440570,131.9,10.891292,2.6,3.8
1740053986.648000,46.503800,12.934135,1669.828281,144.0,10.958519,2.6,3.8
1740053987.648000,46.503733,12.934233,1668.489129,132.3,10.269461,2.7,3.8
1740053989.652000,46.503684,12.934448,1662.613164,99.2,8.205567,2.6,3.8
1740053991.647000,46.503669,12.934628,1660.030730,98.7,9.622406,2.6,3.8
1740053993.646000,46.503645,12.934885,1654.838816,88.0,10.975732,1.9,3.8
1740053994.647000,46.503625,12.935012,1652.661032,110.9,9.931403,1.9,3.8
1740053996.648000,46.503556,12.935238,1648.785455,110.1,9.714643,1.8,3.8
1740053998.649000,46.503571,12.935460,1648.087254,73.0,9.325686,2.6,3.8
1740054000.650000,46.503563,12.935695,1645.227538,103.9,9.047676,2.6,3.8
1740054002.648000,46.503550,12.935912,1642.405442,92.3,8.083251,2.6,3.8
1740054004.644000,46.503526,12.936059,1639.932829,128.0,5.939330,2.6,3.8
1740054007.645000,46.503421,12.936081,1639.977432,203.7,5.775851,2.7,3.9
1740054009.652000,46.503342,12.936006,1636.686390,227.5,5.972812,2.6,3.9
1740054011.648000,46.503270,12.935886,1635.544278,222.1,6.466571,2.6,3.8
1740054014.645000,46.503200,12.935746,1633.346185,236.6,3.744483,2.6,3.8
1740054016.650000,46.503145,12.935589,1631.500000,228.2,6.138453,2.8,3.9
1740054018.649000,46.503101,12.935458,1631.500000,235.6,5.556756,2.7,4.0
1740054020.650000,46.503011,12.935358,1629.592099,209.4,5.454392,2.7,4.1
1740054022.651000,46.502904,12.935330,1627.037129,189.9,5.707196,2.1,4.2
1740054024.650000,46.502790,12.935408,1625.458173,166.5,5.650066,2.2,4.4
1740054026.638000,46.502723,12.935591,1624.079849,111.6,7.012125,2.1,4.2
1740054028.650000,46.502671,12.935757,1624.106063,113.1,6.721771,2.7,3.9
1740054030.643000,46.502620,12.935898,1623.155993,114.2,6.344972,2.8,3.8
1740054032.649000,46.502588,12.936058,1622.046058,104.3,6.997324,2.8,3.8
1740054034.651000,46.502538,12.936202,1621.404965,125.9,5.682736,2.9,3.8
1740054037.644000,46.502488,12.936362,1621.451303,128.4,3.810209,2.7,3.8
1740054040.648000,46.502431,12.936488,1620.196110,113.9,4.103564,2.5,3.8
1740054042.641000,46.502422,12.936625,1617.762060,96.6,5.382862,2.6,3.8
1740054044.650000,46.502424,12.936800,1616.224036,90.5,6.209200,2.8,3.8
1740054046.643000,46.502398,12.936974,1614.590883,118.2,5.666893,2.7,3.8
1740054048.646000,46.502373,12.937118,1613.667880,91.6,5.508148,2.7,3.8
1740054050.650000,46.502358,12.937264,1609.750801,127.5,6.313727,2.1,3.8
1740054053.640000,46.502313,12.937381,1604.905487,72.6,7.313483,2.1,3.8
1740054055.640000,46.502237,12.937470,1603.388981,159.0,5.811532,2.7,3.8
1740054057.652000,46.502179,12.937616,1600.865089,110.4,7.960302,2.8,3.8
1740054059.638000,46.502159,12.937816,1597.631506,100.0,8.517115,2.8,3.8
1740054061.647000,46.502130,12.938034,1594.977650,81.1,10.408569,2.8,3.8
1740054062.649000,46.502142,12.938165,1593.344201,82.0,9.886297,2.8,3.8
1740054064.646000,46.502111,12.938400,1590.932603,97.9,9.096088,2.9,3.8
1740054066.644000,46.502132,12.938609,1589.707159,82.0,7.028333,3.1,3.8
1740054068.647000,46.502129,12.938828,1589.221232,83.1,8.498743,3.4,3.8
1740054070.650000,46.502164,12.939002,1584.359909,78.1,7.832963,2.9,3.8
1740054072.639000,46.502155,12.939244,1583.467922,92.9,10.825711,2.9,3.8
1740054074.648000,46.502160,12.939462,1580.113766,84.1,8.432634,3.1,3.8
1740054076.647000,46.502156,12.939692,1578.228361,111.9,8.519941,3.0,3.8
1740054078.648000,46.502124,12.939928,1574.681345,97.0,9.698554,2.4,3.8
1740054080.652000,46.502058,12.940148,1571.997860,122.8,10.099071,2.3,3.8
1740054082.651000,46.501952,12.940326,1568.753146,128.2,9.899005,2.4,3.8
1740054084.649000,46.501892,12.940550,1564.705788,112.9,9.454560,3.1,3.8
1740054086.646000,46.501798,12.940738,1561.065268,124.0,8.467832,3.1,3.8
1740054088.647000,46.501745,12.940958,1558.546994,113.0,9.139922,3.1,3.8
1740054090.640000,46.501691,12.941176,1556.552473,109.5,8.987050,3.1,3.8
1740054092.640000,46.501638,12.941404,1554.159782,108.6,9.367030,3.2,3.8
1740054094.644000,46.501567,12.941614,1554.349927,113.1,8.683251,3.1,3.8
1740054096.649000,46.501488,12.941765,1550.778910,122.7,7.206093,3.2,3.8
1740054098.648000,46.501410,12.941830,1550.595502,140.8,5.044653,3.1,3.8
1740054104.640000,46.501352,12.941941,1548.181886,88.0,1.418749,3.4,3.8
1740054125.647000,46.501319,12.942075,1548.756066,122.5,1.122145,3.5,3.8
1740054139.643000,46.501233,12.942118,1547.708277,186.9,0.848785,2.0,3.0
1740054183.643000,46.501156,12.942048,1548.419791,201.9,0.669397,2.7,3.1
1740054196.646000,46.501081,12.941956,1546.439476,217.7,1.323944,2.0,3.4
1740054199.644000,46.501002,12.941878,1551.140019,216.8,2.562736,2.1,3.4
1740054202.649000,46.500927,12.941793,1558.232492,217.2,3.124295,2.7,3.1
1740054205.646000,46.500837,12.941699,1564.251254,215.2,3.557614,2.6,4.3
1740054207.651000,46.500692,12.941483,1567.689182,216.7,3.831157,2.6,5.2
1740054209.646000,46.500609,12.941369,1571.413872,220.9,3.779684,2.7,5.1
1740054212.642000,46.500511,12.941267,1578.112387,216.6,3.721928,2.7,3.9
1740054215.646000,46.500425,12.941167,1584.171010,216.7,3.730502,2.7,3.3
1740054218.646000,46.500347,12.941076,1590.421083,217.4,3.700470,2.7,3.3
1740054221.647000,46.500266,12.940978,1597.603066,218.8,3.752001,2.7,3.6
1740054224.650000,46.500190,12.940889,1603.436620,218.1,3.279875,2.7,3.9
1740054227.647000,46.500109,12.940782,1609.200946,218.3,3.447861,2.0,3.9
1740054231.648000,46.500032,12.940692,1619.199326,217.9,3.182725,2.7,4.1
1740054234.644000,46.499940,12.940596,1624.753559,211.3,3.954008,2.7,4.3
1740054237.647000,46.499861,12.940495,1630.374065,219.6,3.484739,2.7,4.1
1740054240.648000,46.499785,12.940391,1636.787628,219.0,4.388912,2.7,3.9
1740054243.646000,46.499707,12.940301,1642.751627,216.0,3.148375,2.7,3.8
1740054246.647000,46.499629,12.940201,1648.793157,219.0,3.833889,2.6,3.8
1740054249.641000,46.499548,12.940090,1655.216119,218.0,3.161317,2.7,3.8
1740054252.646000,46.499477,12.940003,1661.310016,218.0,4.368935,2.7,3.8
1740054255.648000,46.499390,12.939889,1664.158665,220.0,3.497086,2.0,3.8
1740054258.647000,46.499303,12.939783,1669.458367,221.0,3.793078,2.1,3.8
1740054261.647000,46.499219,12.939688,1676.160282,217.0,3.026980,2.6,3.8
1740054264.647000,46.499139,12.939598,1680.583972,218.0,3.673528,2.8,3.8
1740054267.647000,46.499053,12.939493,1685.784468,219.0,3.859140,2.5,3.8
1740054270.644000,46.498968,12.939393,1691.651913,219.0,3.830075,2.6,3.8
1740054273.648000,46.498886,12.939293,1696.948547,218.0,3.689307,2.6,3.8
1740054276.649000,46.498806,12.939195,1702.540095,219.5,3.910551,2.6,3.8
1740054279.641000,46.498723,12.939095,1708.813561,218.0,4.179362,2.6,3.8
1740054282.648000,46.498641,12.938999,1714.498067,218.1,3.520746,2.6,3.8
1740054285.649000,46.498566,12.938914,1719.034598,218.8,3.505383,2.4,6.2
1740054288.645000,46.498480,12.938817,1724.597916,219.0,3.933315,2.3,8.9
1740054291.647000,46.498394,12.938722,1728.273100,219.0,3.654022,2.6,9.9
1740054294.643000,46.498306,12.938626,1733.255196,218.8,4.136871,2.8,9.9
1740054297.642000,46.498219,12.938526,1737.073102,218.0,3.662925,2.5,9.9
1740054300.648000,46.498142,12.938437,1742.171031,218.0,3.825728,2.7,9.9
1740054303.648000,46.498057,12.938338,1748.871116,218.3,3.980466,2.6,9.9
1740054306.647000,46.497973,12.938237,1752.003716,218.0,3.824387,2.6,9.9
1740054309.642000,46.497891,12.938141,1758.175789,218.9,4.401643,2.7,9.9
1740054312.650000,46.497802,12.938036,1758.992734,218.8,4.262536,2.5,9.9
1740054315.647000,46.497714,12.937933,1762.619780,218.0,4.331160,2.6,9.9
1740054318.645000,46.497624,12.937828,1765.517269,219.0,4.177099,2.2,9.9
1740054321.648000,46.497538,12.937725,1768.082011,219.9,4.008391,2.6,9.9
1740054324.642000,46.497453,12.937626,1771.357063,218.1,4.126458,2.7,9.9
1740054327.649000,46.497364,12.937525,1775.479938,218.9,4.606644,2.6,9.9
1740054330.647000,46.497270,12.937414,1778.411452,219.0,4.443027,2.7,9.9
1740054333.647000,46.497179,12.937308,1779.577118,219.0,4.005233,2.6,9.9
1740054336.646000,46.497091,12.937197,1779.472148,219.3,4.206820,2.6,9.9
1740054339.639000,46.496998,12.937093,1781.053878,217.1,4.387044,2.5,9.9
1740054342.646000,46.496904,12.936991,1782.351580,218.8,4.227336,2.5,9.9
1740054345.642000,46.496813,12.936888,1785.847936,219.0,4.125988,2.6,9.9
1740054348.649000,46.496724,12.936788,1787.907988,217.4,4.231202,2.5,9.9
1740054351.649000,46.496631,12.936687,1789.336215,218.0,4.067446,2.6,9.9
1740054354.642000,46.496543,12.936586,1792.244887,217.6,4.144271,2.6,9.9
1740054357.645000,46.496454,12.936490,1795.051400,215.7,3.629588,2.6,10.0
1740054360.640000,46.496367,12.936377,1798.170814,220.9,3.946152,2.6,10.0
1740054363.646000,46.496282,12.936268,1798.139804,218.7,4.217367,2.6,9.9
1740054366.643000,46.496194,12.936168,1796.549299,218.0,4.066524,2.6,10.0
1740054369.641000,46.496104,12.936062,1797.003720,217.5,3.836057,2.6,10.2
1740054372.644000,46.496015,12.935958,1796.820809,217.6,4.200225,2.5,10.1
1740054375.642000,46.495926,12.935851,1797.265024,217.9,4.111476,2.1,9.9
1740054378.645000,46.495841,12.935742,1796.608124,219.0,4.093932,2.6,10.0
1740054381.646000,46.495756,12.935634,1795.487390,218.0,4.133429,2.7,10.1
1740054384.640000,46.495672,12.935533,1794.700852,217.4,4.169652,2.6,10.2
1740054387.647000,46.495586,12.935431,1794.198467,217.6,3.555666,2.6,10.2
1740054390.641000,46.495495,12.935322,1795.520160,218.3,4.120896,2.5,10.4
1740054393.647000,46.495414,12.935230,1794.372025,217.5,3.505897,2.5,10.9
1740054396.646000,46.495321,12.935125,1794.835628,217.0,4.344620,2.6,11.0
1740054399.641000,46.495220,12.935006,1795.686093,217.9,4.202181,2.5,11.1
1740054401.647000,46.495148,12.934920,1795.989850,219.0,3.801879,2.5,11.1
1740054404.645000,46.495052,12.934805,1797.882100,218.0,4.205705,2.6,11.0
1740054407.645000,46.494958,12.934692,1798.600495,218.1,4.333755,2.5,10.4
1740054410.643000,46.494858,12.934588,1798.296861,216.0,4.498554,2.6,10.0
1740054413.643000,46.494764,12.934475,1799.226803,218.4,4.681814,2.6,10.0
1740054416.639000,46.494679,12.934376,1799.383807,218.0,4.055808,2.6,9.9
1740054419.644000,46.494593,12.934270,1800.691737,218.0,4.454866,2.5,9.9
1740054422.642000,46.494504,12.934161,1801.522923,218.1,4.314434,2.5,9.9
1740054425.644000,46.494418,12.934056,1802.876006,218.0,3.629614,2.6,9.9
1740054428.648000,46.494330,12.933954,1804.500694,218.0,4.024332,2.6,9.9
1740054431.647000,46.494232,12.933850,1808.441125,213.9,4.300872,2.5,10.3
1740054434.644000,46.494146,12.933758,1815.389413,217.7,3.752168,2.1,10.8
1740054437.646000,46.494073,12.933660,1822.900479,217.2,3.494514,2.6,11.0
1740054440.646000,46.494000,12.933560,1828.972716,218.0,3.510344,2.7,10.9
1740054443.646000,46.493927,12.933459,1835.893608,219.0,3.619365,2.7,11.0
1740054446.645000,46.493853,12.933359,1843.546754,219.2,3.478653,2.6,11.0
1740054449.645000,46.493784,12.933271,1851.319147,218.8,3.374281,2.5,10.8
1740054452.642000,46.493707,12.933186,1855.392613,215.7,3.473287,2.5,10.8
1740054455.646000,46.493632,12.933108,1855.807755,215.9,3.233424,2.6,11.3
1740054460.641000,46.493566,12.933017,1857.254450,221.0,0.261150,2.5,10.5
1740054471.646000,46.493613,12.932882,1856.475627,321.8,1.422798,2.8,10.7
1740054478.649000,46.493696,12.932829,1855.247170,317.3,0.903511,2.5,10.3
1740054485.648000,46.493741,12.932714,1854.793939,313.7,2.429713,2.7,11.1
1740054505.641000,46.493785,12.932697,1851.675726,-1.0,0.000000,2.5,3.0
1740054505.641000,46.493785,12.932697,1851.675726,-1.0,0.000000,2.5,3.0
1740054564.647000,46.493837,12.932674,1854.034757,302.3,1.557968,2.5,4.1
1740054567.646000,46.493875,12.932508,1852.073302,288.1,2.952755,2.5,3.8
1740054569.649000,46.493940,12.932375,1851.457665,306.7,4.200192,2.6,3.6
1740054573.556000,46.494048,12.932367,1847.857190,61.4,3.762036,2.6,6.2
1740054575.646000,46.494139,12.932315,1844.925196,12.0,3.149865,2.6,6.0
1740054580.649000,46.494246,12.932293,1840.569440,356.2,2.666724,2.5,3.7
1740054584.643000,46.494350,12.932336,1835.550283,0.0,3.717504,2.5,3.3
1740054586.647000,46.494432,12.932278,1832.512835,345.2,4.545546,2.5,3.5
1740054588.648000,46.494536,12.932286,1831.069809,5.4,6.031813,2.6,3.8
1740054590.646000,46.494683,12.932284,1826.395563,359.2,7.509599,2.5,3.8
1740054592.646000,46.494817,12.932329,1821.799761,22.7,7.110717,2.5,3.8
1740054594.650000,46.494955,12.932358,1819.469177,11.3,7.983509,2.5,3.8
1740054596.649000,46.495123,12.932392,1815.136987,9.4,9.090053,2.5,3.8
1740054598.649000,46.495245,12.932513,1813.016164,36.9,8.298079,2.6,3.8
1740054600.644000,46.495344,12.932660,1811.978849,44.9,7.702109,2.6,3.8
1740054602.646000,46.495424,12.932803,1811.076055,47.9,6.974780,2.7,3.8
1740054604.644000,46.495508,12.932928,1810.528339,41.9,6.784011,2.6,3.8
1740054606.650000,46.495583,12.933041,1810.080176,45.8,5.826261,2.7,3.8
1740054608.645000,46.495640,12.933159,1809.734086,53.4,5.469747,2.6,3.8
1740054610.651000,46.495686,12.933273,1808.022294,56.8,4.824382,2.5,3.8
1740054613.647000,46.495741,12.933426,1807.183171,62.4,4.403405,2.5,3.9
1740054616.641000,46.495775,12.933579,1806.395688,70.0,4.210776,2.5,3.8
1740054619.646000,46.495807,12.933750,1805.776668,81.3,4.602496,2.5,3.8
1740054622.650000,46.495816,12.933909,1805.107682,85.0,4.014507,2.5,3.8
1740054625.648000,46.495830,12.934066,1805.431770,79.3,4.038426,2.5,3.8
1740054628.645000,46.495856,12.934220,1805.956523,76.0,4.191712,2.6,3.8
1740054631.650000,46.495887,12.934396,1805.055823,76.4,5.086273,2.5,3.8
1740054633.646000,46.495878,12.934537,1804.201070,101.9,5.009981,2.6,3.8
1740054636.643000,46.495844,12.934662,1803.019144,112.1,2.952119,2.7,3.8
1740054656.646000,46.495846,12.934736,1799.747876,-1.0,0.000000,3.0,4.5
1740054656.646000,46.495846,12.934736,1799.747876,-1.0,0.000000,3.0,4.5
1740054681.646000,46.495852,12.934810,1798.370983,67.6,2.349146,2.9,3.8
1740054686.642000,46.495766,12.934896,1797.884351,160.9,4.091575,3.5,3.8
1740054689.643000,46.495666,12.934891,1797.444239,203.4,2.598730,3.1,4.0
1740054698.646000,46.495573,12.934925,1794.308252,167.0,2.759839,3.0,4.6
1740054711.646000,46.495482,12.934995,1791.230988,158.3,3.826647,3.0,4.2
1740054714.645000,46.495368,12.935042,1789.637922,157.9,4.449642,3.0,4.0
1740054717.648000,46.495293,12.935150,1789.501260,127.2,3.132551,4.0,3.9
1740054721.646000,46.495263,12.935282,1789.133865,112.7,1.930882,3.0,3.8
1740054735.648000,46.495178,12.935331,1786.885179,167.7,2.056995,2.8,3.8
1740054745.643000,46.495094,12.935277,1787.121768,217.7,1.258271,3.6,3.8
1740054766.648000,46.494996,12.935309,1785.925652,166.0,1.296897,2.8,3.8
1740054771.644000,46.494897,12.935310,1786.357144,175.0,2.373137,3.4,3.8
1740054776.639000,46.494802,12.935323,1790.541581,176.3,1.726773,3.6,3.8
1740054781.640000,46.494694,12.935342,1796.221473,172.9,2.739580,3.0,3.8
1740054786.645000,46.494594,12.935362,1799.719139,176.7,1.849170,2.8,3.8
1740054791.641000,46.494484,12.935384,1802.259124,171.0,2.474839,2.5,3.8
1740054796.644000,46.494379,12.935409,1805.151662,170.8,2.216702,2.8,3.8
1740054801.642000,46.494272,12.935431,1807.426916,170.0,2.363714,3.5,3.8
1740054806.644000,46.494166,12.935455,1810.331723,171.0,2.165712,3.0,3.8
1740054811.646000,46.494062,12.935482,1815.944999,169.0,2.290046,3.2,3.8
1740054816.647000,46.493958,12.935504,1816.290586,171.0,2.259959,2.5,3.8
1740054821.646000,46.493850,12.935527,1820.489929,170.0,2.310041,2.6,3.8
1740054826.646000,46.493744,12.935549,1823.880703,169.0,2.090198,2.6,3.8
1740054831.648000,46.493636,12.935573,1828.702852,170.0,1.813801,2.9,3.8
1740054836.648000,46.493539,12.935599,1832.822562,166.1,1.713159,3.4,3.8
1740054840.646000,46.493448,12.935628,1838.085431,169.0,2.219904,3.1,3.8
1740054845.646000,46.493348,12.935652,1839.975703,170.0,2.289509,2.7,3.8
1740054850.646000,46.493243,12.935675,1842.945809,169.0,2.000574,2.5,3.8
1740054855.642000,46.493141,12.935697,1846.423966,169.0,2.409387,2.5,3.8
1740054860.646000,46.493043,12.935717,1851.233810,169.0,2.234437,3.4,3.8
1740054865.644000,46.492946,12.935738,1856.316626,173.0,2.202222,3.8,3.8
1740054871.640000,46.492843,12.935764,1864.882679,172.0,2.079730,2.9,3.8
1740054877.648000,46.492741,12.935782,1870.965991,170.0,1.890327,2.8,3.8
1740054883.646000,46.492638,12.935802,1879.799042,171.0,1.840311,2.7,3.8
1740054889.647000,46.492530,12.935817,1889.019509,171.0,1.897010,3.0,3.8
1740054895.646000,46.492425,12.935840,1899.341722,169.0,1.931692,3.2,3.8
1740054900.647000,46.492330,12.935870,1903.830773,170.0,1.920229,2.7,3.8
1740054905.644000,46.492240,12.935897,1909.190401,169.0,2.058664,2.7,3.8
1740054910.645000,46.492146,12.935925,1915.110488,172.0,1.902571,2.5,3.8
1740054915.642000,46.492047,12.935941,1921.103777,171.0,1.930100,2.8,3.8
1740054920.646000,46.491950,12.935945,1927.543419,170.0,2.169707,3.3,3.8
1740054925.646000,46.491852,12.935957,1935.219906,171.0,2.020391,3.2,3.8
1740054930.645000,46.491758,12.935980,1939.348039,173.0,2.155137,2.6,3.8
1740054936.646000,46.491652,12.936006,1947.810451,174.0,1.681031,3.0,3.8
1740054941.644000,46.491562,12.936026,1953.664014,174.0,2.007807,2.5,3.8
1740054946.645000,46.491472,12.936047,1962.181710,169.0,2.369628,3.1,3.8
1740054952.641000,46.491376,12.936068,1971.788360,176.0,1.899862,4.3,3.8
1740054958.644000,46.491271,12.936086,1978.345162,174.0,2.067819,2.7,3.8
1740054963.645000,46.491182,12.936107,1985.069625,169.0,2.011851,2.7,3.8
1740054969.641000,46.491082,12.936123,1992.699833,174.0,2.217944,2.5,3.8
1740054975.646000,46.490977,12.936146,2002.603593,174.0,1.840258,3.1,3.8
1740054981.646000,46.490879,12.936165,2013.114596,170.0,1.909984,4.3,3.8
1740054987.637000,46.490774,12.936191,2020.660488,171.0,1.630753,2.9,3.8
1740054992.643000,46.490686,12.936218,2026.958526,170.0,2.478585,2.9,3.8
1740054997.642000,46.490580,12.936250,2026.662916,169.0,1.757867,2.5,3.8
1740055002.645000,46.490469,12.936286,2028.407878,170.9,2.543689,3.0,3.8
1740055010.648000,46.490380,12.936318,2029.562869,160.2,0.192202,4.4,3.8
1740055039.645000,46.490319,12.936206,2029.838585,224.1,1.732790,4.4,3.8
1740055055.649000,46.490357,12.936085,2026.777708,301.7,1.531396,2.5,3.2
1740055063.512000,46.490358,12.935950,2029.398522,247.9,0.797922,2.8,3.1
1740055203.639000,46.490308,12.936062,2027.036688,94.0,1.890601,2.5,4.0
1740055228.642000,46.490300,12.936195,2024.103302,128.8,1.208143,2.5,3.8
1740055236.646000,46.490381,12.936287,2024.978796,46.0,1.587778,2.5,4.7
1740055341.638000,46.490456,12.936369,2022.309371,17.5,0.721927,2.5,3.8
1740055347.644000,46.490557,12.936437,2021.379777,35.6,4.169118,2.5,3.8
1740055350.646000,46.490621,12.936540,2020.641368,39.1,3.895427,2.5,3.8
1740055353.643000,46.490725,12.936593,2016.548468,32.6,4.850897,2.5,3.8
1740055356.644000,46.490814,12.936683,2010.658021,22.0,3.677623,2.5,3.8
1740055358.645000,46.490899,12.936740,2006.796569,40.2,5.599260,2.5,3.8
1740055360.647000,46.491005,12.936812,2004.448321,17.0,6.560355,2.5,3.8
1740055362.646000,46.491112,12.936919,2001.435221,35.3,7.495826,2.5,3.8
1740055364.648000,46.491229,12.936991,1996.634694,22.0,6.449186,2.5,3.8
1740055366.651000,46.491318,12.937119,1994.580748,43.0,7.944849,2.5,3.8
1740055368.648000,46.491437,12.937215,1989.251962,33.9,7.961783,2.5,3.8
1740055370.642000,46.491564,12.937373,1983.279465,38.7,8.930746,3.0,3.9
1740055372.648000,46.491681,12.937469,1977.650830,28.9,8.060234,2.7,4.0
1740055374.647000,46.491793,12.937626,1974.919364,47.9,9.246470,2.7,3.9
1740055376.646000,46.491886,12.937812,1972.298398,50.0,8.840812,2.7,3.8
1740055378.650000,46.492006,12.937990,1971.998746,44.9,9.177496,2.5,3.8
1740055380.646000,46.492112,12.938128,1969.832899,41.3,7.808408,2.5,3.8
1740055382.647000,46.492210,12.938179,1968.510437,30.2,6.701521,2.5,4.1
1740055384.643000,46.492291,12.938255,1966.246673,31.8,5.949919,2.6,4.0
1740055387.648000,46.492418,12.938206,1961.694748,340.0,5.827922,3.3,3.8
1740055389.646000,46.492505,12.938114,1959.195641,326.8,5.866506,3.4,4.1
1740055392.640000,46.492512,12.937932,1952.927252,263.4,4.725776,4.2,4.3
1740055394.648000,46.492436,12.937814,1949.298448,241.2,5.041066,2.8,4.2
1740055397.646000,46.492380,12.937632,1943.839131,246.3,5.113192,2.7,4.2
1740055399.645000,46.492344,12.937499,1938.273961,268.8,5.121892,3.2,4.3
1740055401.641000,46.492282,12.937360,1933.935547,240.0,5.871011,3.0,4.2
1740055403.648000,46.492256,12.937211,1930.778608,250.8,5.814363,2.7,4.0
1740055405.647000,46.492196,12.937054,1928.234743,245.1,6.222514,2.8,4.0
1740055407.648000,46.492160,12.936922,1926.000586,254.0,5.907716,2.8,4.1
1740055409.646000,46.492154,12.936782,1924.598517,264.3,5.727892,2.5,4.0
1740055411.647000,46.492112,12.936640,1921.209028,258.6,6.225735,2.7,4.0
1740055413.647000,46.492102,12.936428,1918.828981,264.3,7.446075,3.5,4.0
1740055415.644000,46.492065,12.936257,1915.107679,254.3,7.019523,3.1,4.0
1740055417.646000,46.492073,12.936094,1912.163315,269.1,6.390853,2.7,4.1
1740055420.649000,46.492086,12.935894,1907.366670,276.3,5.389122,2.7,4.1
1740055423.646000,46.492109,12.935742,1902.648412,283.7,4.488845,3.5,4.5
1740055425.647000,46.492136,12.935617,1899.037904,283.8,4.826732,2.9,4.7
1740055428.647000,46.492125,12.935426,1894.608716,271.8,4.181380,2.9,4.5
1740055431.641000,46.492198,12.935313,1888.233888,302.5,3.539937,2.5,4.4
1740055433.646000,46.492225,12.935185,1885.889540,283.4,4.717127,2.5,4.3
1740055436.645000,46.492287,12.935044,1882.840635,317.6,3.889108,2.5,4.3
1740055442.640000,46.492390,12.935019,1880.187154,351.6,1.357190,2.5,4.6
1740055447.642000,46.492497,12.934995,1878.724121,347.1,2.831655,4.2,6.6
1740055451.638000,46.492605,12.934966,1873.947020,15.1,2.641561,3.0,10.2
1740055458.643000,46.492699,12.934940,1867.790890,16.0,1.969926,2.6,10.6
1740055462.642000,46.492799,12.934959,1862.767015,3.6,2.882173,2.5,10.4
1740055467.644000,46.492900,12.934981,1858.980085,9.2,2.350038,2.7,10.2
1740055471.641000,46.493001,12.934956,1854.879477,357.8,2.806734,2.6,10.5
1740055476.644000,46.493096,12.934988,1849.233037,10.6,1.756605,2.9,10.3
1740055481.646000,46.493201,12.934980,1843.532745,355.1,2.345151,4.3,10.2
1740055484.644000,46.493310,12.934942,1840.992745,6.1,5.175374,3.1,10.3
1740055487.640000,46.493401,12.934943,1832.104730,5.4,2.506784,4.3,10.4
1740055499.643000,46.493479,12.934871,1828.349156,333.3,2.704982,3.4,4.3
1740055502.645000,46.493605,12.934895,1823.818928,10.9,4.789642,4.2,4.3
1740055504.644000,46.493700,12.934865,1821.240815,357.2,5.263011,4.2,4.3
1740055506.648000,46.493809,12.934884,1816.683646,8.1,6.143771,3.7,4.4
1740055508.651000,46.493978,12.934860,1811.821618,357.4,7.923584,3.9,4.5
1740055509.649000,46.494077,12.934794,1809.092890,345.6,10.432280,4.2,4.6
1740055510.646000,46.494175,12.934723,1806.792406,342.1,11.276308,4.5,4.6
1740055511.645000,46.494295,12.934662,1804.414254,339.7,12.268960,4.4,4.7
1740055512.646000,46.494407,12.934597,1803.418534,338.7,12.659232,4.4,4.9
1740055513.645000,46.494524,12.934550,1801.295739,342.0,12.860467,3.1,5.1
1740055514.647000,46.494634,12.934528,1798.831002,347.8,12.655695,3.1,5.0
1740055515.651000,46.494742,12.934525,1796.692054,353.6,12.652316,3.9,5.2
1740055516.646000,46.494867,12.934523,1794.409157,356.8,13.186522,3.7,5.1
1740055517.645000,46.494975,12.934541,1792.555367,1.7,12.142794,4.3,5.1
1740055519.645000,46.495158,12.934583,1790.608197,8.7,10.869316,3.4,4.9
1740055520.647000,46.495247,12.934617,1789.738031,12.7,9.999944,2.7,4.8
1740055522.643000,46.495395,12.934700,1789.564466,18.6,8.295716,2.9,4.7
1740055524.648000,46.495540,12.934781,1789.581287,21.1,8.587978,2.8,4.5
1740055526.647000,46.495660,12.934881,1789.411025,26.8,7.954299,3.4,4.3
1740055528.644000,46.495774,12.934990,1788.712474,31.3,8.011576,3.5,4.3
1740055530.644000,46.495871,12.935117,1787.769133,37.0,7.714848,4.2,4.1
1740055532.644000,46.495958,12.935250,1787.337158,39.6,7.429434,3.6,4.0
1740055534.644000,46.496021,12.935375,1786.530024,50.9,6.017370,3.1,3.9
1740055536.644000,46.496085,12.935484,1786.575873,44.6,5.431706,3.1,3.8
1740055538.648000,46.496146,12.935579,1785.066826,46.7,5.047682,4.2,3.8
1740055541.645000,46.496225,12.935709,1784.690374,53.1,4.029099,4.3,3.9
1740055544.638000,46.496288,12.935805,1782.674951,38.1,3.360485,3.2,3.8
1740055547.639000,46.496366,12.935892,1781.854798,38.0,3.295739,3.4,3.8
1740055550.644000,46.496453,12.935971,1780.340673,32.8,3.673923,2.7,3.8
1740055553.644000,46.496537,12.936066,1781.100821,40.0,4.689294,2.8,3.8
1740055556.644000,46.496607,12.936225,1780.734616,53.0,5.276499,3.0,3.8
1740055558.645000,46.496652,12.936342,1780.013475,57.9,5.329901,3.5,3.8
1740055560.643000,46.496722,12.936447,1777.723594,40.0,5.609259,4.4,3.8
1740055562.647000,46.496815,12.936583,1778.610082,59.9,7.705109,3.2,3.8
1740055564.642000,46.496905,12.936717,1776.144947,29.4,7.521224,3.1,3.8
1740055566.641000,46.497041,12.936822,1773.854431,30.8,8.678296,3.9,3.8
1740055568.652000,46.497164,12.936956,1772.163117,38.0,7.832126,4.5,3.8
1740055570.646000,46.497272,12.937077,1771.089682,43.0,7.499979,4.3,3.8
1740055572.645000,46.497355,12.937222,1769.164412,59.9,7.196087,3.1,3.8
1740055574.641000,46.497393,12.937364,1765.262352,78.0,4.593886,3.7,3.8
1740055582.642000,46.497475,12.937452,1764.400198,358.1,2.373945,2.8,3.8
1740055586.642000,46.497575,12.937478,1762.500000,28.1,3.986677,3.8,3.8
1740055589.642000,46.497648,12.937608,1758.257135,59.0,4.857652,3.4,3.8
1740055591.649000,46.497680,12.937749,1754.489638,70.9,5.289685,3.1,3.8
1740055593.649000,46.497707,12.937888,1750.851316,70.0,6.243922,3.1,3.8
1740055595.648000,46.497733,12.938071,1748.491288,85.9,7.281907,4.2,3.8
1740055597.646000,46.497791,12.938242,1744.755283,58.9,6.821471,4.6,3.8
1740055599.652000,46.497820,12.938403,1742.690819,77.8,6.587242,3.1,3.8
1740055601.645000,46.497821,12.938564,1736.757316,83.6,5.740473,11.6,3.8
1740055604.644000,46.497900,12.938691,1734.832195,81.8,4.584806,3.0,3.8
1740055607.641000,46.497931,12.938825,1730.153785,69.2,2.805485,2.7,3.9
1740055611.644000,46.498014,12.938883,1727.581012,26.3,1.947059,5.2,3.8
1740055614.645000,46.498091,12.938964,1724.901040,49.9,3.670158,4.1,3.8
1740055618.644000,46.498139,12.939100,1718.686561,51.2,3.152310,6.8,3.8
1740055621.646000,46.498237,12.939166,1715.710364,73.8,5.032212,5.7,3.8
1740055625.643000,46.498312,12.939292,1709.321593,30.2,2.798776,5.2,3.8
1740055629.645000,46.498376,12.939388,1702.360158,82.1,2.928904,11.1,4.1
1740055632.642000,46.498453,12.939503,1698.095434,20.9,3.675825,6.4,4.0
1740055634.645000,46.498533,12.939563,1693.836062,36.4,4.299800,6.9,3.8
1740055642.653000,46.498623,12.939611,1689.451393,35.3,0.532896,3.7,4.3
1740055647.643000,46.498705,12.939683,1686.414112,64.3,4.452621,6.2,3.8
1740055649.642000,46.498712,12.939823,1684.730788,83.8,5.106997,4.1,3.8
1740055652.641000,46.498714,12.939996,1678.320764,95.7,3.809576,8.2,3.8
1740055656.646000,46.498772,12.940120,1674.185056,45.9,4.194165,9.7,3.8
1740055659.643000,46.498877,12.940220,1667.727096,37.2,4.503167,12.3,3.8
1740055661.646000,46.498864,12.940372,1663.855727,92.5,6.242314,5.5,3.8
1740055663.644000,46.498906,12.940515,1660.560313,69.9,5.873063,5.1,3.8
1740055665.644000,46.498966,12.940676,1656.063369,68.9,6.457649,2.7,4.0
1740055667.649000,46.498968,12.940870,1652.918097,78.4,7.805955,4.7,4.0
1740055669.650000,46.499047,12.941038,1649.417818,46.7,7.928083,4.7,3.9
1740055671.649000,46.499113,12.941207,1648.956416,81.5,6.879778,3.7,3.8
1740055673.718000,46.499109,12.941340,1645.881813,99.1,4.934649,4.2,4.0
1740055677.647000,46.499179,12.941477,1642.062351,64.4,3.275185,6.1,4.2
1740055680.648000,46.499215,12.941612,1638.389631,74.0,4.776213,4.8,4.5
1740055682.644000,46.499242,12.941737,1632.920101,80.4,3.733482,8.3,4.4
1740055684.643000,46.499338,12.941774,1629.094023,348.8,4.788264,10.5,4.3
1740055686.643000,46.499421,12.941830,1626.488557,61.1,5.295303,9.7,4.6
1740055689.646000,46.499434,12.941976,1619.765133,54.4,3.944365,11.3,5.1
1740055692.639000,46.499564,12.942008,1617.488721,34.4,4.720112,5.0,4.9
1740055695.644000,46.499586,12.942154,1612.488590,65.3,4.671105,7.2,4.6
1740055698.648000,46.499703,12.942206,1609.615614,50.6,4.706925,4.8,4.6
1740055700.647000,46.499731,12.942331,1606.688717,77.7,5.590810,6.1,4.6
1740055703.646000,46.499815,12.942459,1602.805800,21.6,4.351892,4.0,4.5
1740055707.643000,46.499896,12.942551,1598.029439,77.6,5.076839,5.5,4.6
1740055711.646000,46.500000,12.942636,1590.909558,359.7,4.908594,8.4,4.7
1740055714.644000,46.500097,12.942587,1585.879574,3.7,3.873828,10.7,4.9
1740055717.644000,46.500180,12.942712,1579.257553,55.1,3.523895,12.5,5.2
1740055720.644000,46.500318,12.942720,1574.870414,356.5,4.981603,7.3,5.2
1740055724.646000,46.500430,12.942675,1568.535841,33.8,7.110979,7.2,5.5
1740055727.644000,46.500520,12.942761,1563.219173,1.0,3.537851,4.8,5.1
1740055729.646000,46.500613,12.942726,1560.719783,349.3,5.057163,6.2,5.2
1740055731.646000,46.500695,12.942670,1558.697932,345.7,5.449764,4.2,5.9
1740055733.643000,46.500797,12.942719,1553.522056,7.8,7.003946,5.5,6.7
1740055735.645000,46.500907,12.942631,1549.729526,332.5,9.028597,6.3,7.1
1740055737.649000,46.501032,12.942578,1544.955715,2.7,7.990817,6.9,7.5
1740055739.645000,46.501161,12.942578,1542.676913,353.2,8.271346,6.3,7.7
1740055741.648000,46.501213,12.942461,1539.627101,275.6,2.223454,8.7,7.4
1740055749.647000,46.501187,12.942319,1538.068446,236.1,0.850157,7.4,6.8
1740055759.641000,46.501245,12.942218,1537.884718,284.7,0.571669,8.7,5.0
1740055768.646000,46.501281,12.942097,1538.876524,310.6,0.795534,7.0,6.3
1740055776.642000,46.501366,12.942048,1536.996525,329.5,1.015093,10.3,5.2
1740055786.641000,46.501452,12.942007,1539.137630,315.5,1.296710,4.4,5.0
1740055790.642000,46.501550,12.941935,1537.242450,337.3,3.432965,5.5,4.8
1740055792.649000,46.501680,12.941953,1535.305338,9.3,6.492023,6.4,4.3
1740055794.645000,46.501799,12.941926,1532.471570,0.5,7.387881,6.6,4.1
1740055796.645000,46.501911,12.941960,1531.074947,13.2,7.079789,9.1,3.9
1740055798.643000,46.502037,12.941941,1529.161386,359.7,6.949902,10.7,4.2
1740055800.637000,46.502149,12.941999,1527.381527,20.1,7.279768,11.1,4.5
1740055802.648000,46.502269,12.942077,1526.269464,22.8,6.844238,6.7,5.5
1740055805.646000,46.502372,12.942154,1522.993709,29.8,4.697793,10.1,6.2
1740055807.644000,46.502472,12.942185,1521.419417,18.7,5.225612,6.2,6.2
1740055809.648000,46.502573,12.942194,1518.124093,14.2,5.077490,2.8,5.9
1740055811.645000,46.502689,12.942194,1515.000147,358.8,5.729345,4.8,5.7
1740055813.643000,46.502815,12.942246,1513.314792,18.8,7.155467,4.4,5.3
1740055815.642000,46.502959,12.942323,1510.079045,16.0,7.819792,6.8,5.1
1740055817.646000,46.503106,12.942358,1506.914771,11.4,8.415381,10.0,4.7
1740055819.644000,46.503270,12.942369,1504.942297,3.6,9.101929,8.1,4.5
1740055821.641000,46.503439,12.942384,1502.578147,1.8,9.270494,6.2,4.7
1740055823.637000,46.503596,12.942407,1499.141961,5.9,8.324792,6.6,4.8
1740055825.644000,46.503767,12.942441,1499.538876,0.0,9.368817,5.4,4.9
1740055827.644000,46.503932,12.942477,1496.719230,13.9,9.043891,6.7,4.7
1740055829.644000,46.504104,12.942489,1494.623297,7.3,9.022365,5.2,4.5
1740055831.642000,46.504260,12.942578,1491.376923,24.0,8.930352,6.2,4.4
1740055833.644000,46.504400,12.942634,1488.391283,13.0,8.103234,12.0,4.2
1740055835.647000,46.504544,12.942627,1487.719117,359.5,8.040174,6.4,4.1
1740055837.644000,46.504668,12.942671,1485.860292,10.0,7.750849,6.8,4.0
1740055839.645000,46.504798,12.942711,1485.253800,12.3,7.188495,5.8,3.9
1740055841.644000,46.504928,12.942755,1484.841417,13.0,6.996058,4.2,3.8
1740055843.650000,46.505040,12.942804,1484.787958,16.8,6.586590,3.6,3.8
1740055845.648000,46.505144,12.942893,1484.686878,30.5,6.688035,3.9,4.1
1740055847.649000,46.505249,12.942983,1482.490413,19.9,6.025155,3.8,4.4
1740055849.646000,46.505322,12.943080,1480.136473,40.6,5.322703,4.7,4.4
1740055851.642000,46.505423,12.943151,1477.679272,17.3,6.645789,4.4,4.2
1740055853.648000,46.505543,12.943208,1474.863924,19.6,7.628115,4.8,4.0
1740055855.649000,46.505679,12.943310,1473.140006,27.0,8.706293,4.8,3.8
1740055857.648000,46.505813,12.943457,1469.922094,34.9,9.187436,4.8,3.8
1740055859.647000,46.505889,12.943617,1466.912284,47.8,7.764772,3.8,3.8
1740055861.647000,46.505953,12.943785,1460.194863,68.6,6.659028,8.7,3.8
1740055863.641000,46.506008,12.943970,1457.170271,65.6,7.695074,5.6,3.8
1740055865.643000,46.506002,12.944164,1453.915790,99.1,7.486706,4.6,3.8
1740055867.643000,46.506039,12.944368,1451.311214,67.3,8.616148,2.9,3.8
1740055869.645000,46.506073,12.944600,1447.346732,78.1,9.592793,5.4,3.8
1740055871.640000,46.506043,12.944864,1444.777453,94.5,10.100983,3.9,3.8
1740055872.640000,46.506045,12.945005,1442.390900,82.9,10.507819,3.6,3.9
1740055873.645000,46.506061,12.945143,1440.876522,81.2,10.586338,3.8,4.0
1740055874.642000,46.506096,12.945285,1438.307671,75.1,11.245152,4.0,4.0
1740055875.642000,46.506127,12.945441,1437.029074,73.8,12.072756,4.3,4.0
1740055876.643000,46.506150,12.945598,1435.514479,76.6,12.046822,4.2,4.1
1740055877.644000,46.506165,12.945755,1433.123058,79.3,11.982199,4.4,4.2
1740055878.645000,46.506185,12.945885,1432.165917,77.3,10.898094,4.8,4.1
1740055879.641000,46.506214,12.946013,1431.307782,70.3,10.673494,4.4,4.1
1740055880.644000,46.506242,12.946139,1430.044915,71.2,10.407625,4.8,4.1
1740055882.645000,46.506302,12.946372,1428.550225,68.0,10.575985,4.7,3.9
1740055883.635000,46.506331,12.946502,1427.006248,73.0,10.719095,4.8,3.9
1740055884.648000,46.506353,12.946634,1424.655505,78.0,10.261197,4.8,3.9
1740055886.648000,46.506386,12.946874,1422.899630,75.0,9.417624,4.8,3.8
1740055888.639000,46.506424,12.947082,1421.144824,78.8,7.379699,3.8,3.8
1740055890.645000,46.506467,12.947246,1417.263766,69.6,7.157804,4.4,3.8
1740055892.642000,46.506494,12.947421,1414.721510,86.9,6.640680,7.1,3.8
1740055895.646000,46.506500,12.947619,1416.293016,78.9,5.519503,3.3,3.9
1740055897.642000,46.506485,12.947820,1414.801283,91.1,10.443456,4.0,3.9
1740055899.646000,46.506519,12.948010,1411.939895,57.4,7.052298,4.4,3.9
1740055901.646000,46.506565,12.948190,1409.482686,70.4,7.333565,4.1,3.8
1740055903.643000,46.506599,12.948348,1407.015610,69.9,7.074300,4.6,3.8
1740055905.644000,46.506690,12.948378,1406.029628,43.8,4.975441,4.7,3.9
1740055907.643000,46.506816,12.948352,1403.279245,14.7,4.956994,5.1,4.3
1740055909.639000,46.506923,12.948262,1402.349876,353.8,5.043833,4.6,5.2
1740055910.646000,46.506946,12.948120,1400.996135,310.9,6.412220,4.9,5.6
1740055912.647000,46.507002,12.947900,1399.601377,299.4,7.528981,4.9,5.5
1740055914.643000,46.507063,12.947727,1395.757741,296.2,7.450921,5.3,4.7
1740055916.649000,46.507164,12.947602,1393.908226,308.9,6.972435,3.8,4.8
1740055918.645000,46.507270,12.947500,1390.437898,329.5,6.639761,5.4,4.6
1740055920.647000,46.507372,12.947446,1390.059295,347.7,5.976655,4.9,4.1
1740055922.645000,46.507469,12.947398,1388.286440,14.3,5.460181,4.0,3.8
1740055924.642000,46.507563,12.947349,1389.687822,351.7,5.194521,3.4,3.9
1740055926.646000,46.507648,12.947234,1386.188243,331.1,5.846458,3.7,4.2
1740055928.648000,46.507762,12.947122,1385.077138,329.7,6.991603,3.7,4.7
1740055930.646000,46.507904,12.947084,1383.468702,338.4,7.552578,3.9,5.0
1740055932.643000,46.508012,12.947022,1382.244483,337.3,6.642233,4.3,4.8
1740055934.645000,46.508105,12.946961,1382.581705,335.0,5.690083,5.0,4.4
1740055936.648000,46.508191,12.946897,1382.854198,334.0,5.573538,4.8,4.3
1740055938.649000,46.508298,12.946812,1381.615502,331.7,6.482810,5.2,4.2
1740055940.647000,46.508414,12.946667,1379.007735,323.3,7.932917,5.0,4.1
1740055942.647000,46.508534,12.946490,1376.684782,317.8,8.892460,5.0,4.3
1740055944.645000,46.508664,12.946349,1373.988809,318.9,9.475262,3.8,4.4
1740055945.650000,46.508734,12.946267,1372.859187,319.6,9.870276,3.8,4.7
1740055946.647000,46.508813,12.946180,1370.136567,321.2,10.442484,3.7,4.8
1740055947.648000,46.508911,12.946142,1368.696469,327.2,10.679256,4.5,4.8
1740055948.646000,46.508999,12.946096,1366.294631,338.0,10.693395,5.0,4.7
1740055949.642000,46.509104,12.946086,1365.850313,344.6,10.836685,5.0,4.5
1740055950.638000,46.509200,12.946115,1364.434335,357.9,10.406507,4.7,4.3
1740055951.641000,46.509289,12.946155,1365.164193,14.6,9.735571,4.2,4.1
1740055953.647000,46.509416,12.946270,1366.237063,28.0,7.679265,3.4,3.8
1740055955.645000,46.509535,12.946372,1364.378391,32.4,7.654379,3.7,3.8
1740055957.637000,46.509646,12.946481,1363.551703,34.9,7.380857,4.6,3.8
1740055959.646000,46.509749,12.946586,1362.697842,34.5,7.054322,4.1,4.0
1740055961.645000,46.509849,12.946691,1361.976579,34.5,6.835225,4.7,4.5
1740055963.649000,46.509923,12.946802,1363.246312,40.7,6.126046,4.6,5.3
1740055965.645000,46.510012,12.946921,1362.366143,41.0,6.584334,4.5,5.4
1740055967.648000,46.510107,12.947041,1360.278083,40.7,7.074430,4.9,4.8
1740055969.647000,46.510203,12.947176,1358.160220,41.4,7.343889,5.0,4.6
1740055971.650000,46.510306,12.947338,1356.401977,46.9,8.035223,5.0,4.1
1740055973.647000,46.510411,12.947500,1354.473163,51.7,7.795255,3.7,4.0
1740055975.641000,46.510483,12.947690,1353.071663,58.7,7.349358,3.7,3.8
1740055977.644000,46.510544,12.947853,1350.698481,61.6,6.840779,5.0,3.8
1740055980.645000,46.510582,12.948000,1350.364102,63.4,3.619630,4.3,3.8
1740055983.647000,46.510618,12.948137,1351.784539,66.8,3.442728,3.9,3.8
1740055987.645000,46.510667,12.948296,1350.624327,66.2,3.308024,4.6,3.8
1740055991.646000,46.510712,12.948439,1351.327564,59.9,2.678785,4.3,3.8
1740055996.644000,46.510757,12.948572,1351.324355,64.3,2.561080,4.3,3.8
1740056007.645000,46.510778,12.948709,1347.183517,67.1,1.766828,4.8,3.8
1740056011.644000,46.510832,12.948857,1346.751159,59.0,3.859740,5.5,3.8
1740056014.641000,46.510885,12.949011,1347.420700,71.4,4.976423,4.7,3.8
1740056017.641000,46.510943,12.949182,1345.768376,60.6,4.822063,4.3,3.8
1740056019.645000,46.510997,12.949303,1346.862592,58.0,5.606961,4.4,3.8
1740056021.648000,46.511029,12.949466,1345.814343,78.6,6.837205,4.8,3.8
1740056023.646000,46.511070,12.949638,1344.084490,75.1,7.084229,4.5,3.8
1740056025.642000,46.511120,12.949822,1343.012984,70.2,7.444031,4.7,3.8
1740056027.644000,46.511182,12.949993,1338.808486,65.7,7.253673,5.0,3.8
1740056029.646000,46.511238,12.950160,1337.385513,64.8,7.099699,5.2,3.8
1740056031.646000,46.511292,12.950343,1335.084620,64.9,7.271308,4.3,4.1
1740056033.644000,46.511332,12.950521,1332.386521,66.5,7.090369,4.9,4.2
1740056035.646000,46.511378,12.950693,1331.875299,68.1,7.118389,4.4,4.0
1740056037.645000,46.511423,12.950880,1330.024419,77.5,6.626035,4.0,3.9
1740056039.640000,46.511448,12.951054,1332.576615,77.6,6.379146,3.5,3.8
1740056041.644000,46.511424,12.951189,1330.468795,121.5,4.553267,3.7,3.8
1740056061.644000,46.511371,12.951200,1330.063253,165.7,0.000000,3.7,3.8
1740056061.644000,46.511371,12.951200,1330.063253,165.7,0.000000,3.7,3.8
1740056074.640000,46.511338,12.951260,1331.192007,157.5,1.288170,4.9,3.8
1740056082.645000,46.511252,12.951319,1332.373649,160.9,0.875157,4.2,3.8
1740056091.642000,46.511173,12.951396,1332.744507,180.0,1.619546,4.5,3.8
1740056103.770000,46.511087,12.951442,1363.099976,199.0,0.484809,2.6,3.9
1740056295.552000,46.511028,12.951552,1363.199951,-1.0,0.070722,1.4,7.5
1740056347.644000,46.510994,12.951430,1363.599976,289.8,0.428235,2.1,11.1
1740057494.310000,46.511061,12.951340,1363.199951,10.5,0.843768,9.2,3.1
1740057504.485000,46.511157,12.951337,1363.199951,333.9,0.935417,5.9,4.9
1740057512.642000,46.511247,12.951353,1363.199951,345.1,1.186268,6.8,4.4
1740057520.484000,46.511342,12.951344,1363.199951,324.5,1.206106,6.9,3.0
1740057529.643000,46.511384,12.951228,1363.099976,337.7,0.901210,5.9,3.0
1740058109.638000,46.511460,12.951298,1363.199951,38.7,1.097107,3.6,3.8
1740058116.637000,46.511555,12.951309,1363.099976,353.8,1.629970,3.7,3.8
1740058141.638000,46.511621,12.951220,1363.199951,306.7,0.105085,4.0,3.0
1740058267.063000,46.511619,12.951088,1363.199951,255.2,0.350168,3.5,4.9
1740058276.642000,46.511638,12.950921,1363.199951,280.7,1.454118,4.0,4.3
1740058280.651000,46.511648,12.950763,1365.800731,276.1,2.594252,3.2,3.3
1740058283.642000,46.511533,12.950459,1369.259575,250.1,3.633943,3.4,4.0
1740058285.648000,46.511464,12.950301,1371.050467,249.7,3.658894,3.4,4.7
1740058287.647000,46.511430,12.950178,1373.907270,249.7,3.886665,3.6,4.9
1740058290.642000,46.511380,12.949996,1375.263000,246.1,4.166711,3.6,4.4
1740058293.646000,46.511335,12.949831,1375.888992,249.0,4.090046,3.8,4.5
1740058296.647000,46.511296,12.949673,1377.160319,250.0,3.960954,4.3,4.4
1740058299.643000,46.511257,12.949516,1378.960014,250.0,4.149923,4.2,4.2
1740058302.642000,46.511217,12.949366,1380.663971,250.0,4.152390,3.4,4.2
1740058305.647000,46.511175,12.949209,1382.311160,250.0,3.532050,4.3,4.2
1740058308.646000,46.511133,12.949053,1384.476401,248.0,3.960258,3.9,3.8
1740058311.638000,46.511090,12.948897,1387.794350,248.0,4.140202,3.3,3.8
1740058314.641000,46.511048,12.948744,1390.249972,248.0,4.039803,3.3,3.8
1740058317.642000,46.511015,12.948603,1393.821481,250.0,3.237599,3.3,3.8
1740058320.642000,46.510980,12.948466,1394.597510,244.0,4.077728,3.5,3.8
1740058323.641000,46.510946,12.948323,1395.072560,251.8,3.957431,3.8,4.0
1740058326.641000,46.510912,12.948188,1395.950701,249.8,3.770461,3.8,4.3
1740058329.645000,46.510875,12.948042,1396.945597,249.1,3.969427,3.2,5.0
1740058332.647000,46.510838,12.947889,1397.968299,249.2,4.083075,4.3,5.9
1740058335.641000,46.510794,12.947737,1399.411133,248.1,4.107367,4.0,6.3
1740058338.637000,46.510749,12.947590,1401.166747,248.8,3.796188,3.6,6.1
1740058341.639000,46.510710,12.947455,1403.339610,248.8,3.646794,3.2,7.4
1740058344.642000,46.510646,12.947277,1406.076245,246.3,4.202667,3.3,8.1
1740058346.638000,46.510609,12.947154,1407.895107,247.8,4.133763,3.4,7.4
1740058349.643000,46.510573,12.947018,1410.831043,247.3,3.928161,3.5,5.7
1740058353.645000,46.510522,12.946848,1414.955618,247.4,4.085765,3.9,5.9
1740058356.637000,46.510486,12.946704,1417.332360,249.1,3.942962,3.9,6.4
1740058359.640000,46.510454,12.946554,1417.639992,249.3,4.144553,3.1,6.9
1740058362.638000,46.510411,12.946401,1418.405214,247.3,4.132270,4.3,6.4
1740058365.646000,46.510360,12.946241,1418.949728,246.7,4.329246,3.9,5.4
1740058368.643000,46.510303,12.946068,1420.004908,246.0,4.354263,3.5,5.3
1740058371.639000,46.510264,12.945914,1421.505088,248.5,4.051179,3.2,5.1
1740058374.645000,46.510216,12.945740,1422.967319,245.7,4.379541,3.3,5.1
1740058377.639000,46.510187,12.945606,1424.983301,247.0,4.086301,3.3,4.9
1740058380.649000,46.510154,12.945470,1427.514108,247.5,3.866129,3.3,4.7
1740058383.643000,46.510124,12.945338,1429.938764,249.2,3.854192,3.7,5.1
1740058386.639000,46.510090,12.945199,1432.626366,248.2,3.271950,3.9,5.8
1740058389.645000,46.510068,12.945065,1435.455577,249.2,4.189542,3.7,5.2
1740058392.640000,46.510028,12.944906,1436.784744,248.7,4.018494,4.1,5.2
1740058395.647000,46.509996,12.944749,1437.324998,248.1,4.206736,4.3,4.9
1740058398.640000,46.509962,12.944601,1438.834489,251.1,4.016788,3.6,4.8
1740058401.639000,46.509928,12.944443,1440.003776,251.8,3.960740,3.4,5.1
1740058404.644000,46.509895,12.944297,1441.586111,254.7,3.797411,3.0,5.5
1740058407.637000,46.509856,12.944142,1443.350364,250.9,3.937333,3.5,6.1
1740058410.646000,46.509814,12.943985,1446.359963,252.5,3.961345,3.4,6.3
1740058413.642000,46.509766,12.943822,1448.333859,250.3,3.687225,3.4,6.6
1740058416.640000,46.509706,12.943659,1452.097309,245.3,4.272888,3.9,6.4
1740058419.631000,46.509642,12.943495,1456.875265,245.0,4.300269,4.0,6.2
1740058422.641000,46.509596,12.943359,1461.589464,245.7,3.670533,3.3,7.2
1740058426.641000,46.509556,12.943202,1467.758642,252.7,3.355289,4.5,6.8
1740058430.642000,46.509520,12.943071,1472.768895,247.6,2.288419,3.6,5.4
1740058436.643000,46.509494,12.942935,1476.721832,254.5,1.938378,3.3,4.8
1740058442.645000,46.509452,12.942788,1481.617492,246.1,2.136339,3.1,6.3
1740058446.645000,46.509398,12.942635,1485.479707,243.4,3.189527,3.7,9.0
1740058449.644000,46.509349,12.942495,1489.677377,243.4,3.365403,4.0,9.1
1740058452.640000,46.509298,12.942339,1493.951600,244.5,4.032064,3.8,7.4
1740058456.641000,46.509260,12.942186,1499.964392,248.0,3.681223,3.6,5.8
1740058460.646000,46.509218,12.942026,1506.175002,246.5,3.774720,4.0,4.3
1740058463.644000,46.509181,12.941884,1512.136205,247.3,3.464990,3.4,4.0
1740058466.646000,46.509137,12.941722,1515.463511,247.0,4.134096,3.3,3.8
1740058469.641000,46.509098,12.941572,1518.331183,248.1,3.774368,3.2,3.8
1740058472.637000,46.509061,12.941421,1521.449928,249.7,3.994478,3.2,3.8
1740058475.639000,46.509022,12.941270,1524.883960,248.7,3.932557,3.2,3.8
1740058478.641000,46.508980,12.941138,1528.939931,245.6,3.677045,3.7,3.8
1740058481.639000,46.508936,12.941006,1533.425169,245.5,4.153924,4.0,3.8
1740058484.643000,46.508894,12.940868,1536.805398,246.7,3.508243,3.8,3.8
1740058487.638000,46.508853,12.940722,1541.249931,248.0,3.500778,3.7,3.8
1740058490.643000,46.508816,12.940582,1545.599214,247.6,3.550869,4.2,3.8
1740058493.644000,46.508776,12.940425,1550.418059,246.9,3.992064,3.7,3.8
1740058496.639000,46.508737,12.940248,1555.002804,248.4,3.841362,3.3,3.8
1740058499.637000,46.508703,12.940085,1560.552942,247.3,3.001843,3.3,3.8
1740058502.638000,46.508677,12.939948,1565.056064,249.7,2.933265,3.2,3.8
1740058505.641000,46.508641,12.939798,1569.611047,248.4,3.236732,3.1,3.8
1740058508.639000,46.508600,12.939644,1572.841056,247.1,3.616066,3.1,3.8
1740058511.640000,46.508572,12.939508,1577.070522,249.5,2.690068,3.8,3.8
1740058514.642000,46.508535,12.939361,1581.057092,247.7,3.514079,3.9,3.8
1740058517.638000,46.508489,12.939204,1585.152084,247.7,3.877313,3.8,3.8
1740058520.640000,46.508453,12.939068,1589.780220,249.0,3.005960,3.6,3.8
1740058523.640000,46.508415,12.938929,1594.803626,247.5,3.502625,4.1,3.8
1740058526.642000,46.508377,12.938790,1600.372734,250.0,2.852499,3.3,3.8
1740058529.643000,46.508344,12.938666,1607.212414,246.4,3.333755,3.4,3.8
1740058532.636000,46.508306,12.938532,1613.282357,247.9,3.258985,3.3,3.8
1740058535.638000,46.508267,12.938391,1620.191974,246.7,3.613748,3.1,3.8
1740058538.642000,46.508227,12.938258,1625.120430,246.1,3.753638,3.2,3.8
1740058541.640000,46.508183,12.938118,1630.865018,246.4,3.774727,3.4,3.8
1740058544.638000,46.508146,12.937975,1636.683417,248.3,3.540357,3.8,3.8
1740058548.641000,46.508101,12.937804,1643.851257,247.9,3.812202,3.8,3.8
1740058551.641000,46.508060,12.937655,1648.060743,246.7,4.200600,4.3,3.8
1740058554.641000,46.508020,12.937509,1651.085665,246.8,3.713055,4.1,3.8
1740058557.646000,46.507977,12.937353,1655.367437,246.3,3.982595,3.4,4.1
1740058560.637000,46.507931,12.937194,1658.464242,246.8,4.161358,3.5,3.8
1740058563.647000,46.507890,12.937042,1660.071690,248.2,3.999916,3.3,3.8
1740058566.642000,46.507850,12.936886,1661.842555,248.5,4.033755,3.2,3.8
1740058569.643000,46.507809,12.936740,1663.511565,247.5,3.935555,3.3,3.8
1740058572.641000,46.507768,12.936592,1665.589279,247.6,3.812644,3.4,3.8
1740058575.638000,46.507738,12.936445,1667.987631,253.7,3.647642,3.7,3.8
1740058579.640000,46.507699,12.936277,1671.400133,246.9,3.946844,3.9,3.8
1740058582.642000,46.507664,12.936130,1676.440241,247.8,3.908769,3.5,3.8
1740058585.640000,46.507623,12.935977,1681.024920,246.9,4.330612,3.5,3.8
1740058588.642000,46.507584,12.935836,1686.104885,247.6,3.882522,3.8,3.8
1740058591.645000,46.507547,12.935696,1691.596947,250.4,2.892871,3.7,3.8
1740058594.643000,46.507514,12.935557,1696.985313,246.5,4.086185,3.3,3.8
1740058598.637000,46.507477,12.935408,1702.148215,247.1,2.883917,3.2,3.8
1740058601.640000,46.507439,12.935264,1706.208581,250.0,3.948567,3.3,3.9
1740058603.642000,46.507408,12.935130,1710.011012,245.1,2.810821,3.3,3.9
1740058606.642000,46.507372,12.934999,1714.309225,248.0,4.545363,3.8,3.8
1740058609.644000,46.507333,12.934851,1718.737671,248.0,3.928521,3.7,3.8
1740058612.636000,46.507294,12.934700,1723.629287,248.0,3.291349,4.1,3.8
1740058615.640000,46.507252,12.934547,1728.674726,249.0,4.486340,3.8,3.8
1740058618.639000,46.507214,12.934404,1733.987745,249.0,3.108312,3.7,3.8
1740058621.644000,46.507178,12.934270,1739.360980,247.0,2.549951,3.7,3.8
1740058624.640000,46.507136,12.934115,1744.395459,250.0,4.262900,3.1,3.8
1740058628.638000,46.507089,12.933949,1750.030226,247.3,3.754876,3.2,3.8
1740058631.644000,46.507048,12.933801,1754.992753,248.1,3.881482,3.3,3.8
1740058634.645000,46.507011,12.933669,1759.776336,248.0,3.948235,3.7,3.8
1740058637.643000,46.506975,12.933534,1765.079446,248.4,3.852968,4.0,3.8
1740058640.640000,46.506939,12.933412,1770.338801,246.3,2.841927,3.9,3.8
1740058643.638000,46.506892,12.933266,1774.808905,246.3,4.200494,3.5,3.8
1740058646.642000,46.506851,12.933126,1776.713386,248.0,4.092226,3.7,3.8
1740058649.638000,46.506805,12.932975,1779.569652,249.6,4.032065,4.0,3.8
1740058652.641000,46.506764,12.932818,1782.275654,247.3,4.134084,3.8,3.8
1740058655.640000,46.506720,12.932686,1784.565266,244.7,3.651520,3.5,3.8
1740058659.645000,46.506669,12.932535,1787.969049,248.2,2.972416,3.3,4.1
1740058661.643000,46.506642,12.932408,1788.712217,236.3,4.342764,3.2,4.1
1740058664.644000,46.506607,12.932245,1788.555582,251.2,4.239954,3.5,4.0
1740058672.643000,46.506590,12.932114,1789.019838,265.0,1.279439,3.8,4.5
1740058680.639000,46.506556,12.931982,1788.099246,254.0,0.919078,3.9,3.8
1740058686.642000,46.506552,12.931851,1788.432664,277.5,1.635825,3.8,3.8
1740058694.641000,46.506534,12.931722,1789.032093,237.3,0.978850,3.2,3.8
1740058708.645000,46.506498,12.931596,1789.370921,227.7,1.452014,4.1,3.9
1740058717.508000,46.506411,12.931541,1789.648370,210.4,1.185527,3.7,3.4
1740058723.642000,46.506321,12.931508,1789.164116,202.6,0.951891,3.4,3.1
1740058729.641000,46.506236,12.931459,1789.320770,238.5,1.233023,3.2,3.0
1740058843.639000,46.506208,12.931320,1788.381581,267.0,1.554636,4.1,5.0
1740058847.647000,46.506234,12.931159,1787.584362,289.9,2.334753,3.9,3.0
1740058848.645000,46.506291,12.931024,1785.908715,300.8,3.653521,3.1,3.1
1740058850.643000,46.506419,12.930922,1784.158460,334.8,6.424107,3.3,3.4
1740058852.640000,46.506546,12.930885,1782.360944,355.8,6.806098,3.2,3.7
1740058854.647000,46.506647,12.930960,1781.228071,29.0,5.890303,3.4,3.8
1740058857.642000,46.506789,12.930966,1777.004065,9.2,5.812295,3.3,3.8
1740058859.638000,46.506873,12.931039,1774.796573,31.9,5.586539,3.9,3.8
1740058861.644000,46.506955,12.931120,1773.122089,31.1,5.552498,4.0,3.8
1740058864.647000,46.507054,12.931048,1767.647142,354.7,4.123728,4.1,3.8
1740058867.646000,46.507164,12.931120,1762.698905,27.4,4.405432,3.9,3.9
1740058870.637000,46.507288,12.931164,1759.152218,347.1,4.788562,3.3,3.8
1740058872.648000,46.507386,12.931100,1756.192645,335.6,5.254869,4.2,4.1
1740058874.645000,46.507461,12.931022,1752.516411,330.4,5.045272,3.9,4.5
1740058877.644000,46.507429,12.930806,1746.858651,271.1,4.525286,3.8,5.3
1740058879.647000,46.507353,12.930667,1744.256639,238.6,5.756287,3.0,5.2
1740058881.646000,46.507249,12.930573,1742.200294,222.4,7.448301,4.0,4.1
1740058883.645000,46.507124,12.930413,1739.739746,222.8,8.884093,3.4,3.9
1740058885.643000,46.507019,12.930200,1737.200624,231.6,9.456386,3.3,3.8
1740058887.642000,46.506917,12.930041,1733.405006,229.9,8.110050,3.3,3.8
1740058889.635000,46.506822,12.929864,1731.889579,234.9,7.984762,3.8,3.8
1740058890.634000,46.506750,12.929753,1730.911357,234.1,9.874084,4.1,3.9
1740058892.635000,46.506666,12.929615,1727.949762,237.0,6.886878,4.1,3.9
1740058894.638000,46.506538,12.929426,1724.511817,231.6,11.222183,3.8,4.1
1740058896.636000,46.506422,12.929343,1721.151617,218.9,9.243071,3.9,4.3
1740058898.636000,46.506334,12.929166,1718.294080,239.9,8.240021,4.1,4.6
1740058900.637000,46.506242,12.929088,1714.106231,222.2,6.234017,3.4,4.8
1740058902.638000,46.506167,12.928990,1711.289858,233.3,4.745125,4.5,5.3
1740058905.639000,46.506196,12.928796,1705.428483,255.4,5.462267,3.8,6.0
1740058907.637000,46.506121,12.928651,1702.780065,231.1,5.005499,3.7,5.9
1740058909.640000,46.506043,12.928530,1699.229938,241.7,6.932848,4.1,5.5
1740058911.642000,46.506078,12.928401,1696.969002,296.2,5.635880,3.1,5.2
1740058913.639000,46.506092,12.928266,1692.204845,266.5,4.862834,3.3,4.8
1740058915.642000,46.506036,12.928154,1688.054859,224.6,5.645819,3.2,4.9
1740058917.645000,46.505958,12.928075,1684.699571,231.7,6.547002,3.3,4.7
1740058919.639000,46.505979,12.927944,1682.214565,298.5,6.336149,4.1,4.3
1740058922.645000,46.505985,12.927762,1676.168279,251.5,6.256154,4.0,4.3
1740058924.644000,46.505918,12.927635,1670.807133,234.7,6.221054,3.8,4.2
1740058926.645000,46.505936,12.927507,1666.724750,300.4,6.558313,3.8,6.4
1740058928.648000,46.505966,12.927372,1662.341608,256.5,6.443855,4.2,9.0
1740058930.637000,46.505904,12.927228,1658.374208,236.1,6.311375,4.4,10.4
1740058932.647000,46.505931,12.927102,1653.984295,301.9,7.230161,4.6,10.8
1740058934.647000,46.505955,12.926937,1649.817136,254.2,6.337730,4.1,10.9
1740058936.643000,46.505920,12.926778,1644.438207,278.5,6.368194,4.3,10.9
1740058938.643000,46.505967,12.926620,1642.279703,280.1,7.722242,3.1,10.6
1740058940.647000,46.505974,12.926442,1634.812739,289.8,7.792688,3.8,10.4
1740058942.646000,46.506097,12.926298,1629.752361,322.9,8.860729,3.2,10.2
1740058944.639000,46.506266,12.926368,1626.316151,0.0,9.344783,3.1,10.1
1740058945.644000,46.506352,12.926439,1623.775855,21.2,9.752229,3.4,10.0
1740058946.644000,46.506423,12.926551,1622.159688,34.6,10.807001,3.3,10.0
1740058947.646000,46.506508,12.926638,1620.333805,29.2,10.148172,3.2,10.0
1740058949.647000,46.506672,12.926695,1615.228913,4.1,8.727232,4.0,10.2
1740058950.640000,46.506782,12.926694,1613.626415,9.0,11.520390,3.7,10.2
1740058951.642000,46.506890,12.926719,1612.884742,14.7,11.404438,4.2,10.3
1740058953.640000,46.507011,12.926782,1608.421586,355.4,9.887872,3.8,10.3
1740058955.643000,46.507185,12.926835,1604.524433,16.7,10.402137,4.2,10.2
1740058957.642000,46.507329,12.926918,1599.534993,9.2,9.140972,4.2,10.2
1740058959.643000,46.507465,12.926909,1594.722213,9.8,8.356217,3.6,10.4
1740058961.641000,46.507607,12.926991,1590.622617,17.9,7.699207,4.6,10.4
1740058964.642000,46.507734,12.926918,1587.281979,340.4,6.678057,4.5,10.1
1740058966.643000,46.507844,12.926954,1583.678215,34.8,6.090373,4.0,9.9
1740058969.644000,46.507954,12.927074,1576.165512,21.3,5.880778,3.2,10.1
1740058972.641000,46.508061,12.926986,1570.395162,8.4,5.340473,3.0,10.1
1740058974.639000,46.508166,12.927074,1565.935089,33.7,7.606718,3.2,10.1
1740058976.641000,46.508288,12.927137,1561.388197,20.1,6.075207,3.2,10.3
1740058978.642000,46.508404,12.927076,1555.360900,353.5,6.665718,3.7,10.4
1740058980.640000,46.508486,12.927128,1549.791284,29.1,5.496879,4.1,10.5
1740058982.646000,46.508606,12.927156,1545.814172,7.2,5.967742,3.9,10.7
1740058984.647000,46.508730,12.927145,1539.055263,4.5,6.256629,4.0,11.4
1740058986.642000,46.508877,12.927201,1533.474747,6.9,7.888402,4.3,11.7
1740058988.648000,46.509015,12.927219,1526.409171,12.1,8.745059,4.3,12.1
1740058989.640000,46.509133,12.927279,1522.585298,15.1,12.111805,4.5,12.0
1740058990.641000,46.509235,12.927292,1518.733160,3.4,11.080535,4.3,11.7
1740058992.644000,46.509409,12.927280,1512.445427,1.1,11.383158,4.2,11.7
1740058993.639000,46.509531,12.927300,1511.665035,1.0,13.423517,4.4,11.7
1740058994.639000,46.509672,12.927337,1509.005561,5.8,14.424808,4.2,11.7
1740058995.649000,46.509823,12.927369,1503.747745,10.9,15.303878,3.9,11.8
1740058996.647000,46.509964,12.927444,1497.905010,16.7,15.148801,4.2,11.8
1740058997.641000,46.510105,12.927515,1492.510595,16.1,15.820999,3.3,11.8
1740058998.641000,46.510249,12.927594,1490.473220,18.0,16.426344,3.2,11.6
1740058999.642000,46.510383,12.927686,1488.315809,23.8,16.439272,3.0,11.4
1740059000.641000,46.510501,12.927794,1487.054729,27.8,16.174374,3.1,11.4
1740059001.643000,46.510630,12.927901,1485.007248,28.0,16.775309,3.1,11.4
1740059002.645000,46.510736,12.928028,1483.301124,35.5,15.985999,3.2,11.2
1740059003.643000,46.510806,12.928153,1481.606385,40.6,13.702865,3.2,11.1
1740059004.645000,46.510867,12.928296,1479.829718,51.4,14.568113,3.3,11.1
1740059005.638000,46.510923,12.928459,1477.529075,54.7,14.238496,3.6,11.2
1740059006.646000,46.510979,12.928619,1474.791274,57.7,13.673874,3.3,11.3
1740059007.646000,46.511020,12.928793,1473.598218,63.3,13.881665,3.5,11.7
1740059008.646000,46.511052,12.929005,1471.626512,69.3,15.176536,4.0,12.2
1740059009.646000,46.511047,12.929180,1469.414454,76.1,11.271162,3.9,12.6
1740059010.645000,46.511060,12.929340,1467.285159,69.2,12.442618,4.0,12.7
1740059011.641000,46.511078,12.929476,1464.666150,59.6,10.473353,3.9,12.6
1740059013.645000,46.511143,12.929671,1462.854911,66.8,10.252699,3.8,12.2
1740059015.641000,46.511161,12.929933,1462.297207,81.0,10.648005,4.3,11.7
1740059016.640000,46.511172,12.930070,1461.147928,78.1,10.572167,4.4,11.6
1740059017.644000,46.511199,12.930201,1458.648643,67.2,10.505539,4.7,11.7
1740059019.645000,46.511220,12.930403,1456.734413,78.1,6.797532,4.8,11.8
1740059022.641000,46.511161,12.930521,1456.321564,53.9,4.928319,3.6,11.5
1740059030.641000,46.511231,12.930623,1447.488794,44.8,3.051204,3.1,11.2
1740059033.640000,46.511295,12.930782,1444.712423,50.3,5.292320,3.3,11.9
1740059036.641000,46.511379,12.930828,1441.013019,32.1,4.947047,4.0,12.5
1740059039.640000,46.511458,12.930952,1436.886661,25.4,4.303435,3.9,12.3
1740059042.645000,46.511578,12.930906,1431.545422,10.3,3.876481,3.9,13.4
1740059044.641000,46.511651,12.930999,1428.365340,51.7,5.337195,4.5,14.5
1740059047.643000,46.511775,12.931005,1422.915334,356.2,4.845184,4.8,15.2
1740059049.643000,46.511851,12.931114,1422.451967,40.2,4.384678,4.0,15.0
1740059054.645000,46.511927,12.931021,1414.721543,275.2,2.212929,3.5,13.6
1740059059.640000,46.511920,12.930873,1411.163052,294.2,4.795395,3.4,11.6
1740059062.640000,46.511924,12.930712,1404.960970,239.8,5.032327,3.3,10.9
1740059065.643000,46.511869,12.930586,1399.541577,289.7,4.039705,3.9,10.8
1740059068.645000,46.511855,12.930412,1393.641657,282.4,4.230618,3.8,11.2
1740059071.635000,46.511888,12.930236,1388.113066,265.2,5.915429,4.0,11.7
1740059073.643000,46.511862,12.930106,1384.355469,296.7,4.959210,4.7,11.9
1740059075.642000,46.511909,12.929970,1381.602682,299.4,5.136123,4.1,11.8
1740059077.643000,46.512002,12.929904,1378.514077,328.7,6.269005,4.6,12.0
1740059079.643000,46.512097,12.929888,1374.121355,30.5,4.562698,4.1,12.0
1740059081.643000,46.512182,12.929940,1370.706765,357.4,5.026482,4.1,12.0
1740059084.643000,46.512288,12.929846,1365.230197,324.6,6.148324,3.8,12.0
1740059086.638000,46.512364,12.929756,1361.495453,313.2,5.499711,3.9,11.9
1740059089.647000,46.512364,12.929591,1355.529254,268.1,4.142591,3.5,11.1
1740059092.640000,46.512405,12.929399,1350.270398,298.8,7.161813,3.5,10.8
1740059094.636000,46.512472,12.929308,1345.559948,285.4,5.930142,3.8,10.7
1740059096.640000,46.512478,12.929137,1340.590151,290.9,7.066331,3.9,10.6
1740059098.642000,46.512547,12.928980,1335.228049,306.7,5.987894,3.8,10.7
1740059100.637000,46.512572,12.928783,1329.994141,273.2,9.584569,4.4,10.8
1740059102.637000,46.512629,12.928555,1325.685525,295.5,9.819589,4.8,10.9
1740059104.646000,46.512718,12.928400,1320.353664,295.1,7.381075,4.7,10.8
1740059106.640000,46.512748,12.928220,1313.610120,275.9,7.613460,4.3,10.6
1740059108.641000,46.512823,12.927987,1308.221696,294.9,10.141717,4.1,10.5
1740059110.641000,46.512869,12.927804,1303.308208,284.1,8.583282,4.1,10.5
1740059112.641000,46.512828,12.927612,1297.335454,263.4,8.017768,3.8,10.4
1740059114.639000,46.512905,12.927493,1290.841398,306.1,7.318666,3.2,10.6
1740059116.641000,46.512935,12.927259,1285.483393,278.2,10.086525,3.7,10.8
1740059117.643000,46.512920,12.927130,1281.603451,265.3,9.510205,3.5,10.8
1740059119.643000,46.512895,12.926916,1275.547702,269.9,8.769361,3.7,10.9
1740059121.645000,46.512943,12.926718,1269.992277,278.0,7.294409,3.7,11.2
1740059123.643000,46.512908,12.926473,1264.526710,252.7,9.092237,4.1,11.6
1740059125.638000,46.512892,12.926247,1257.448334,266.9,9.579738,3.8,12.2
1740059127.640000,46.512874,12.925998,1252.115264,254.3,10.477466,4.2,12.6
1740059128.639000,46.512825,12.925880,1249.675707,247.5,10.176556,4.8,12.9
1740059129.642000,46.512772,12.925743,1247.583278,245.5,10.946920,5.2,13.2
1740059130.639000,46.512731,12.925613,1243.399277,247.5,10.729527,5.1,13.3
1740059131.642000,46.512688,12.925453,1242.764317,250.0,11.341832,4.0,13.4
1740059132.641000,46.512625,12.925318,1236.760017,243.0,11.495719,4.2,13.3
1740059133.643000,46.512560,12.925186,1234.488039,239.0,11.575105,4.4,13.2
1740059134.643000,46.512502,12.925042,1231.610103,241.4,11.794841,4.4,13.0
1740059136.643000,46.512522,12.924819,1224.758331,254.1,10.967766,3.7,12.9
1740059137.642000,46.512511,12.924689,1222.111818,253.3,10.923059,3.9,12.7
1740059138.645000,46.512478,12.924558,1218.813081,248.7,11.183369,4.2,12.6
1740059139.641000,46.512430,12.924425,1216.356091,244.6,11.477202,3.5,12.5
1740059140.645000,46.512393,12.924298,1213.100816,246.5,11.413342,3.3,12.3
1740059141.643000,46.512377,12.924158,1209.893326,252.8,11.516731,3.5,12.0
1740059142.648000,46.512348,12.924010,1207.087017,252.7,11.738379,3.9,11.8
1740059143.639000,46.512297,12.923880,1205.688623,247.3,11.816286,4.1,11.7
1740059144.640000,46.512234,12.923745,1200.020562,242.6,12.079300,3.4,11.5
1740059146.644000,46.512244,12.923567,1195.246509,253.2,9.885437,3.3,11.2
1740059148.637000,46.512206,12.923346,1189.587338,246.7,10.898152,3.8,11.1
1740059149.640000,46.512150,12.923208,1187.178057,242.5,11.883636,3.9,11.0
1740059150.643000,46.512091,12.923065,1184.303369,241.8,12.141781,3.8,10.9
1740059151.639000,46.512050,12.922891,1180.393958,246.9,12.906261,4.1,10.9
1740059152.643000,46.512060,12.922742,1178.380465,253.7,12.711898,3.9,10.9
1740059153.642000,46.512102,12.922612,1174.824387,267.4,11.878510,4.0,10.9
1740059154.640000,46.512145,12.922487,1171.766092,272.9,11.547454,4.2,11.0
1740059156.639000,46.512234,12.922310,1164.294033,278.7,9.764553,5.3,11.5
1740059158.642000,46.512281,12.922196,1162.301509,275.8,7.875184,5.0,12.0
1740059160.645000,46.512275,12.922018,1159.537601,266.4,8.035295,4.8,12.0
1740059162.645000,46.512302,12.921818,1157.082448,278.8,8.475339,4.3,11.8
1740059164.640000,46.512313,12.921642,1153.518813,268.9,6.182461,3.8,11.5
1740059166.644000,46.512364,12.921503,1149.396057,291.9,6.182066,3.9,11.1
1740059168.646000,46.512440,12.921344,1146.770283,294.1,7.267676,3.4,10.9
1740059170.645000,46.512518,12.921151,1143.341252,295.3,8.094010,3.5,10.9
1740059172.641000,46.512621,12.921065,1139.185304,306.1,7.123549,3.7,11.1
1740059175.640000,46.512703,12.920928,1134.887006,281.2,7.024916,3.6,11.2
1740059177.640000,46.512758,12.920762,1132.232649,289.1,7.350820,3.8,11.1
1740059179.640000,46.512838,12.920581,1128.976780,292.8,7.669577,3.9,11.4
1740059181.644000,46.512940,12.920434,1124.817304,304.6,7.692946,4.1,11.7
1740059183.643000,46.513042,12.920304,1120.460329,308.2,7.520300,5.0,11.3
1740059185.644000,46.513151,12.920178,1120.660380,311.5,7.723318,4.5,10.7
1740059187.642000,46.513248,12.920005,1113.511502,309.7,8.511513,4.7,10.6
1740059189.641000,46.513356,12.919861,1110.848405,312.2,7.873102,4.4,10.6
1740059191.639000,46.513437,12.919710,1107.490687,305.6,7.822842,3.9,10.6
1740059193.641000,46.513562,12.919610,1104.669816,324.8,8.151835,3.4,10.5
1740059195.640000,46.513691,12.919422,1100.117101,318.3,9.833627,3.3,10.5
1740059196.640000,46.513773,12.919310,1098.033305,318.0,12.612860,3.4,10.7
1740059197.643000,46.513863,12.919223,1095.178348,324.6,10.697906,3.5,10.9
1740059199.640000,46.513985,12.919063,1090.374786,319.6,10.120317,3.9,11.3
1740059200.645000,46.514059,12.918969,1089.024464,319.0,11.052831,3.8,11.5
1740059201.640000,46.514120,12.918866,1085.260018,312.2,8.205729,3.6,11.5
1740059203.642000,46.514240,12.918680,1081.740269,317.4,10.797264,4.2,11.5
1740059205.644000,46.514366,12.918494,1078.446671,309.2,10.664126,3.8,11.3
1740059206.635000,46.514425,12.918380,1074.879458,307.1,11.299094,3.7,11.2
1740059207.642000,46.514492,12.918273,1073.496024,311.8,11.090631,3.7,11.2
1740059208.640000,46.514555,12.918168,1072.207919,307.2,10.862832,4.3,11.1
1740059209.646000,46.514602,12.918052,1069.825102,300.3,10.150235,4.5,11.1
1740059210.647000,46.514650,12.917942,1067.770991,299.1,10.598944,4.6,11.1
1740059211.644000,46.514705,12.917829,1065.682587,304.6,10.827596,4.9,11.2
1740059212.648000,46.514774,12.917723,1064.131479,309.7,11.378189,5.4,11.2
1740059213.642000,46.514824,12.917608,1062.431202,299.4,10.008036,5.3,11.2
1740059215.641000,46.514927,12.917542,1058.392638,322.8,10.258760,4.9,11.1
1740059217.644000,46.515056,12.917474,1053.493160,311.1,7.907000,4.4,11.0
1740059219.646000,46.515151,12.917275,1049.196056,311.6,9.571644,3.8,10.9
1740059221.648000,46.515244,12.917130,1045.833491,301.3,8.716024,3.7,10.7
1740059223.643000,46.515340,12.916942,1042.754994,305.1,9.463169,3.2,10.6
1740059225.648000,46.515399,12.916693,1038.411698,290.0,10.105309,3.3,10.5
1740059226.647000,46.515436,12.916572,1037.770530,296.2,9.648314,3.4,10.5
1740059228.646000,46.515488,12.916328,1033.443502,280.3,10.772766,3.8,10.5
1740059230.645000,46.515570,12.916094,1029.793909,304.1,12.535884,4.0,10.7
1740059231.634000,46.515640,12.916006,1027.450742,304.9,9.150604,3.8,10.7
1740059233.637000,46.515754,12.915807,1023.159583,306.9,11.443876,4.3,10.7
1740059234.646000,46.515831,12.915704,1020.802664,315.6,11.932462,4.5,10.8
1740059235.644000,46.515898,12.915608,1017.891424,310.2,9.065257,4.1,10.8
1740059237.643000,46.516040,12.915432,1013.679639,318.6,11.679440,4.1,11.0
1740059238.647000,46.516138,12.915321,1011.324068,319.0,13.355686,5.0,11.2
1740059239.639000,46.516238,12.915211,1009.649826,321.8,12.979197,4.9,11.3
1740059240.644000,46.516342,12.915134,1007.309808,327.7,12.577815,4.8,11.5
1740059241.642000,46.516436,12.915072,1005.136812,325.1,11.476444,4.6,11.7
1740059242.639000,46.516524,12.915011,1002.482798,328.8,10.534283,4.9,11.8
1740059243.645000,46.516632,12.914962,1000.465530,337.5,13.363118,5.3,11.8
1740059244.643000,46.516749,12.914915,997.956788,339.0,12.617822,4.5,11.9
1740059245.647000,46.516857,12.914904,995.344749,346.6,11.638821,4.3,12.0
1740059246.642000,46.516956,12.914899,993.553400,349.0,10.649733,4.0,12.1
1740059247.642000,46.517062,12.914891,991.869280,349.9,11.905885,3.9,12.2
1740059248.642000,46.517182,12.914872,990.152748,349.0,12.821079,3.9,12.3
1740059249.644000,46.517308,12.914829,987.653242,344.2,14.044151,3.4,12.5
1740059250.640000,46.517435,12.914788,986.101755,344.9,14.190195,3.3,12.6
1740059251.647000,46.517535,12.915064,983.769308,5.7,12.482210,3.2,12.5
1740059252.644000,46.517638,12.915185,981.352205,7.0,12.497396,3.3,12.3
1740059253.645000,46.517754,12.915246,979.669902,5.2,13.397029,3.0,12.2
1740059254.647000,46.517871,12.915386,977.866324,11.8,13.708216,3.4,12.0
1740059255.643000,46.518000,12.915460,975.073361,10.1,14.274202,3.5,11.9
1740059256.644000,46.518131,12.915494,971.085069,5.3,14.374173,3.9,12.0
1740059257.647000,46.518250,12.915524,969.075384,6.9,13.665752,4.0,12.2
1740059258.642000,46.518391,12.915549,966.356309,5.2,14.975333,3.9,12.2
1740059259.644000,46.518531,12.915535,964.150629,1.1,14.806100,4.2,12.3
1740059260.644000,46.518672,12.915530,963.040271,2.9,14.687112,4.4,12.5
1740059261.645000,46.518777,12.915524,960.297917,5.9,14.014556,4.2,12.3
1740059262.645000,46.518898,12.915548,958.054212,8.0,14.758592,4.3,12.3
1740059263.641000,46.519021,12.915636,956.000000,18.8,16.244217,4.7,12.1
1740059264.639000,46.519147,12.915729,953.140542,21.8,16.034723,4.9,11.9
1740059265.642000,46.519265,12.915849,950.468697,30.7,16.737192,4.4,11.7
1740059266.643000,46.519388,12.915995,947.926988,33.8,17.119394,4.3,11.5
1740059267.640000,46.519499,12.916169,946.094634,41.5,18.099129,4.3,11.5
1740059268.648000,46.519612,12.916361,944.401510,43.8,18.526333,4.8,11.5
1740059269.648000,46.519720,12.916556,943.297798,45.8,18.496643,5.2,11.8
1740059270.643000,46.519802,12.916742,941.020865,48.7,17.328680,4.9,12.2
1740059271.640000,46.519874,12.916928,938.686931,53.4,17.250465,4.4,12.5
1740059272.645000,46.519944,12.917134,936.992985,55.7,17.806677,4.6,13.3
1740059273.638000,46.519999,12.917326,935.624140,59.8,16.056433,4.3,13.6
1740059274.646000,46.519991,12.917506,934.015221,67.7,14.903417,3.9,13.9
1740059275.643000,46.520003,12.917681,930.598091,68.9,14.806524,3.9,14.4
1740059276.644000,46.520005,12.917850,929.553653,70.9,14.129177,3.5,14.7
1740059277.644000,46.520038,12.918012,927.951020,68.1,14.076164,3.5,14.8
1740059278.640000,46.520068,12.918212,926.723081,70.7,15.242835,3.3,14.9
1740059279.647000,46.520070,12.918415,925.859278,76.8,14.705481,3.2,15.2
1740059280.639000,46.520100,12.918556,925.063401,71.8,12.500589,3.3,15.0
1740059281.641000,46.520144,12.918711,923.336785,64.4,13.054199,3.3,14.8
1740059282.639000,46.520205,12.918863,922.249348,60.3,12.788313,3.4,14.6
1740059283.638000,46.520273,12.918995,920.105838,57.2,12.941689,3.6,14.3
1740059284.654000,46.520338,12.919129,918.701503,54.1,11.903095,3.6,13.5
1740059285.643000,46.520400,12.919251,917.967808,51.2,10.817486,3.7,13.4
1740059286.644000,46.520460,12.919360,916.976166,49.2,10.647045,3.8,13.5
1740059287.644000,46.520520,12.919463,915.953317,47.4,10.197796,4.2,13.7
1740059289.646000,46.520628,12.919626,915.319734,44.0,8.957948,4.7,14.3
1740059291.643000,46.520767,12.919776,914.818082,41.0,8.128261,5.0,15.1
1740059293.638000,46.520880,12.919917,913.686097,45.0,7.086756,4.9,15.1
1740059296.643000,46.520926,12.920096,912.473916,46.9,5.205038,4.1,13.5
1740059316.639000,46.520954,12.920112,912.278832,182.4,0.000000,4.6,10.7
1740059316.639000,46.520954,12.920112,912.278832,182.4,0.000000,4.6,10.7
1740059347.646000,46.520994,12.920183,912.693651,9.2,0.475701,4.1,7.1
1740059362.643000,46.521005,12.920314,912.691004,9.7,0.948940,3.3,8.5
1740059371.637000,46.521064,12.920210,912.491160,320.2,0.819864,5.0,5.4
1740059380.639000,46.521137,12.920133,911.348564,331.9,1.646256,3.7,5.3
1740059389.642000,46.521210,12.920052,911.708383,319.9,1.196512,3.8,4.8
1740059397.073000,46.521294,12.919978,911.525766,321.2,1.171642,5.0,5.5
1740059405.089000,46.521375,12.919913,911.418727,326.8,1.193569,4.7,5.9
1740059412.489000,46.521460,12.919844,911.334271,337.3,1.157552,4.0,5.4
1740059421.655000,46.521538,12.919780,911.284435,333.8,1.025160,4.7,6.1
1740059449.569000,46.521602,12.919672,916.267870,333.1,0.814066,5.0,11.6
1740059461.238000,46.521692,12.919675,915.817668,55.5,0.820057,3.8,13.8
1740059466.638000,46.521669,12.919810,915.850880,110.6,0.269467,4.5,11.4
1740059504.639000,46.521724,12.919685,915.746817,303.5,0.636193,4.3,45.1
1740059508.641000,46.521761,12.919563,915.446528,296.1,1.180643,4.1,27.6
1740059520.637000,46.521723,12.919439,915.640710,263.7,0.754867,3.6,13.1
1740059540.640000,46.521795,12.919518,915.351284,343.5,0.839024,5.1,12.2
1740059570.636000,46.521753,12.919396,942.099976,239.0,2.859853,4.2,23.2
1740059572.642000,46.521693,12.919271,942.099976,235.3,4.573267,4.0,31.2
1740059582.643000,46.521752,12.919384,941.500000,57.8,4.224456,5.2,42.0
1740059585.638000,46.521800,12.919506,941.500000,59.5,3.461616,7.8,47.8
1740059588.640000,46.521747,12.919392,916.018693,233.5,1.050088,4.8,114.2
1740059591.638000,46.521691,12.919257,941.500000,237.9,2.555477,5.1,113.9
1740059615.620000,46.521623,12.919279,941.500000,207.8,0.000000,4.6,43.5
1740059615.620000,46.521623,12.919279,941.500000,207.8,0.000000,4.6,43.5
1740059631.637000,46.521706,12.919400,942.099976,75.0,2.244441,4.6,74.6
1740059634.641000,46.521785,12.919478,941.500000,47.1,2.438187,6.4,64.8
1740059654.643000,46.521770,12.919441,942.099976,-1.0,0.000000,6.3,9.5
1740059654.643000,46.521770,12.919441,942.099976,-1.0,0.000000,6.3,9.5
1740059674.639000,46.521769,12.919437,942.099976,-1.0,0.000000,5.6,16.5
1740059674.639000,46.521769,12.919437,942.099976,-1.0,0.000000,5.6,16.5
1740059694.643000,46.521768,12.919434,942.099976,-1.0,0.000000,5.2,14.9
1740059694.643000,46.521768,12.919434,942.099976,-1.0,0.000000,5.2,14.9
1740059714.643000,46.521767,12.919432,941.500000,-1.0,0.000000,6.3,19.8
1740059714.643000,46.521767,12.919432,941.500000,-1.0,0.000000,6.3,19.8
1740059718.644000,46.521705,12.919381,942.099976,209.4,2.152244,4.9,31.9
1740059738.647000,46.521769,12.919433,941.500000,31.6,0.000000,6.6,30.4
1740059738.647000,46.521769,12.919433,941.500000,31.6,0.000000,6.6,30.4
1740059782.640000,46.521730,12.919245,942.099976,253.7,1.114729,6.6,27.0
1740059784.642000,46.521754,12.919372,941.599976,77.6,0.194216,6.3,24.8
1740059830.431000,46.521706,12.919484,941.500000,142.5,1.036666,6.2,30.0
1740059922.641000,46.521614,12.919563,941.895537,158.8,0.749181,7.5,18.5
1740059926.638000,46.521523,12.919658,941.917160,147.2,0.394898,6.9,23.6
1740059928.647000,46.521447,12.919760,942.042460,148.9,0.831471,6.8,28.4
1740059930.644000,46.521367,12.919849,942.131866,149.7,1.100000,7.3,29.6
1740059933.644000,46.521288,12.919946,941.955333,134.1,1.337561,6.1,31.6
1740059937.638000,46.521213,12.920044,942.114212,133.6,1.084024,6.5,39.1
1740059941.639000,46.521139,12.920124,941.589408,153.6,0.543366,7.6,39.8
1740059949.642000,46.521049,12.920169,942.028222,152.6,0.923755,7.5,21.1
1740060063.645000,46.521130,12.920112,941.687682,-1.0,0.079280,6.8,21.4
1740060215.639000,46.521197,12.920012,939.099976,313.5,0.572212,19.1,122.5
1740060232.636000,46.521162,12.920135,946.200012,140.2,2.414239,9.3,14.0
1740060236.645000,46.521116,12.920289,952.286870,143.3,4.375904,11.1,11.5
1740060239.643000,46.521052,12.920386,956.205667,146.2,5.184123,10.6,11.0
1740060243.638000,46.520924,12.920498,963.786441,148.4,5.571333,16.2,11.3
1740060245.645000,46.520806,12.920578,967.925638,150.4,6.727565,16.1,11.8
1740060247.645000,46.520682,12.920656,973.489227,151.2,7.004347,15.7,12.5
1740060249.644000,46.520540,12.920778,979.177002,149.3,8.423365,9.0,13.0
1740060251.646000,46.520404,12.920865,985.107144,153.6,8.191522,8.8,13.2
1740060253.647000,46.520244,12.920934,990.893767,160.3,8.662928,8.5,13.4
1740060254.639000,46.520154,12.920974,994.310263,161.2,9.042164,11.4,13.4
1740060255.643000,46.520064,12.921026,998.555776,160.0,9.474035,12.1,13.5
1740060256.642000,46.519975,12.921081,1001.922079,159.0,9.774557,12.7,13.4
1740060257.643000,46.519874,12.921151,1005.786387,156.3,10.684152,12.4,13.3
1740060258.644000,46.519774,12.921225,1009.284517,155.3,11.044928,12.6,13.2
1740060259.645000,46.519694,12.921297,1012.948291,154.2,10.911713,12.3,13.0
1740060261.641000,46.519560,12.921460,1021.616785,150.0,10.243089,9.5,12.5
1740060262.636000,46.519488,12.921540,1025.533518,150.0,11.193007,9.4,12.4
1740060263.645000,46.519401,12.921624,1030.636395,150.0,10.695655,11.8,12.2
1740060264.647000,46.519312,12.921707,1035.241683,150.0,10.747898,11.2,11.9
1740060266.645000,46.519164,12.921857,1044.040606,149.0,10.738382,11.3,11.6
1740060268.649000,46.519016,12.922003,1052.876571,148.0,10.406812,14.5,11.6
1740060270.644000,46.518874,12.922140,1062.162314,148.0,9.979854,11.0,11.6
1740060271.636000,46.518798,12.922211,1066.376506,148.0,10.195869,11.4,11.5
1740060273.646000,46.518651,12.922354,1075.324714,149.0,10.349760,14.3,11.3
1740060275.645000,46.518506,12.922488,1084.424082,148.0,10.286081,20.5,10.9
1740060277.634000,46.518355,12.922615,1094.657746,148.0,10.192327,15.5,10.8
1740060278.640000,46.518273,12.922689,1099.133554,149.0,10.455721,15.4,10.7
1740060280.645000,46.518123,12.922824,1109.088528,149.0,10.047066,9.7,10.7
1740060281.643000,46.518046,12.922892,1114.384667,149.0,10.192002,9.5,10.8
1740060282.649000,46.517967,12.922962,1119.588176,149.0,10.236013,9.1,11.0
1740060283.644000,46.517890,12.923032,1124.755145,148.0,9.788095,9.2,11.1
1740060284.643000,46.517815,12.923105,1129.473551,149.0,10.223333,9.3,11.2
1740060285.645000,46.517736,12.923175,1135.066024,149.0,9.985139,11.9,11.3
1740060286.640000,46.517654,12.923246,1140.159558,149.0,10.121420,12.2,11.4
1740060287.642000,46.517573,12.923316,1145.619328,149.0,10.121701,13.2,11.6
1740060289.645000,46.517434,12.923453,1155.929384,149.0,9.743079,13.2,11.7
1740060290.644000,46.517355,12.923525,1160.808649,150.0,10.430098,13.0,11.8
1740060291.642000,46.517277,12.923599,1166.712905,148.2,9.997457,10.4,11.7
1740060293.645000,46.517124,12.923726,1177.088856,149.0,10.138402,9.9,11.5
1740060294.644000,46.517044,12.923797,1182.279901,149.0,10.223856,9.5,11.5
1740060295.642000,46.516965,12.923869,1187.525865,148.1,9.867739,13.3,11.4
1740060297.644000,46.516819,12.924011,1199.349018,148.0,9.959966,11.8,11.3
1740060299.644000,46.516672,12.924143,1209.931575,148.0,9.894065,14.7,11.8
1740060301.644000,46.516523,12.924275,1220.522755,149.0,9.827703,11.4,12.2
1740060303.645000,46.516354,12.924392,1231.838494,149.0,9.887673,9.9,12.3
1740060305.640000,46.516204,12.924512,1242.817171,148.0,9.908573,17.3,11.7
1740060307.641000,46.516045,12.924639,1254.218535,149.0,9.823705,17.5,10.9
1740060308.650000,46.515964,12.924700,1259.866683,149.0,9.646230,17.1,10.6
1740060309.646000,46.515876,12.924768,1266.539563,148.9,11.269655,15.9,10.6
1740060310.645000,46.515786,12.924840,1272.407607,149.1,10.319129,10.1,10.6
1740060311.641000,46.515702,12.924909,1278.559567,149.0,10.583011,10.3,10.7
1740060313.645000,46.515592,12.925021,1289.849885,146.9,9.194746,9.5,11.2
1740060315.639000,46.515467,12.925133,1302.215461,148.9,10.157624,9.7,11.6
1740060317.649000,46.515323,12.925264,1313.700160,149.7,9.702561,12.4,11.8
1740060319.647000,46.515173,12.925394,1325.648541,149.0,8.468880,13.7,11.4
1740060321.647000,46.515031,12.925526,1336.647838,149.0,8.420776,13.5,11.4
1740060323.644000,46.514897,12.925644,1347.388894,149.7,8.400405,10.7,11.6
1740060325.647000,46.514782,12.925754,1357.671814,148.9,7.194160,10.3,11.7
1740060327.649000,46.514654,12.925853,1368.627655,147.1,6.759458,11.8,11.5
1740060329.650000,46.514562,12.925943,1377.605626,142.4,6.495204,12.6,11.3
1740060331.648000,46.514467,12.926026,1385.571920,153.2,6.041988,15.6,11.3
1740060333.640000,46.514380,12.926103,1390.318200,145.9,6.871683,11.2,11.3
1740060335.649000,46.514269,12.926183,1394.256074,153.6,6.477311,9.3,11.1
1740060337.644000,46.514146,12.926286,1398.747330,149.0,8.501275,17.1,11.0
1740060339.645000,46.514030,12.926397,1403.984634,149.0,7.792284,16.5,10.9
1740060341.646000,46.513926,12.926498,1409.187723,148.0,9.088302,15.7,10.8
1740060343.645000,46.513814,12.926622,1415.204196,141.7,8.397832,9.0,11.1
1740060344.645000,46.513738,12.926693,1417.867453,148.2,9.804974,9.2,11.4
1740060346.645000,46.513580,12.926834,1424.707168,149.0,10.862070,8.9,12.0
1740060347.648000,46.513496,12.926906,1428.674022,148.0,10.455009,8.6,12.0
1740060348.642000,46.513413,12.926970,1431.811325,149.0,10.548938,11.8,11.8
1740060349.648000,46.513331,12.927041,1435.426826,149.0,10.925486,12.2,11.4
1740060350.648000,46.513247,12.927113,1439.074098,149.0,11.362617,13.1,11.1
1740060351.648000,46.513158,12.927191,1442.797695,148.0,11.607577,12.8,11.0
1740060352.649000,46.513067,12.927272,1446.358043,147.0,11.881479,13.0,11.1
1740060353.645000,46.512985,12.927348,1450.532477,149.9,10.624813,12.7,11.2
1740060354.646000,46.512882,12.927424,1454.691060,151.9,12.158228,10.1,11.2
1740060355.647000,46.512769,12.927499,1458.497971,153.9,12.550787,9.7,11.3
1740060356.648000,46.512655,12.927572,1462.503201,155.0,12.739156,9.6,11.5
1740060357.643000,46.512551,12.927646,1467.396976,153.1,12.485454,12.2,11.6
1740060358.643000,46.512455,12.927722,1471.176049,154.0,12.097538,11.6,11.6
1740060359.643000,46.512362,12.927786,1475.484740,155.0,12.067019,11.1,11.7
1740060360.647000,46.512268,12.927844,1479.828931,153.2,11.425714,11.7,11.8
1740060361.644000,46.512192,12.927934,1483.865396,139.5,11.899035,12.1,11.8
1740060362.643000,46.512112,12.928053,1486.967155,136.1,12.643500,15.0,11.8
1740060364.647000,46.511970,12.928182,1495.424965,149.0,10.485974,10.9,11.4
1740060365.646000,46.511893,12.928249,1499.466640,149.0,10.837413,11.3,11.3
1740060367.645000,46.511739,12.928385,1508.366923,148.0,10.172948,14.3,10.8
1740060368.648000,46.511660,12.928456,1512.578607,148.0,10.636586,17.2,10.7
1740060369.649000,46.511583,12.928526,1517.410755,149.0,10.500720,18.5,10.5
1740060370.648000,46.511504,12.928598,1521.068021,149.0,10.579139,17.0,10.4
1740060372.644000,46.511352,12.928731,1530.220833,149.0,10.154225,14.2,10.3
1740060373.648000,46.511274,12.928801,1534.362629,149.0,10.374076,9.5,10.2
1740060374.648000,46.511196,12.928873,1539.665670,148.0,10.467937,9.0,10.2
1740060375.642000,46.511116,12.928951,1543.945952,147.0,10.665437,9.2,10.2
1740060376.642000,46.511036,12.929029,1548.897291,147.0,10.563352,8.8,10.3
1740060377.641000,46.510958,12.929100,1553.140745,149.0,10.189198,8.9,10.3
1740060378.642000,46.510878,12.929169,1557.469490,148.0,10.338452,9.0,10.4
1740060379.645000,46.510799,12.929240,1562.265733,148.0,10.409441,12.2,10.4
1740060380.646000,46.510720,12.929312,1567.356017,148.0,10.409983,12.2,10.4
1740060382.642000,46.510576,12.929426,1576.962355,146.1,9.518557,12.9,10.3
1740060384.643000,46.510429,12.929572,1586.716521,144.2,10.363282,13.1,10.6
1740060385.643000,46.510341,12.929639,1591.959615,150.0,10.554782,10.3,10.9
1740060386.643000,46.510190,12.929697,1596.013514,155.5,13.741549,9.8,11.4
1740060387.644000,46.510057,12.929758,1600.660099,157.0,13.192398,9.6,11.8
1740060388.649000,46.509946,12.929815,1605.882892,157.0,12.769333,9.3,12.0
1740060389.644000,46.509837,12.929871,1610.880494,159.9,13.172674,13.4,12.0
1740060390.645000,46.509734,12.929939,1616.215483,156.2,12.847118,11.3,11.9
1740060392.648000,46.509658,12.930041,1625.041504,150.2,9.862448,12.3,11.9
1740060394.649000,46.509558,12.930164,1636.211646,149.0,10.120605,18.8,11.6
1740060396.646000,46.509431,12.930305,1645.900284,149.0,10.314867,11.3,11.1
1740060397.644000,46.509352,12.930373,1651.327412,150.0,10.221861,9.8,11.0
1740060399.644000,46.509200,12.930511,1661.654523,149.0,10.147028,17.1,10.8
1740060400.646000,46.509121,12.930578,1666.996217,150.8,10.266924,17.4,10.9
1740060401.647000,46.509044,12.930656,1673.044312,148.1,10.377882,17.2,10.9
1740060402.644000,46.508963,12.930731,1678.272108,151.0,10.467848,16.8,11.0
1740060404.649000,46.508836,12.930872,1688.581036,149.0,8.397179,9.5,10.9
1740060406.643000,46.508713,12.931003,1699.110849,150.0,9.084029,9.1,10.7
1740060408.649000,46.508588,12.931122,1708.689272,149.1,8.304987,8.9,10.7
1740060410.647000,46.508476,12.931244,1717.205804,145.3,7.934690,13.2,10.9
1740060412.644000,46.508353,12.931353,1725.759104,148.0,7.499468,12.8,10.9
1740060414.645000,46.508233,12.931465,1734.750781,150.5,7.447501,13.1,11.0
1740060416.645000,46.508084,12.931556,1742.707772,152.4,8.461602,10.1,11.3
1740060418.647000,46.507973,12.931638,1750.617703,150.2,6.731240,9.8,11.9
1740060421.641000,46.507892,12.931731,1761.398796,152.7,5.899037,12.0,12.3
1740060424.643000,46.507781,12.931804,1769.896743,154.8,5.068184,13.1,12.1
1740060427.640000,46.507664,12.931904,1778.153198,153.1,5.068017,10.9,11.8
1740060429.646000,46.507576,12.931980,1783.076132,149.7,5.381811,9.3,12.0
1740060431.640000,46.507489,12.932052,1787.100403,150.2,5.425839,17.5,12.7
1740060433.644000,46.507392,12.932177,1790.870429,145.2,6.050372,17.2,14.0
1740060453.643000,46.507369,12.932227,1808.015037,145.3,0.000000,11.8,11.7
1740060453.643000,46.507369,12.932227,1808.015037,145.3,0.000000,11.8,11.7
1740060498.641000,46.507332,12.932280,1812.849287,50.9,0.303325,10.0,11.5
1740060539.644000,46.507287,12.932394,1810.510063,118.9,0.962279,15.0,8.5
1740060546.902000,46.507207,12.932458,1810.072168,173.6,0.961552,13.0,3.5
1740060560.644000,46.507124,12.932509,1809.833845,-1.0,0.085438,16.7,3.0
1740060672.638000,46.507098,12.932635,1809.968316,161.9,1.333414,15.8,3.1
1740060676.646000,46.506999,12.932644,1808.610202,195.6,2.166765,20.8,3.0
1740060678.786000,46.506909,12.932626,1807.462832,178.8,3.393846,12.4,3.0
1740060681.622000,46.506805,12.932640,1805.849171,142.3,3.413064,15.3,3.0
1740060684.001000,46.506713,12.932676,1804.623727,172.0,3.933203,17.3,3.0
1740060686.263000,46.506624,12.932665,1804.018049,234.1,3.925114,17.0,3.2
1740060690.448000,46.506615,12.932535,1802.756254,246.6,3.054478,9.5,3.2
1740060696.542000,46.506538,12.932465,1802.429067,224.3,2.034992,13.9,3.9
1740060715.638000,46.506539,12.932565,1801.306142,-1.0,0.000000,16.5,3.8
1740060715.638000,46.506539,12.932565,1801.306142,-1.0,0.000000,16.5,3.8
1740060733.646000,46.506489,12.932581,1800.386743,159.4,0.754376,15.6,3.8
1740060737.638000,46.506399,12.932665,1797.905347,147.9,2.790189,10.2,3.8
1740060740.635000,46.506337,12.932773,1796.791506,126.6,2.923811,18.3,3.9
1740060744.637000,46.506303,12.932906,1793.448068,110.1,2.179472,9.6,3.8
1740060749.639000,46.506291,12.933061,1788.688091,93.4,2.277867,9.6,4.0
1740060753.638000,46.506273,12.933205,1786.084499,113.0,2.659889,13.4,4.2
1740060757.635000,46.506218,12.933330,1780.772388,116.1,2.500945,10.7,5.1
1740060761.638000,46.506227,12.933469,1777.649002,80.7,3.005659,15.0,5.8
1740060764.638000,46.506263,12.933589,1774.989716,58.9,1.966768,13.5,4.7
1740060768.635000,46.506277,12.933740,1772.342086,88.8,2.900049,18.4,4.4
1740060772.644000,46.506226,12.933892,1768.862324,113.3,2.927151,17.9,4.5
1740060775.643000,46.506166,12.934074,1766.365708,118.6,5.044535,9.2,4.4
1740060777.637000,46.506101,12.934182,1764.279838,124.3,5.195562,9.8,4.3
1740060780.642000,46.506027,12.934328,1762.626325,119.3,4.887461,15.6,4.1
1740060782.643000,46.505982,12.934464,1761.226345,121.3,6.155456,13.7,4.0
1740060784.644000,46.505896,12.934548,1758.471702,137.3,6.076587,16.3,3.9
1740060786.639000,46.505820,12.934652,1755.323503,132.4,5.776175,11.4,3.9
1740060789.645000,46.505690,12.934627,1752.683928,156.9,5.455718,11.0,3.9
1740060792.642000,46.505590,12.934607,1747.492558,179.2,2.868980,12.8,4.0
1740060795.643000,46.505510,12.934519,1745.183643,221.2,3.428107,16.3,4.0
1740060798.640000,46.505401,12.934506,1742.546875,188.9,4.036298,15.4,3.8
1740060802.643000,46.505317,12.934379,1739.883416,217.4,3.613342,12.9,3.8
1740060804.642000,46.505226,12.934278,1738.647291,215.1,4.906287,9.5,3.8
1740060806.641000,46.505085,12.934178,1735.808876,210.1,7.586014,14.4,3.8
1740060808.644000,46.504935,12.934065,1733.853558,210.3,8.858093,14.4,3.8
1740060809.643000,46.504857,12.933978,1731.753490,214.7,10.254237,14.4,3.8
1740060810.649000,46.504763,12.933896,1729.740703,212.9,10.878074,14.4,3.9
1740060811.643000,46.504661,12.933831,1728.074142,209.3,11.075293,14.1,3.9
1740060812.633000,46.504567,12.933769,1725.483518,206.1,10.549685,16.1,3.9
1740060813.634000,46.504482,12.933719,1724.060534,205.5,10.275547,16.2,3.9
1740060815.640000,46.504370,12.933692,1721.820243,201.4,8.340034,9.8,4.3
1740060816.640000,46.504335,12.933821,1720.743239,182.7,6.494725,9.8,4.4
1740060818.634000,46.504302,12.933975,1718.789525,171.0,1.963166,10.4,4.4
1740060838.637000,46.504299,12.934048,1718.955191,146.4,0.000000,15.0,3.8
1740060838.637000,46.504299,12.934048,1718.955191,146.4,0.000000,15.0,3.8
1740060866.644000,46.504182,12.933976,1717.994190,196.5,4.293965,15.5,3.8
1740060869.645000,46.504057,12.934052,1716.497406,152.3,5.207679,14.7,3.8
1740060872.643000,46.503961,12.934022,1714.994177,182.7,3.425660,15.7,3.8
1740060875.644000,46.503856,12.934123,1714.881913,138.7,5.073088,10.0,3.8
1740060877.644000,46.503763,12.934233,1713.458693,140.6,6.217041,10.7,3.8
1740060879.645000,46.503710,12.934360,1709.399636,123.2,5.697655,9.8,3.8
1740060882.644000,46.503659,12.934496,1708.593213,107.0,6.183283,16.7,3.9
1740060884.643000,46.503666,12.934660,1704.621737,86.4,6.571937,16.5,3.9
1740060886.644000,46.503626,12.934823,1702.429865,98.0,6.489218,11.8,4.1
1740060888.646000,46.503590,12.935010,1698.275785,100.0,7.430353,11.3,4.4
1740060890.643000,46.503611,12.935201,1694.552327,80.2,7.280480,15.2,4.3
1740060892.645000,46.503664,12.935391,1692.835976,74.1,7.852783,16.1,3.8
1740060894.646000,46.503602,12.935587,1691.040642,100.6,7.828382,15.7,3.8
1740060896.646000,46.503584,12.935766,1688.942556,92.6,7.220675,9.6,3.8
1740060898.644000,46.503583,12.935935,1687.621839,92.6,6.757704,14.9,3.8
1740060900.649000,46.503509,12.936068,1686.516805,127.2,5.274524,16.0,3.8
1740060903.643000,46.503400,12.936039,1686.001741,191.5,3.947912,9.4,4.1
1740060905.647000,46.503316,12.935926,1682.851381,216.5,5.499980,9.8,4.1
1740060907.647000,46.503255,12.935786,1681.943741,228.7,5.809007,10.8,4.0
1740060909.646000,46.503185,12.935626,1680.387014,234.4,6.913162,11.8,4.2
1740060911.648000,46.503123,12.935460,1679.040868,238.6,6.831954,11.9,4.4
1740060913.643000,46.503056,12.935308,1678.713141,233.7,6.695111,12.0,4.4
1740060915.645000,46.502954,12.935228,1676.747742,211.4,6.122905,11.1,4.2
1740060917.643000,46.502849,12.935237,1673.891239,191.6,5.370582,13.4,4.0
1740060919.644000,46.502765,12.935412,1672.368755,128.2,6.106875,16.9,3.8
1740060921.648000,46.502705,12.935561,1671.016399,124.0,6.230281,15.6,3.9
1740060923.646000,46.502652,12.935718,1670.586749,120.1,6.372430,9.8,4.0
1740060925.646000,46.502606,12.935891,1669.533485,117.0,6.684443,15.1,4.2
1740060927.652000,46.502552,12.936035,1668.347822,118.1,6.181204,16.0,4.3
1740060930.645000,46.502500,12.936189,1667.541742,117.0,4.870430,10.0,4.2
1740060933.644000,46.502461,12.936311,1667.044719,117.5,3.643867,9.8,4.0
1740060937.643000,46.502399,12.936456,1664.294240,117.1,4.370123,12.3,3.8
1740060940.648000,46.502371,12.936639,1664.890567,97.4,4.927482,15.9,3.8
1740060942.638000,46.502355,12.936767,1662.078748,99.0,4.987200,10.9,3.8
1740060944.640000,46.502314,12.936894,1661.084733,108.7,5.081675,12.9,3.8
1740060946.648000,46.502267,12.937040,1658.785087,113.1,6.387542,16.9,3.8
1740060948.649000,46.502222,12.937166,1656.214841,112.9,5.868334,14.4,3.8
1740060950.647000,46.502192,12.937322,1653.019875,109.2,6.048390,9.8,3.9
1740060952.649000,46.502168,12.937540,1649.765484,100.4,6.996022,15.6,4.2
1740060954.644000,46.502138,12.937763,1646.495726,102.3,7.643988,16.7,4.4
1740060956.650000,46.502147,12.938009,1642.770149,90.5,8.373963,11.6,4.4
1740060957.648000,46.502133,12.938152,1641.731411,93.6,8.869010,11.6,4.4
1740060960.644000,46.502170,12.938290,1637.989038,80.6,8.401176,9.8,4.0
1740060962.644000,46.502194,12.938505,1636.434622,80.4,8.650371,9.2,3.9
1740060963.642000,46.502219,12.938633,1634.876698,77.1,9.184003,9.7,3.8
1740060965.650000,46.502254,12.938858,1631.500000,76.7,8.808259,9.7,3.8
1740060967.642000,46.502279,12.939075,1631.500000,79.6,8.551157,10.4,3.8
1740060969.642000,46.502272,12.939296,1629.091228,89.2,8.485983,11.5,3.8
1740060971.644000,46.502270,12.939512,1626.031949,88.9,8.283539,11.1,3.8
1740060973.645000,46.502275,12.939748,1624.410620,86.3,8.618510,11.5,3.8
1740060975.646000,46.502164,12.939861,1622.139793,106.7,6.857670,12.4,3.8
1740060977.644000,46.502066,12.939964,1619.813480,123.5,6.456105,10.9,3.8
1740060979.643000,46.501998,12.940099,1616.419449,120.8,6.346916,11.1,3.8
1740060981.643000,46.501911,12.940202,1613.698044,133.2,6.168030,11.2,4.0
1740060983.644000,46.501832,12.940357,1610.828599,124.9,6.621582,12.2,4.4
1740060985.645000,46.501789,12.940595,1608.259135,109.0,7.692421,17.2,4.8
1740060987.644000,46.501729,12.940774,1606.219483,111.6,7.819808,16.1,5.0
1740060989.644000,46.501647,12.940983,1603.719669,113.0,8.450644,9.7,5.4
1740060990.642000,46.501643,12.941117,1602.542775,101.9,8.614856,15.4,5.6
1740060992.641000,46.501621,12.941364,1601.322535,97.4,8.932594,15.6,6.2
1740060994.645000,46.501620,12.941607,1599.431738,93.0,8.790086,16.7,6.2
1740060996.649000,46.501598,12.941794,1597.050756,95.2,8.055721,9.8,5.9
1740060998.646000,46.501558,12.941976,1596.164411,100.8,7.679851,9.6,7.6
1740061001.645000,46.501464,12.942023,1595.827051,130.1,2.679857,10.9,9.7
1740061010.643000,46.501376,12.941976,1596.286227,157.1,0.840643,11.6,10.5
1740061024.638000,46.501296,12.942052,1596.123148,142.7,1.103186,10.1,11.3
1740061041.639000,46.501205,12.942031,1595.963364,231.8,0.604263,17.3,10.8
1740061060.642000,46.501117,12.941983,1598.166223,214.7,0.976152,11.3,4.4
1740061066.644000,46.501042,12.941887,1610.108084,224.6,1.867850,18.3,6.8
1740061069.644000,46.500850,12.941660,1615.704836,200.9,1.246963,15.9,9.7
1740061070.643000,46.500766,12.941560,1618.244494,191.3,0.586745,15.6,9.8
1740061073.645000,46.500679,12.941461,1624.445162,153.6,0.453913,18.3,7.4
1740061079.638000,46.500563,12.941310,1636.617541,214.3,1.027536,10.0,4.8
1740061081.644000,46.500438,12.941171,1641.028481,219.4,3.158498,9.7,7.4
1740061083.640000,46.500355,12.941078,1646.452269,220.4,3.529175,10.3,9.1
1740061086.642000,46.500261,12.940968,1652.388193,219.6,3.522999,11.4,10.2
1740061089.649000,46.500185,12.940880,1659.824488,220.5,3.260182,11.1,10.2
1740061092.644000,46.500115,12.940784,1666.567465,224.5,3.571805,13.3,10.2
1740061095.648000,46.500048,12.940678,1671.391667,225.7,3.437795,17.4,10.2
1740061098.643000,46.499979,12.940583,1677.127582,225.6,3.216560,10.3,10.4
1740061101.646000,46.499906,12.940473,1682.576010,225.5,3.559462,24.6,10.6
1740061104.641000,46.499816,12.940366,1688.593541,221.7,3.769707,24.1,10.5
1740061107.645000,46.499734,12.940259,1694.838701,224.6,3.519373,9.5,10.7
1740061110.644000,46.499618,12.940110,1701.892657,224.3,4.663189,10.8,11.0
1740061113.641000,46.499537,12.940004,1708.932441,226.8,3.523320,11.4,10.9
1740061116.645000,46.499458,12.939901,1713.093281,225.6,3.577613,11.7,10.6
1740061119.637000,46.499375,12.939796,1717.877822,220.0,3.978423,13.8,10.6
1740061122.644000,46.499287,12.939691,1722.474944,221.1,3.720801,18.1,10.5
1740061125.646000,46.499198,12.939592,1727.638501,219.3,4.170683,18.7,10.4
1740061128.644000,46.499108,12.939496,1732.157917,219.5,3.652343,23.4,10.3
1740061131.645000,46.499028,12.939398,1737.765969,222.2,4.121653,13.2,11.7
1740061134.640000,46.498950,12.939310,1743.528764,220.6,3.953913,9.4,11.6
1740061137.644000,46.498870,12.939219,1749.232623,223.3,3.398131,10.1,10.1
1740061140.641000,46.498788,12.939124,1755.392898,220.1,3.959763,11.2,10.0
1740061143.646000,46.498705,12.939032,1761.521297,221.6,3.635731,11.7,9.9
1740061146.645000,46.498616,12.938937,1767.579248,218.6,3.293214,19.4,9.9
1740061149.640000,46.498534,12.938841,1772.250769,221.5,3.986087,19.0,9.9
1740061152.644000,46.498443,12.938726,1776.074972,221.2,4.375289,21.0,10.0
1740061155.638000,46.498352,12.938634,1780.095631,217.5,4.147255,23.6,10.0
1740061159.637000,46.498275,12.938526,1786.685493,227.4,3.294282,12.8,7.8
1740061162.644000,46.498207,12.938426,1792.014822,222.8,3.761773,10.2,4.1
1740061165.644000,46.498115,12.938330,1797.259933,219.4,4.108814,9.3,4.0
1740061168.645000,46.498031,12.938233,1802.166250,221.7,3.949823,12.5,4.0
1740061171.642000,46.497940,12.938126,1805.622408,219.7,3.911208,15.1,3.9
1740061174.639000,46.497849,12.938017,1808.903790,219.4,4.409341,18.4,3.8
1740061177.639000,46.497763,12.937918,1811.791145,221.5,4.070842,17.1,3.8
1740061180.638000,46.497674,12.937810,1814.655512,219.3,4.317142,22.3,3.8
1740061183.640000,46.497584,12.937710,1800.519702,218.7,4.178850,11.8,3.8
1740061186.643000,46.497495,12.937610,1821.642324,219.3,3.859916,9.3,3.8
1740061189.637000,46.497404,12.937502,1824.770931,218.4,4.568495,10.0,3.8
1740061192.645000,46.497312,12.937397,1825.854771,219.9,4.484509,11.6,3.8
1740061194.639000,46.497231,12.937314,1826.406203,216.0,5.187934,9.7,3.8
1740061197.644000,46.497144,12.937213,1800.416573,220.3,4.116444,2.5,3.8
1740061200.639000,46.497045,12.937100,1800.406664,219.0,4.276917,3.3,3.9
1740061203.642000,46.496954,12.937006,1795.761224,218.0,4.240731,7.3,4.0
1740061206.637000,46.496859,12.936899,1832.935864,217.5,4.508427,20.0,4.1
1740061209.638000,46.496765,12.936795,1816.298920,217.9,4.258060,2.5,4.4
1740061212.643000,46.496665,12.936688,1837.481217,217.2,4.195746,9.3,4.3
1740061215.639000,46.496570,12.936586,1840.619184,217.9,4.243073,10.0,4.0
1740061218.647000,46.496488,12.936497,1807.898889,218.7,3.677884,3.4,3.8
1740061221.646000,46.496404,12.936399,1810.787244,221.4,3.732852,2.7,3.8
1740061224.638000,46.496316,12.936298,1814.251348,219.6,4.079831,2.5,3.8
1740061227.645000,46.496226,12.936197,1817.786017,218.6,4.270821,2.4,3.8
1740061230.638000,46.496146,12.936121,1810.517973,213.1,3.743348,7.0,3.8
1740061233.643000,46.496056,12.936042,1810.363579,214.3,4.095687,7.3,4.0
1740061236.638000,46.495983,12.935950,1807.216627,217.5,3.674309,2.8,4.2
1740061239.635000,46.495898,12.935846,1806.481526,218.0,4.420925,3.6,4.3
1740061241.651000,46.495801,12.935740,1843.978174,219.7,4.328522,9.1,4.4
1740061244.637000,46.495716,12.935622,1816.665978,219.4,3.996979,2.5,4.5
1740061247.645000,46.495616,12.935510,1805.665287,219.7,4.143925,4.4,4.8
1740061249.638000,46.495528,12.935426,1805.868362,216.8,4.504429,2.8,5.0
1740061252.644000,46.495431,12.935312,1805.705385,219.5,4.053052,3.0,4.8
1740061255.639000,46.495333,12.935196,1811.085293,219.2,4.300767,2.6,4.5
1740061258.641000,46.495243,12.935084,1808.003260,218.9,4.246923,3.3,4.4
1740061261.644000,46.495160,12.934977,1810.092764,219.7,3.934361,7.3,4.3
1740061264.643000,46.495082,12.934876,1807.756967,219.4,4.186903,2.7,4.1
1740061267.640000,46.495013,12.934774,1810.438558,220.8,3.911207,3.1,4.3
1740061270.636000,46.494956,12.934670,1808.088866,224.6,3.734992,2.8,5.1
1740061273.643000,46.494873,12.934560,1808.942569,220.2,3.905955,3.1,8.2
1740061276.647000,46.494773,12.934461,1808.583686,217.1,4.158839,2.7,10.5
1740061279.642000,46.494677,12.934370,1812.456583,215.0,3.963658,2.7,10.3
1740061282.642000,46.494587,12.934278,1811.928864,216.5,3.964856,3.3,10.2
1740061285.644000,46.494493,12.934179,1811.571182,215.9,4.254950,3.0,10.0
1740061289.645000,46.494397,12.934084,1816.071375,217.1,3.383353,3.2,10.1
1740061292.647000,46.494318,12.934005,1819.183287,215.4,3.626208,2.9,10.5
1740061295.640000,46.494219,12.933895,1823.715556,220.9,4.731020,2.5,10.8
1740061297.635000,46.494126,12.933753,1828.564543,211.4,4.980988,2.6,11.1
1740061300.637000,46.494074,12.933619,1835.678826,230.4,3.582586,2.9,11.8
1740061304.636000,46.493991,12.933503,1844.613143,236.9,2.749101,2.8,11.7
1740061308.643000,46.493906,12.933393,1854.720325,219.0,3.767493,3.8,10.8
1740061311.639000,46.493826,12.933309,1861.410821,220.0,4.040788,3.5,9.6
1740061315.643000,46.493738,12.933225,1863.964168,216.0,2.597444,3.3,6.5
1740061323.644000,46.493661,12.933133,1866.140246,230.1,0.699538,2.6,5.9
1740061333.637000,46.493677,12.932991,1863.509017,314.0,1.610161,2.5,5.3
1740061340.643000,46.493736,12.932893,1861.678720,330.0,0.858123,2.6,3.8
1740061482.636000,46.493768,12.932760,1853.500649,298.9,0.907134,2.5,3.8
1740061488.643000,46.493841,12.932652,1852.876214,309.2,1.926472,3.1,3.8
1740061493.640000,46.493867,12.932517,1845.325016,291.4,3.132137,3.8,3.8
1740061496.646000,46.493960,12.932366,1847.862354,313.1,5.626482,2.5,3.8
1740061498.645000,46.494035,12.932273,1845.885143,319.4,5.415388,2.5,3.8
1740061501.643000,46.494143,12.932302,1844.085896,5.8,3.443243,2.5,3.8
1740061505.649000,46.494230,12.932338,1841.698269,8.4,2.967316,2.8,3.8
1740061509.645000,46.494334,12.932328,1834.078918,355.7,3.086601,3.0,3.8
1740061513.642000,46.494426,12.932225,1832.629551,327.2,3.565315,2.6,3.8
1740061516.643000,46.494521,12.932258,1825.715797,358.4,3.272044,2.8,3.8
1740061519.641000,46.494630,12.932312,1823.857298,0.5,4.339096,8.7,3.8
1740061521.646000,46.494757,12.932342,1819.036449,3.2,5.860007,2.7,3.8
1740061523.646000,46.494857,12.932422,1818.282565,14.4,6.284294,2.5,3.8
1740061525.647000,46.494994,12.932436,1815.140321,6.5,7.148265,2.5,3.9
1740061526.648000,46.495095,12.932446,1812.873185,6.6,7.911298,2.4,4.0
1740061527.642000,46.495189,12.932494,1811.595335,11.5,8.634022,2.5,4.1
1740061529.646000,46.495343,12.932618,1811.593995,23.7,9.443951,2.5,4.2
1740061531.652000,46.495463,12.932754,1809.802788,31.5,8.796694,2.5,4.3
1740061533.648000,46.495557,12.932904,1808.183200,41.6,7.596806,2.5,4.3
1740061535.649000,46.495663,12.933038,1805.142011,44.1,7.066639,2.5,4.2
1740061537.646000,46.495736,12.933176,1804.796591,50.2,6.532802,3.0,4.1
1740061539.641000,46.495784,12.933309,1805.162039,60.3,6.027162,2.6,4.0
1740061541.650000,46.495815,12.933445,1805.644687,68.1,5.259592,2.5,4.1
1740061543.643000,46.495847,12.933579,1805.292715,66.0,5.366319,2.6,4.2
1740061545.646000,46.495876,12.933709,1803.838940,69.0,5.359137,3.5,4.2
1740061547.648000,46.495912,12.933846,1802.575136,68.0,5.409619,2.6,4.1
1740061549.648000,46.495941,12.933980,1803.051476,69.0,5.110113,2.5,3.9
1740061551.643000,46.495973,12.934110,1803.796897,74.0,5.079934,2.5,3.8
1740061553.640000,46.495995,12.934246,1803.597759,85.0,5.429229,2.4,3.8
1740061555.644000,46.495996,12.934395,1802.509766,87.0,6.652654,2.4,3.8
1740061557.643000,46.496033,12.934542,1802.202302,56.3,6.177090,2.5,3.8
1740061559.637000,46.496068,12.934713,1800.921875,77.9,7.328551,2.4,3.8
1740061561.647000,46.496114,12.934882,1796.396240,67.9,7.839689,3.2,3.9
1740061563.644000,46.496161,12.935086,1792.527344,74.7,8.647449,3.1,4.4
1740061565.643000,46.496163,12.935329,1790.010472,88.9,8.949958,2.5,5.3
1740061567.643000,46.496190,12.935505,1787.702738,74.2,8.240826,2.8,6.1
1740061569.641000,46.496270,12.935666,1787.452886,50.1,7.647376,2.7,5.9
1740061571.644000,46.496378,12.935817,1786.667907,42.0,8.237640,4.0,5.3
1740061573.638000,46.496467,12.935985,1784.720916,56.0,7.732316,2.7,6.6
1740061575.640000,46.496564,12.936109,1783.226099,35.4,7.621951,3.1,8.3
1740061577.641000,46.496677,12.936240,1783.214739,42.8,8.717948,3.1,10.1
1740061579.643000,46.496764,12.936418,1782.381303,59.7,8.157619,2.5,10.0
1740061581.648000,46.496840,12.936591,1780.822301,50.2,7.499302,2.4,10.0
1740061583.644000,46.496953,12.936717,1779.564148,43.9,8.646122,2.4,9.9
1740061585.643000,46.497040,12.936906,1777.212160,72.7,8.281732,2.4,9.9
1740061587.650000,46.497055,12.937092,1775.550613,95.2,6.207248,2.5,9.9
1740061590.682000,46.497079,12.937218,1772.615083,60.7,3.587542,2.6,10.0
1740061593.642000,46.497135,12.937377,1770.274034,56.2,4.864918,2.5,10.0
1740061596.650000,46.497178,12.937548,1769.819918,54.1,5.550909,2.8,9.9
1740061599.638000,46.497192,12.937732,1766.369056,54.0,6.325605,4.0,9.9
1740061601.645000,46.497235,12.937869,1762.000076,81.1,6.187248,2.9,10.0
1740061603.641000,46.497258,12.938053,1759.674017,77.9,7.491879,3.1,10.2
1740061605.645000,46.497279,12.938252,1757.236683,62.5,7.405578,2.7,10.4
1740061607.644000,46.497349,12.938347,1752.921322,34.8,6.339147,2.5,10.3
1740061609.643000,46.497489,12.938368,1750.304553,7.0,6.636418,2.4,10.2
1740061611.643000,46.497598,12.938347,1748.322362,359.2,6.338091,2.4,10.0
1740061613.646000,46.497693,12.938407,1746.433664,42.4,4.793881,2.4,9.9
1740061616.639000,46.497725,12.938544,1745.859238,71.8,3.778590,2.4,9.9
1740061620.638000,46.497749,12.938680,1738.862289,29.9,2.652004,2.7,9.9
1740061627.637000,46.497852,12.938719,1738.021221,21.1,2.088654,6.3,9.9
1740061631.642000,46.497925,12.938847,1735.646600,56.7,3.103626,3.0,9.9
1740061635.640000,46.497999,12.938922,1734.300942,19.2,2.871284,2.8,9.9
1740061639.640000,46.498102,12.939008,1729.888720,34.9,3.510382,2.4,9.9
1740061642.643000,46.498214,12.939111,1724.465478,43.4,4.589778,2.4,9.9
1740061648.647000,46.498324,12.939141,1716.856343,352.1,4.865005,2.6,9.9
1740061650.651000,46.498397,12.939228,1713.909356,54.7,3.273000,2.6,9.9
1740061653.646000,46.498403,12.939426,1708.825109,80.8,4.437646,2.6,10.0
1740061656.648000,46.498503,12.939504,1703.602966,60.9,4.559437,6.3,10.2
1740061659.648000,46.498504,12.939677,1697.603280,91.3,4.317472,2.9,10.4
1740061662.643000,46.498614,12.939669,1695.221064,12.4,4.051877,2.7,10.4
1740061666.650000,46.498631,12.939857,1690.045070,81.9,4.665473,2.4,10.3
1740061669.646000,46.498724,12.939920,1686.355352,358.6,2.590840,2.4,10.3
1740061673.643000,46.498829,12.939983,1684.003296,69.1,6.162113,2.4,9.9
1740061675.650000,46.498836,12.940127,1678.899289,104.1,3.745720,2.4,10.0
1740061677.644000,46.498850,12.940257,1675.703177,66.3,5.022318,2.6,10.0
1740061680.642000,46.498944,12.940337,1670.013078,41.9,4.942939,2.5,10.0
1740061683.644000,46.498936,12.940493,1664.050743,75.6,3.785307,2.8,10.0
1740061685.647000,46.498958,12.940672,1660.381216,74.6,5.195670,6.2,10.1
1740061687.643000,46.498935,12.940848,1657.639938,89.1,5.656284,2.5,10.3
1740061689.649000,46.498909,12.941026,1654.412125,95.0,6.026147,3.0,10.4
1740061691.645000,46.498873,12.941224,1654.016244,100.4,6.806971,2.7,10.5
1740061694.640000,46.498833,12.941357,1653.503378,95.1,4.818208,2.5,10.4
1740061697.649000,46.498879,12.941518,1652.099711,80.0,4.868314,2.4,10.1
1740061700.649000,46.498982,12.941624,1650.059589,53.8,4.511377,2.4,10.1
1740061702.648000,46.499078,12.941626,1648.758659,16.2,3.736502,2.4,10.1
1740061705.647000,46.499183,12.941674,1645.055635,23.4,3.769701,2.5,10.0
1740061707.646000,46.499236,12.941781,1642.439166,47.7,3.910630,2.7,10.0
1740061710.650000,46.499348,12.941780,1635.007312,13.8,4.495707,2.4,9.9
1740061713.638000,46.499404,12.941942,1632.253964,54.7,4.154099,5.1,9.9
1740061716.644000,46.499496,12.941990,1627.743132,19.2,3.634678,2.5,9.9
1740061720.639000,46.499566,12.942106,1623.845243,56.0,3.924485,2.8,9.9
1740061723.636000,46.499654,12.942164,1620.601893,38.3,4.627349,2.5,9.9
1740061726.642000,46.499695,12.942308,1617.639964,60.4,4.340252,2.4,10.0
1740061730.644000,46.499775,12.942374,1613.309663,27.0,3.384653,2.4,10.1
1740061733.641000,46.499851,12.942465,1609.426518,52.5,4.054076,2.4,10.0
1740061737.643000,46.499937,12.942574,1603.324946,22.8,2.646906,2.6,10.1
1740061741.641000,46.500045,12.942553,1596.908960,19.5,4.525320,2.8,10.5
1740061744.648000,46.500148,12.942617,1590.982397,11.2,3.589825,3.8,10.4
1740061746.646000,46.500185,12.942481,1585.627945,358.4,3.996036,2.9,10.4
1740061749.643000,46.500309,12.942467,1582.208465,333.6,5.544361,2.8,10.3
1740061751.643000,46.500410,12.942494,1577.800099,37.3,7.072775,2.8,10.2
1740061753.645000,46.500510,12.942548,1570.976361,5.4,5.602898,2.4,10.7
1740061755.645000,46.500665,12.942524,1567.809231,13.4,8.929416,2.4,11.7
1740061757.650000,46.500768,12.942501,1561.223991,336.0,6.378574,2.4,11.9
1740061759.645000,46.500906,12.942445,1557.792318,353.8,7.505612,2.4,11.6
1740061761.652000,46.501080,12.942441,1551.404510,354.1,9.723812,2.4,11.3
1740061763.649000,46.501206,12.942411,1548.356346,343.6,6.855221,2.5,9.5
1740061767.641000,46.501154,12.942287,1546.149402,242.0,4.172658,2.7,5.6
1740061771.647000,46.501238,12.942183,1544.498830,329.0,2.803759,4.9,4.1
1740061775.643000,46.501317,12.942110,1544.585624,317.8,2.352153,2.5,3.8
1740061781.643000,46.501385,12.942020,1545.447094,317.2,1.372977,2.8,3.8
1740061788.644000,46.501467,12.941964,1546.225750,332.9,2.755986,2.4,3.8
1740061791.642000,46.501583,12.941862,1544.854910,326.8,5.418075,2.4,3.8
1740061793.646000,46.501712,12.941878,1543.065534,356.0,6.240612,2.6,3.8
1740061795.649000,46.501831,12.941904,1539.123930,1.1,6.441045,3.7,3.8
1740061797.650000,46.501948,12.942090,1537.439533,22.0,7.004782,3.2,3.8
1740061799.646000,46.502065,12.942169,1534.792465,16.2,6.645149,3.0,3.9
1740061801.650000,46.502183,12.942189,1532.348904,9.8,6.760923,4.3,3.9
1740061803.649000,46.502301,12.942259,1532.279448,13.2,6.789961,2.7,3.9
1740061805.650000,46.502420,12.942236,1528.687865,4.6,6.914631,3.1,4.0
1740061807.639000,46.502566,12.942228,1527.305875,358.5,7.622906,2.7,4.0
1740061809.646000,46.502713,12.942198,1524.754325,355.4,8.290890,2.7,4.1
1740061811.645000,46.502874,12.942153,1519.816295,351.7,9.135446,2.4,4.4
1740061813.643000,46.503044,12.942102,1518.241047,349.3,9.522114,2.6,5.2
1740061815.642000,46.503188,12.942102,1513.957558,346.8,9.089828,2.5,5.4
1740061817.645000,46.503351,12.942092,1513.436605,351.6,9.173967,2.4,5.4
1740061819.647000,46.503524,12.942140,1510.714311,357.0,9.398170,2.4,4.8
1740061820.647000,46.503591,12.942229,1509.626751,6.9,9.101902,2.5,4.7
1740061822.649000,46.503728,12.942290,1506.602532,7.9,8.088365,2.6,4.3
1740061824.652000,46.503851,12.942259,1503.654959,355.3,7.805089,4.2,4.0
1740061826.650000,46.503999,12.942270,1501.938651,355.9,7.922730,3.4,3.9
1740061827.649000,46.504093,12.942237,1500.086338,351.0,8.718134,3.1,4.0
1740061828.648000,46.504184,12.942224,1499.416721,352.1,8.878592,3.5,4.0
1740061830.642000,46.504339,12.942257,1495.517295,359.7,8.348454,3.9,4.1
1740061832.645000,46.504485,12.942206,1493.521492,349.2,8.320610,3.1,4.1
1740061834.645000,46.504618,12.942131,1490.001080,333.9,7.188445,3.1,6.3
1740061836.645000,46.504691,12.942021,1489.509981,318.0,5.650438,2.8,9.2
1740061840.643000,46.504664,12.941888,1491.686300,268.0,1.427805,2.5,10.4
1740061855.640000,46.504635,12.941763,1492.473428,258.5,1.666961,3.8,4.3
1740061871.644000,46.504590,12.941646,1492.202026,233.1,0.992871,2.7,3.0
1740061892.651000,46.504492,12.941397,1490.520305,167.0,2.069508,2.5,3.7
1740061895.643000,46.504382,12.941357,1495.433149,165.2,3.234172,2.8,3.8
1740061896.650000,46.504391,12.941192,1496.663893,177.3,2.971993,3.0,3.3
1740061898.643000,46.504365,12.941023,1498.886191,236.5,3.517052,3.0,3.6
1740061901.645000,46.504307,12.940852,1502.875711,239.6,3.939962,3.1,4.1
1740061904.646000,46.504256,12.940687,1507.855404,241.6,3.877530,3.2,3.5
1740061907.646000,46.504214,12.940555,1510.756426,244.3,3.468562,2.6,3.1
1740061910.642000,46.504170,12.940435,1516.426580,243.0,4.046974,3.0,4.9
1740061913.641000,46.504123,12.940298,1525.429269,244.0,3.577784,3.5,9.9
1740061916.637000,46.504080,12.940165,1534.105023,242.0,3.637347,3.3,9.9
1740061919.643000,46.504036,12.940021,1536.175551,244.0,3.687023,3.1,9.9
1740061922.643000,46.503994,12.939890,1544.307303,241.0,3.388010,3.0,9.9
1740061925.646000,46.503946,12.939759,1552.984570,245.0,3.198919,3.2,9.9
1740061928.643000,46.503902,12.939617,1561.174567,243.0,3.460213,3.0,9.9
1740061931.646000,46.503864,12.939486,1569.410064,244.0,3.328772,2.9,9.9
1740061934.639000,46.503825,12.939364,1577.250637,243.0,3.677870,2.7,10.0
1740061938.645000,46.503780,12.939216,1588.638540,245.4,2.916051,2.9,9.9
1740061940.644000,46.503744,12.939092,1590.283107,247.2,3.656176,3.4,9.9
1740061943.645000,46.503693,12.938939,1596.070513,242.7,4.314702,3.5,9.9
1740061946.645000,46.503648,12.938789,1595.967751,240.5,4.744711,2.8,9.9
1740061949.648000,46.503597,12.938648,1598.277582,242.0,3.780674,3.0,9.9
1740061952.640000,46.503547,12.938511,1602.846758,248.3,4.175665,2.5,9.9
1740061955.643000,46.503513,12.938382,1606.904077,244.7,3.646027,3.0,9.9
1740061959.644000,46.503466,12.938222,1612.217951,241.3,3.503986,3.0,10.1
1740061962.638000,46.503419,12.938092,1612.913024,241.0,4.058904,2.7,10.2
1740061965.643000,46.503367,12.937931,1613.314542,243.9,3.919458,2.7,10.1
1740061968.645000,46.503317,12.937773,1612.714494,242.7,4.049028,3.2,10.0
1740061971.644000,46.503264,12.937615,1617.718671,243.5,3.926318,2.8,10.0
1740061974.646000,46.503215,12.937462,1618.761739,244.9,4.272708,2.8,10.1
1740061977.646000,46.503167,12.937313,1613.584548,245.0,4.191638,2.6,8.8
1740061980.640000,46.503118,12.937163,1615.388382,245.4,4.102854,2.6,5.0
1740061983.639000,46.503073,12.937015,1616.725046,248.1,3.880952,2.7,3.8
1740061986.644000,46.503025,12.936857,1619.505036,246.2,4.207996,2.9,3.8
1740061989.645000,46.502972,12.936702,1623.841189,244.0,4.067482,3.0,3.8
1740061992.644000,46.502918,12.936549,1625.611576,246.2,4.981034,3.1,3.8
1740061995.644000,46.502862,12.936406,1627.762331,242.0,4.030416,2.5,3.8
1740061998.642000,46.502822,12.936247,1626.127455,246.6,4.391982,3.7,3.8
1740062001.644000,46.502773,12.936092,1629.635501,242.7,3.984622,3.5,3.8
1740062004.645000,46.502716,12.935934,1629.594727,243.5,4.517694,2.8,3.8
1740062007.645000,46.502666,12.935785,1629.225212,244.0,4.033574,2.7,3.9
1740062010.638000,46.502615,12.935630,1628.605798,244.0,4.247936,2.6,3.8
1740062013.645000,46.502571,12.935489,1630.538571,245.0,4.048438,3.0,3.8
1740062016.651000,46.502523,12.935341,1632.300049,243.5,4.277920,4.5,3.8
1740062019.643000,46.502478,12.935194,1635.197750,245.0,4.060869,3.2,3.8
1740062022.648000,46.502429,12.935037,1640.721479,244.8,4.191628,2.8,3.8
1740062025.640000,46.502381,12.934898,1640.275459,243.1,4.188053,2.8,3.8
1740062028.646000,46.502334,12.934780,1645.546820,241.3,3.281506,3.2,3.8
1740062032.649000,46.502262,12.934643,1653.547847,242.4,3.931067,3.7,4.0
1740062035.643000,46.502216,12.934498,1658.146729,243.1,3.551713,3.4,3.9
1740062038.644000,46.502171,12.934357,1662.219223,243.9,3.840748,3.1,3.9
1740062041.645000,46.502129,12.934225,1668.994095,244.7,3.690979,4.6,5.9
1740062044.644000,46.502090,12.934099,1677.881686,243.9,3.833433,3.5,8.9
1740062047.644000,46.502051,12.933973,1686.328814,244.0,3.338217,2.6,9.9
1740062050.642000,46.502013,12.933842,1694.391677,243.2,3.548908,2.8,9.9
1740062053.643000,46.501974,12.933718,1700.692340,243.0,3.511821,2.9,9.9
1740062056.644000,46.501937,12.933580,1706.662920,247.5,3.296109,3.0,9.9
1740062059.650000,46.501899,12.933459,1719.573356,244.0,3.397785,4.3,9.9
1740062062.643000,46.501856,12.933336,1727.500567,243.9,3.344967,4.1,9.9
1740062065.647000,46.501813,12.933202,1730.272133,243.7,4.748981,3.4,10.0
1740062068.639000,46.501766,12.933062,1732.568163,242.3,3.922056,2.9,10.0
1740062071.650000,46.501717,12.932909,1736.613530,243.1,3.961862,4.5,10.0
1740062074.650000,46.501669,12.932758,1741.024549,245.7,4.000535,3.9,10.0
1740062077.649000,46.501626,12.932605,1748.329702,242.8,4.239669,2.7,11.2
1740062080.639000,46.501579,12.932463,1752.161154,243.8,4.320277,2.5,11.2
1740062083.646000,46.501534,12.932322,1757.791233,244.5,3.328027,3.1,11.4
1740062087.650000,46.501488,12.932163,1765.666837,244.7,3.780040,3.7,10.1
1740062090.641000,46.501440,12.932022,1765.080586,243.4,4.616985,4.7,10.1
1740062093.644000,46.501391,12.931868,1762.226623,244.3,4.343791,3.8,10.0
1740062096.651000,46.501340,12.931714,1762.609050,244.0,4.417341,4.8,9.9
1740062099.644000,46.501298,12.931560,1763.538929,241.0,5.016716,4.4,9.9
1740062102.650000,46.501247,12.931402,1766.795612,246.0,3.980887,2.8,9.9
1740062105.643000,46.501197,12.931253,1768.566452,243.0,4.339944,3.0,9.9
1740062108.635000,46.501142,12.931120,1766.534273,239.2,3.477632,2.7,9.9
1740062111.646000,46.501093,12.930962,1772.822956,242.0,4.366797,3.6,9.9
1740062114.640000,46.501044,12.930812,1773.291836,243.0,4.582183,4.1,9.9
1740062117.647000,46.500993,12.930659,1775.379163,244.0,3.940175,4.6,9.9
1740062120.639000,46.500944,12.930518,1773.398043,243.0,3.324919,5.4,9.9
1740062123.649000,46.500895,12.930384,1775.782985,243.0,3.851313,5.0,9.9
1740062126.646000,46.500845,12.930245,1775.533995,243.8,3.835739,5.6,9.9
1740062129.644000,46.500794,12.930105,1782.362967,242.8,4.582146,3.2,9.9
1740062132.637000,46.500744,12.929956,1785.864487,244.0,3.718011,2.7,9.9
1740062135.638000,46.500702,12.929804,1784.468189,246.8,4.563867,3.5,9.9
1740062138.648000,46.500651,12.929644,1788.699434,243.9,3.977759,6.9,9.9
1740062141.640000,46.500605,12.929493,1794.486635,244.8,4.231748,3.0,9.9
1740062144.646000,46.500562,12.929345,1796.880708,243.1,4.334511,4.8,9.9
1740062147.642000,46.500514,12.929196,1799.797086,242.8,4.496049,4.9,9.9
1740062150.645000,46.500466,12.929047,1798.095057,244.9,4.599111,3.6,9.9
1740062153.648000,46.500418,12.928897,1801.414702,243.3,3.928129,3.6,9.9
1740062156.643000,46.500379,12.928779,1803.793132,243.5,3.299188,3.8,9.9
1740062159.645000,46.500348,12.928655,1808.947731,246.8,3.199758,3.1,10.0
1740062163.642000,46.500325,12.928528,1804.655132,258.7,1.046703,3.1,10.3
1740062172.648000,46.500290,12.928403,1808.352616,288.8,0.679944,4.0,11.8
1740062177.646000,46.500351,12.928300,1808.242332,327.3,2.447009,5.3,10.3
1740062197.643000,46.500418,12.928247,1807.100654,328.3,0.000000,3.8,9.9
1740062197.643000,46.500418,12.928247,1807.100654,328.3,0.000000,3.8,9.9
1740062255.640000,46.500436,12.928222,1804.401074,295.0,1.478579,4.7,3.8
1740062260.645000,46.500498,12.928108,1802.271361,306.5,3.103516,2.6,3.8
1740062263.642000,46.500543,12.927986,1802.490683,297.5,3.600225,2.5,3.8
1740062265.645000,46.500617,12.927905,1803.232092,323.1,4.613419,2.6,3.8
1740062267.645000,46.500696,12.927825,1799.860352,322.5,5.162586,4.1,3.8
1740062269.651000,46.500786,12.927735,1798.663242,327.8,5.758228,6.4,3.8
1740062271.645000,46.500874,12.927671,1797.629153,330.8,5.576979,5.4,3.8
1740062290.645000,46.500969,12.927667,1796.364027,326.5,1.465976,2.6,3.8
1740062295.644000,46.501059,12.927593,1795.603130,329.9,2.664240,6.2,3.8
1740062298.642000,46.501153,12.927516,1794.576371,333.7,4.612271,5.7,3.8
1740062300.650000,46.501253,12.927449,1792.789983,335.8,5.911239,2.6,3.8
1740062302.646000,46.501386,12.927405,1790.558987,343.7,7.252017,2.6,3.8
1740062304.649000,46.501536,12.927408,1787.336256,351.5,7.644313,2.6,3.8
1740062306.649000,46.501713,12.927442,1786.190163,2.4,9.199115,2.9,3.8
1740062308.651000,46.501866,12.927569,1782.793373,15.7,9.459132,2.8,3.9
1740062310.644000,46.501923,12.927791,1779.165933,31.6,8.279782,2.7,4.2
1740062311.646000,46.501925,12.927929,1778.410668,43.2,7.938588,4.0,4.6
1740062312.648000,46.501867,12.928059,1775.047408,65.4,5.955674,3.0,4.6
1740062314.648000,46.501869,12.928208,1771.698435,72.6,5.634183,2.7,4.6
1740062316.651000,46.501879,12.928409,1771.014568,82.8,6.795496,3.2,3.9
1740062318.649000,46.501869,12.928596,1770.003194,90.4,6.768199,2.6,3.9
1740062320.649000,46.501864,12.928740,1768.355407,89.8,6.290265,2.6,3.8
1740062322.650000,46.501866,12.928903,1768.162684,95.6,6.623199,2.6,3.8
1740062324.648000,46.501846,12.929061,1766.042667,99.2,6.394969,4.4,3.8
1740062326.650000,46.501847,12.929200,1766.254526,91.4,5.332281,3.2,3.8
1740062329.654000,46.501854,12.929354,1763.648886,93.0,4.547761,2.6,3.8
1740062331.648000,46.501849,12.929489,1762.191251,90.3,5.143264,2.6,3.8
1740062333.652000,46.501831,12.929666,1760.419826,96.9,6.336114,2.5,3.8
1740062335.641000,46.501779,12.929836,1762.500000,110.4,6.698810,2.9,3.8
1740062337.651000,46.501706,12.930001,1760.043034,116.0,7.109859,2.9,3.8
1740062339.646000,46.501623,12.930136,1759.194432,122.7,6.831210,2.7,3.8
1740062341.651000,46.501543,12.930280,1757.626003,128.7,7.020914,4.1,3.8
1740062343.644000,46.501449,12.930409,1755.450584,133.8,6.946665,3.0,3.8
1740062345.649000,46.501371,12.930554,1754.389225,130.6,6.944144,2.9,3.8
1740062347.652000,46.501312,12.930726,1753.212529,122.0,7.050139,2.6,3.8
1740062349.650000,46.501277,12.930928,1751.812643,118.7,6.868556,3.2,3.9
1740062351.652000,46.501258,12.931075,1752.575255,116.4,5.775610,3.2,3.9
1740062353.649000,46.501290,12.931231,1752.480025,94.5,5.514010,3.6,3.9
1740062355.651000,46.501381,12.931323,1752.455163,33.1,5.371187,2.7,3.8
1740062358.641000,46.501493,12.931430,1750.443716,30.1,5.112466,5.3,4.0
1740062360.650000,46.501581,12.931471,1748.232012,18.1,5.529119,2.8,4.1
1740062362.648000,46.501675,12.931506,1748.308686,8.5,5.960226,2.5,3.9
1740062364.649000,46.501766,12.931552,1745.315100,13.2,5.348546,3.2,3.8
1740062367.649000,46.501900,12.931513,1748.619296,343.4,5.469976,3.0,3.8
1740062369.648000,46.501987,12.931466,1747.462544,336.2,4.862309,2.7,3.8
1740062371.638000,46.502054,12.931377,1746.758614,314.1,5.211348,4.4,3.9
1740062373.650000,46.502124,12.931275,1744.807496,320.0,5.480637,2.7,3.9
1740062375.649000,46.502189,12.931182,1745.793064,312.3,5.809028,6.2,3.8
1740062377.651000,46.502280,12.931068,1743.101243,324.8,7.054744,2.6,3.8
1740062379.647000,46.502369,12.930951,1742.050190,314.1,7.274765,2.6,3.8
1740062381.650000,46.502456,12.930824,1741.834038,320.7,8.092281,2.5,3.8
1740062383.638000,46.502556,12.930689,1738.756314,314.0,7.809014,4.3,3.8
1740062385.650000,46.502644,12.930553,1737.891142,304.6,6.433285,3.2,3.8
1740062387.648000,46.502708,12.930379,1735.698984,299.0,7.038164,6.0,3.8
1740062389.651000,46.502792,12.930217,1734.071870,306.0,8.602971,2.6,3.8
1740062391.647000,46.502870,12.930029,1732.837647,303.2,7.601060,2.6,3.9
1740062393.649000,46.502920,12.929856,1731.071982,292.9,6.725657,2.6,3.9
1740062395.643000,46.502980,12.929684,1731.982380,302.3,7.478800,3.0,3.9
1740062397.645000,46.503093,12.929655,1731.648074,346.1,6.458281,2.9,3.8
1740062398.649000,46.503124,12.929782,1731.200366,61.5,8.335656,2.8,3.8
1740062400.650000,46.503157,12.929948,1728.905464,77.9,6.405973,4.0,3.8
1740062402.650000,46.503174,12.930117,1727.817050,85.9,6.548044,5.0,3.8
1740062404.651000,46.503171,12.930297,1725.144077,94.8,7.046033,2.8,3.8
1740062406.646000,46.503141,12.930472,1724.242929,110.5,8.204140,2.6,3.8
1740062408.650000,46.503078,12.930610,1722.917886,115.7,6.159348,2.6,3.8
1740062410.645000,46.503088,12.930806,1721.472771,78.5,8.125025,2.5,3.8
1740062412.650000,46.503099,12.931024,1717.963828,94.7,7.739757,5.4,3.8
1740062414.649000,46.503070,12.931177,1715.559461,96.2,6.644374,6.2,5.8
1740062416.648000,46.503070,12.931311,1710.621734,82.2,6.698346,6.5,8.7
1740062418.644000,46.503067,12.931465,1706.406762,100.4,6.394789,2.7,9.9
1740062421.647000,46.503033,12.931608,1701.258410,105.0,3.040207,2.6,10.1
1740062425.649000,46.503033,12.931747,1698.625374,81.6,3.212038,3.0,10.7
1740062428.648000,46.503117,12.931870,1694.461293,54.6,3.995880,2.7,11.4
1740062432.647000,46.503100,12.932031,1689.232437,127.9,3.757097,4.9,6.6
1740062435.644000,46.503130,12.932235,1683.521109,82.1,7.260974,5.4,4.6
1740062437.650000,46.503132,12.932407,1678.564207,89.8,6.677645,2.6,4.8
1740062439.647000,46.503144,12.932647,1674.338430,89.5,8.787287,2.5,5.7
1740062440.650000,46.503128,12.932808,1673.309129,96.0,10.267622,2.6,6.6
1740062441.650000,46.503110,12.932952,1672.508703,95.0,10.434648,2.7,6.5
1740062443.649000,46.503040,12.933170,1666.897393,108.8,8.188745,6.0,6.4
1740062445.648000,46.503011,12.933344,1664.435703,101.9,6.878264,3.5,5.5
1740062447.649000,46.502975,12.933534,1662.284837,98.3,8.610162,5.2,4.8
1740062449.649000,46.502887,12.933725,1654.819338,117.8,9.243708,2.7,4.5
1740062451.643000,46.502829,12.933918,1652.226556,98.4,8.228116,2.5,4.3
1740062453.649000,46.502838,12.934090,1645.373394,85.9,7.173404,2.8,4.0
1740062455.640000,46.502728,12.934181,1645.773106,132.4,5.399643,2.8,3.8
1740062457.647000,46.502695,12.934343,1642.790917,97.8,6.710386,3.0,3.8
1740062459.640000,46.502676,12.934578,1637.572576,99.3,8.816995,2.7,3.8
1740062461.648000,46.502550,12.934774,1632.252923,123.0,11.659170,3.1,3.8
1740062462.651000,46.502520,12.934908,1631.312967,96.5,10.349607,5.9,3.8
1740062464.645000,46.502505,12.935153,1627.212214,95.1,10.533457,6.1,3.8
1740062465.647000,46.502490,12.935291,1626.243435,98.0,11.236255,5.3,3.9
1740062466.644000,46.502473,12.935440,1623.995266,99.9,11.008861,2.6,4.0
1740062467.644000,46.502431,12.935560,1621.466869,108.8,10.475611,2.6,4.1
1740062468.647000,46.502402,12.935700,1620.557450,105.1,10.988214,2.6,4.3
1740062470.650000,46.502368,12.935960,1619.102840,102.0,10.766250,2.5,5.4
1740062471.643000,46.502360,12.936096,1616.694123,96.2,10.237561,4.9,5.8
1740062473.643000,46.502414,12.936353,1612.985939,72.1,10.749191,6.3,6.6
1740062475.649000,46.502426,12.936584,1611.337544,100.8,8.227291,6.5,6.5
1740062477.636000,46.502393,12.936743,1609.324920,85.8,4.806840,2.8,5.5
1740062479.649000,46.502391,12.936891,1606.355673,97.0,6.470886,2.6,4.5
1740062481.645000,46.502316,12.936972,1604.875191,131.0,5.090377,2.5,4.4
1740062483.645000,46.502245,12.937080,1605.357574,110.5,5.092646,3.0,4.2
1740062486.648000,46.502231,12.937277,1600.937243,110.7,6.133759,3.0,3.9
1740062488.650000,46.502186,12.937489,1600.900220,104.2,8.830760,5.4,3.8
1740062490.637000,46.502151,12.937756,1594.555207,98.3,10.317748,7.1,3.8
1740062491.650000,46.502153,12.937904,1593.042014,91.2,10.609742,6.7,3.8
1740062493.639000,46.502166,12.938136,1588.142028,82.2,9.764694,9.3,3.8
1740062495.647000,46.502189,12.938364,1585.932731,91.8,9.419574,2.8,4.0
1740062497.650000,46.502201,12.938528,1581.714816,76.3,9.338758,2.6,4.4
1740062499.649000,46.502236,12.938736,1580.626128,75.2,8.100433,2.6,5.1
1740062501.645000,46.502237,12.938962,1579.047825,90.9,7.594584,3.0,6.0
1740062503.647000,46.502282,12.939155,1576.649010,76.0,8.219300,2.7,6.5
1740062505.650000,46.502267,12.939370,1575.580345,93.8,8.715344,2.6,6.3
1740062507.646000,46.502184,12.939509,1571.384118,108.7,5.244192,2.7,5.9
1740062510.650000,46.502165,12.939697,1568.194312,103.5,6.085777,2.5,5.0
1740062512.650000,46.502105,12.939842,1568.932093,113.9,5.805161,3.0,4.7
1740062514.651000,46.502063,12.939961,1566.584797,114.8,5.662557,3.2,6.9
1740062516.639000,46.502032,12.940137,1564.673833,105.6,7.556114,3.1,8.6
1740062518.648000,46.501950,12.940263,1560.984211,128.8,6.650706,6.4,10.7
1740062520.648000,46.501905,12.940403,1558.055010,116.6,5.908046,6.7,10.8
1740062522.648000,46.501815,12.940509,1555.896478,123.2,6.525076,9.4,10.7
1740062524.650000,46.501792,12.940678,1552.706701,91.6,6.959492,2.8,10.6
1740062526.646000,46.501747,12.940837,1550.366264,109.2,6.289276,2.6,10.5
1740062528.646000,46.501779,12.941013,1549.386253,79.4,7.130928,2.6,9.5
1740062530.650000,46.501872,12.941194,1545.773198,63.8,8.063710,4.1,7.2
1740062532.650000,46.501955,12.941412,1544.034364,65.8,9.651201,2.8,4.9
1740062534.644000,46.502080,12.941557,1539.570408,40.5,7.932169,2.7,4.5
1740062536.646000,46.502183,12.941715,1534.604211,48.2,8.596468,2.6,4.2
1740062538.650000,46.502278,12.941835,1531.793470,32.6,6.368063,2.7,4.0
1740062540.645000,46.502383,12.941919,1531.868576,20.3,6.889678,2.8,4.1
1740062542.645000,46.502493,12.941998,1530.518704,36.2,7.596389,6.1,4.2
1740062544.647000,46.502586,12.942105,1525.667750,32.3,6.781344,3.1,4.7
1740062546.643000,46.502681,12.942110,1522.815028,6.6,6.847570,5.5,5.0
1740062547.641000,46.502782,12.942038,1518.620271,348.2,11.356793,6.6,5.1
1740062549.648000,46.502929,12.942059,1515.770276,6.5,9.286867,6.8,5.1
1740062551.641000,46.503083,12.942091,1513.609454,9.5,9.236479,9.2,5.7
1740062552.647000,46.503210,12.942085,1511.939217,2.1,11.439800,6.0,6.0
1740062554.642000,46.503385,12.942140,1509.116614,10.9,10.586955,2.7,6.3
1740062556.646000,46.503540,12.942182,1505.790106,8.1,9.919433,2.6,6.2
1740062558.647000,46.503689,12.942238,1504.269832,14.8,9.255724,2.8,5.8
1740062560.651000,46.503847,12.942248,1500.258843,2.0,9.264405,2.9,5.0
1740062562.644000,46.503994,12.942273,1498.873603,5.9,9.138906,2.6,5.0
1740062564.648000,46.504152,12.942243,1496.202082,352.4,9.428924,2.7,5.0
1740062565.645000,46.504238,12.942178,1492.125304,342.3,9.892729,2.6,5.0
1740062567.642000,46.504392,12.942176,1490.278896,355.8,8.649170,2.7,5.0
1740062569.647000,46.504512,12.942105,1489.538328,343.7,7.157420,2.8,4.9
1740062571.645000,46.504586,12.942005,1490.176976,326.9,5.636995,6.2,4.7
1740062585.643000,46.504602,12.941870,1487.552116,301.5,1.066571,2.9,3.8
1740062596.646000,46.504576,12.941742,1488.228366,269.8,0.979923,2.5,3.8
1740062621.649000,46.504539,12.941605,1489.265606,274.1,0.930924,2.6,3.0
1740062624.642000,46.504494,12.941436,1486.396260,247.1,3.801558,2.5,3.2
1740062626.636000,46.504446,12.941302,1488.359992,244.0,3.859854,2.5,3.4
1740062629.643000,46.504389,12.941144,1491.784919,246.8,4.084845,2.5,3.8
1740062632.646000,46.504348,12.941000,1494.955844,243.0,3.988729,6.3,3.8
1740062635.638000,46.504303,12.940854,1502.089002,243.2,4.190478,2.8,3.8
1740062638.638000,46.504255,12.940710,1503.261793,244.0,4.131518,3.0,3.8
1740062641.642000,46.504209,12.940568,1504.483933,246.9,3.939374,4.2,3.8
1740062644.643000,46.504170,12.940435,1508.983913,243.0,3.311530,2.9,3.8
1740062647.644000,46.504123,12.940309,1516.674045,243.0,3.679966,4.0,3.8
1740062650.642000,46.504080,12.940183,1523.913895,244.0,3.175058,2.8,3.8
1740062653.644000,46.504038,12.940057,1532.445453,244.0,3.869378,2.7,3.8
1740062656.644000,46.503997,12.939933,1542.149066,245.0,3.539976,2.4,3.8
1740062659.646000,46.503955,12.939802,1548.613271,245.0,3.381999,2.8,6.9
1740062662.645000,46.503919,12.939676,1554.630420,245.0,3.308094,6.5,9.9
1740062665.647000,46.503878,12.939551,1565.058425,244.1,3.274283,3.2,8.7
1740062669.649000,46.503824,12.939397,1575.353772,244.0,3.559025,3.0,3.8
1740062672.645000,46.503782,12.939272,1580.193544,242.0,3.570773,4.8,3.8
1740062675.651000,46.503733,12.939132,1587.560055,245.0,4.522360,4.5,3.8
1740062678.637000,46.503692,12.938990,1589.915730,244.0,4.448416,2.8,3.8
1740062681.651000,46.503647,12.938844,1594.774935,245.0,4.529426,2.7,3.8
1740062684.643000,46.503599,12.938695,1599.021858,243.0,4.219326,2.4,3.8
1740062687.644000,46.503548,12.938552,1602.015488,245.0,4.324178,2.6,3.8
1740062690.651000,46.503503,12.938409,1608.912323,244.0,3.814024,2.6,3.8
1740062693.643000,46.503459,12.938270,1611.735370,244.0,4.570387,2.6,3.8
1740062696.640000,46.503405,12.938115,1612.687346,245.0,3.854222,3.1,3.8
1740062699.644000,46.503359,12.937968,1613.040942,245.0,4.537186,3.0,3.8
1740062702.643000,46.503310,12.937817,1610.207206,244.0,4.108388,4.4,3.8
1740062705.647000,46.503261,12.937663,1610.837077,244.6,4.422682,3.9,3.8
1740062708.651000,46.503214,12.937512,1612.504391,245.5,4.153184,2.9,3.8
1740062711.648000,46.503161,12.937352,1615.428663,241.9,4.200634,2.5,3.8
1740062714.640000,46.503107,12.937205,1618.849206,243.9,4.120560,2.6,3.8
1740062717.642000,46.503052,12.937055,1621.847501,244.0,4.182616,2.7,3.8
1740062720.646000,46.503003,12.936912,1622.104799,244.0,4.217133,2.7,3.8
1740062723.643000,46.502953,12.936762,1622.461473,244.1,4.288142,3.2,3.8
1740062726.645000,46.502907,12.936621,1626.127881,246.1,3.968463,2.6,3.8
1740062729.639000,46.502859,12.936465,1628.460739,242.7,4.230606,2.6,3.8
1740062732.646000,46.502810,12.936314,1629.315983,244.5,4.204740,2.5,5.0
1740062735.638000,46.502763,12.936161,1629.388704,243.7,4.325587,2.5,7.9
1740062738.649000,46.502713,12.936014,1632.400024,243.8,4.253124,2.5,9.9
1740062741.650000,46.502667,12.935860,1632.400024,244.5,4.253028,2.5,9.9
1740062744.638000,46.502620,12.935708,1632.400024,244.7,4.271782,2.8,9.9
1740062747.646000,46.502573,12.935555,1635.093307,244.8,4.133407,3.1,9.9
1740062750.643000,46.502525,12.935406,1635.138697,245.0,4.370961,4.8,9.9
1740062753.644000,46.502480,12.935263,1637.309114,245.1,4.183228,2.9,9.9
1740062756.643000,46.502437,12.935121,1640.259127,245.0,4.227779,2.6,9.9
1740062759.643000,46.502387,12.934978,1643.967530,242.9,4.859067,2.7,9.9
1740062762.641000,46.502338,12.934825,1644.640535,246.9,4.176970,2.6,9.9
1740062765.642000,46.502292,12.934711,1649.478174,240.1,3.417234,2.7,9.9
1740062769.651000,46.502236,12.934568,1655.527135,240.4,2.804235,2.7,10.0
1740062773.638000,46.502183,12.934415,1664.461452,243.5,3.460413,3.3,9.9
1740062776.643000,46.502141,12.934280,1672.674728,246.4,3.120943,3.1,10.0
1740062779.638000,46.502094,12.934136,1678.133589,244.1,3.675889,3.1,10.0
1740062782.645000,46.502059,12.934011,1686.731628,246.8,3.138482,2.8,7.9
1740062785.645000,46.502010,12.933861,1693.879274,243.5,3.699168,2.8,3.8
1740062788.649000,46.501968,12.933727,1701.923860,245.9,3.584284,2.8,3.8
1740062791.644000,46.501928,12.933592,1708.711210,244.7,3.672058,2.8,3.8
1740062794.645000,46.501889,12.933466,1716.742785,242.5,3.336364,2.9,3.8
1740062797.650000,46.501847,12.933336,1725.105489,244.9,3.616450,2.5,3.8
1740062800.643000,46.501811,12.933209,1732.043731,246.7,3.746296,4.9,3.8
1740062803.642000,46.501765,12.933060,1738.265825,244.0,3.679824,3.1,3.8
1740062806.639000,46.501716,12.932922,1741.287957,244.8,4.016221,2.6,3.8
1740062809.645000,46.501672,12.932773,1743.268982,246.0,4.066541,3.1,3.8
1740062812.647000,46.501628,12.932628,1749.349801,246.1,4.127217,2.6,3.8
1740062815.647000,46.501580,12.932480,1753.743708,245.9,4.060903,2.5,3.8
1740062818.641000,46.501536,12.932339,1758.498359,246.1,3.975952,2.6,3.8
1740062821.638000,46.501495,12.932196,1764.050953,247.4,3.785993,2.4,3.8
1740062824.648000,46.501452,12.932056,1766.088159,243.8,3.889201,2.7,3.8
1740062827.648000,46.501403,12.931913,1765.449498,244.7,4.177694,4.8,3.8
1740062830.644000,46.501360,12.931768,1766.915086,246.1,4.457360,3.1,3.8
1740062833.640000,46.501314,12.931622,1768.280982,244.8,4.138942,2.8,3.8
1740062836.639000,46.501262,12.931474,1767.639932,243.4,4.290099,2.9,3.8
1740062839.646000,46.501208,12.931325,1769.748877,245.9,4.248307,2.6,3.8
1740062842.644000,46.501155,12.931184,1771.651702,242.6,4.046444,2.6,3.8
1740062845.647000,46.501110,12.931040,1773.324513,245.2,4.172718,2.6,3.8
1740062848.650000,46.501057,12.930883,1774.998234,245.1,4.357831,2.6,3.8
1740062851.638000,46.501008,12.930732,1776.861128,244.5,4.216901,2.6,3.8
1740062854.648000,46.500959,12.930586,1776.946890,245.3,4.269485,4.8,3.8
1740062857.641000,46.500911,12.930442,1781.287872,244.8,4.254361,3.0,3.8
1740062860.644000,46.500858,12.930293,1782.646598,244.6,4.272936,2.7,3.8
1740062863.648000,46.500811,12.930155,1783.350571,244.0,3.849044,2.9,3.8
1740062866.639000,46.500761,12.930018,1786.759538,243.6,4.198300,2.6,3.8
1740062869.648000,46.500714,12.929879,1789.549675,244.5,3.934840,2.7,3.8
1740062872.641000,46.500667,12.929715,1793.017151,245.3,4.336662,2.7,3.8
1740062875.644000,46.500620,12.929559,1795.024869,245.9,4.085659,2.7,3.8
1740062878.641000,46.500573,12.929414,1797.505541,243.6,4.084588,2.7,3.8
1740062881.645000,46.500529,12.929280,1796.344069,243.7,3.634722,3.8,3.8
1740062884.644000,46.500481,12.929144,1801.371745,243.2,4.037098,4.5,3.8
1740062887.648000,46.500434,12.928999,1806.547135,244.1,3.891710,3.0,3.8
1740062890.653000,46.500392,12.928858,1809.735815,244.9,4.173477,2.7,3.8
1740062893.644000,46.500345,12.928710,1810.717964,245.0,4.254209,2.8,3.8
1740062896.643000,46.500306,12.928558,1812.722154,253.6,3.333576,2.9,5.8
1740062905.644000,46.500286,12.928428,1814.097202,316.9,1.216021,3.2,9.9
1740062913.646000,46.500348,12.928313,1811.929147,331.0,1.201281,4.9,7.9
1740063033.648000,46.500426,12.928228,1811.182971,302.0,1.430709,3.2,3.8
1740063038.645000,46.500495,12.928125,1812.124014,313.3,2.137475,2.5,3.8
1740063058.638000,46.500512,12.928078,1804.270778,-1.0,0.000000,3.7,3.8
1740063058.638000,46.500512,12.928078,1804.270778,-1.0,0.000000,3.7,3.8
1740063068.648000,46.500546,12.928005,1809.075866,304.8,2.052557,2.7,3.8
1740063071.641000,46.500620,12.927908,1808.272153,321.8,4.397302,3.3,3.8
1740063073.641000,46.500689,12.927816,1806.898226,315.0,5.545674,3.1,3.8
1740063075.650000,46.500746,12.927673,1805.164820,302.1,5.869963,3.3,3.8
1740063078.642000,46.500822,12.927569,1800.916180,311.9,4.155570,2.8,3.8
1740063086.639000,46.500895,12.927491,1798.567618,301.0,2.009139,3.2,3.8
1740063090.643000,46.500982,12.927388,1796.162079,331.0,3.649076,2.5,3.8
1740063093.647000,46.501099,12.927300,1799.168237,343.0,5.458396,8.6,3.8
1740063096.642000,46.501200,12.927298,1798.649062,330.1,2.599101,3.7,3.8
1740063101.652000,46.501319,12.927291,1793.518692,3.0,3.837636,3.0,3.8
1740063104.651000,46.501462,12.927319,1795.733790,4.1,6.553548,3.2,3.8
1740063106.657000,46.501612,12.927367,1792.802424,14.9,8.852365,2.7,3.8
1740063108.651000,46.501773,12.927465,1787.076564,21.9,9.399050,2.7,3.9
1740063110.647000,46.501855,12.927581,1784.065978,41.4,6.519508,2.8,4.4
1740063113.650000,46.501867,12.927748,1782.235365,88.8,4.414876,3.0,4.6
1740063116.641000,46.501856,12.927955,1779.179038,97.1,6.241440,3.3,4.1
1740063118.653000,46.501851,12.928141,1777.553213,93.1,6.646442,3.4,3.9
1740063121.651000,46.501843,12.928287,1776.089005,76.0,7.088760,2.7,4.2
1740063124.654000,46.501876,12.928477,1774.828248,71.9,5.675869,6.1,4.3
1740063126.642000,46.501935,12.928607,1775.135049,77.5,5.054972,3.3,4.3
1740063129.653000,46.501952,12.928787,1770.883825,83.9,4.635099,3.7,4.0
1740063134.649000,46.501919,12.928946,1768.428711,152.3,4.432433,3.0,4.0
1740063139.645000,46.501866,12.929072,1767.924268,107.9,1.788492,2.6,3.9
1740063143.646000,46.501858,12.929207,1767.456871,93.0,2.637485,3.0,3.8
1740063146.648000,46.501864,12.929342,1765.855405,83.1,1.955417,3.2,3.8
1740063150.643000,46.501884,12.929491,1765.717384,87.8,4.296314,3.1,3.9
1740063152.655000,46.501855,12.929645,1765.919535,112.6,6.296637,4.3,3.8
1740063154.652000,46.501810,12.929799,1764.980242,119.7,6.433135,6.1,3.8
1740063156.649000,46.501747,12.929928,1764.569476,128.9,6.068795,3.3,3.8
1740063158.655000,46.501683,12.930064,1761.905551,122.2,6.428204,3.0,3.8
1740063160.654000,46.501628,12.930224,1759.216608,119.9,6.424230,3.4,3.9
1740063162.651000,46.501562,12.930381,1759.721943,123.0,6.817535,3.2,4.5
1740063164.653000,46.501496,12.930516,1757.978401,126.1,6.531096,2.6,5.5
1740063166.647000,46.501416,12.930658,1760.637275,127.8,6.540330,3.1,5.6
1740063168.642000,46.501365,12.930841,1756.411376,115.5,7.141772,2.7,5.3
1740063170.657000,46.501314,12.930993,1755.786500,116.1,6.803091,2.8,4.9
1740063172.648000,46.501299,12.931150,1755.033812,109.5,6.378075,2.8,5.2
1740063174.653000,46.501354,12.931282,1753.376143,60.8,5.845607,3.3,5.4
1740063176.643000,46.501417,12.931382,1753.114244,42.8,5.571846,3.2,5.3
1740063178.645000,46.501507,12.931449,1750.773829,36.8,5.204370,4.0,5.4
1740063181.651000,46.501628,12.931501,1753.916949,17.1,5.646872,2.8,5.0
1740063183.642000,46.501729,12.931550,1753.380365,16.8,5.943616,6.3,4.4
1740063185.657000,46.501823,12.931566,1752.396315,8.3,5.640193,6.7,3.8
1740063187.655000,46.501912,12.931537,1751.414265,349.3,4.946146,6.8,3.8
1740063189.651000,46.501991,12.931470,1750.206161,335.4,5.455794,4.1,3.9
1740063191.647000,46.502062,12.931377,1748.273280,329.2,5.380478,3.5,3.9
1740063193.653000,46.502142,12.931290,1747.203901,325.3,5.371097,3.4,4.2
1740063195.652000,46.502224,12.931190,1747.210484,317.0,5.952298,2.7,4.6
1740063197.653000,46.502304,12.931064,1745.870442,312.7,6.298162,2.5,4.7
1740063199.638000,46.502402,12.930911,1745.349222,311.2,7.794061,2.6,4.9
1740063201.637000,46.502496,12.930754,1744.013057,320.7,8.300526,2.8,5.5
1740063203.637000,46.502598,12.930609,1742.397230,317.6,8.266656,3.0,6.1
1740063206.639000,46.502698,12.930465,1738.968394,307.9,7.457271,3.3,5.9
1740063207.638000,46.502764,12.930367,1738.016861,308.0,8.489491,3.4,5.9
1740063209.642000,46.502847,12.930200,1736.890671,307.9,8.305254,3.6,5.9
1740063211.648000,46.502910,12.930000,1737.860044,300.8,8.212963,2.8,5.6
1740063213.644000,46.502980,12.929818,1737.526505,294.6,7.516321,6.2,5.9
1740063215.650000,46.503035,12.929674,1736.633499,294.1,7.234454,6.6,6.3
1740063217.651000,46.503077,12.929515,1735.489256,306.8,6.486728,6.8,7.2
1740063219.646000,46.503162,12.929363,1733.827070,315.4,7.893437,4.1,7.5
1740063221.652000,46.503265,12.929408,1730.845292,21.6,10.889722,3.5,7.3
1740063222.638000,46.503353,12.929492,1730.456649,23.8,9.802589,3.2,6.9
1740063224.652000,46.503475,12.929666,1731.227534,50.0,11.173144,3.7,6.0
1740063226.651000,46.503584,12.929848,1727.660034,50.0,10.165856,3.3,5.5
1740063227.647000,46.503644,12.929954,1723.181628,53.8,10.185178,2.5,5.7
1740063229.645000,46.503706,12.930178,1719.862660,65.8,8.338489,2.6,6.1
1740063232.645000,46.503754,12.930291,1715.910534,52.4,5.497911,2.8,7.2
1740063234.644000,46.503781,12.930417,1713.500146,74.8,5.356743,3.3,7.5
1740063237.640000,46.503751,12.930568,1711.344366,90.3,3.485261,3.4,6.7
1740063241.646000,46.503731,12.930715,1706.209504,126.4,2.429071,2.5,5.4
1740063244.644000,46.503622,12.930709,1705.156219,156.4,4.098304,2.7,5.1
1740063246.647000,46.503581,12.930854,1707.754886,100.0,7.060642,3.3,5.1
1740063247.650000,46.503587,12.931014,1705.172991,89.1,8.023749,6.8,5.3
1740063249.643000,46.503632,12.931276,1700.959394,78.1,9.686872,4.0,6.8
1740063251.644000,46.503695,12.931483,1694.926949,70.1,9.801785,3.0,8.7
1740063253.644000,46.503748,12.931709,1689.929620,61.2,11.423943,3.4,9.7
1740063254.648000,46.503806,12.931868,1687.240370,61.0,14.421340,2.6,9.7
1740063255.647000,46.503888,12.932035,1685.955120,59.1,15.155784,2.7,9.9
1740063256.647000,46.503961,12.932208,1681.895694,59.9,15.095682,2.6,10.6
1740063257.646000,46.504024,12.932388,1679.246346,60.1,15.120547,2.5,10.7
1740063258.640000,46.504089,12.932566,1675.802210,66.8,15.425322,2.5,10.3
1740063259.645000,46.504141,12.932742,1675.402337,77.8,13.837077,2.6,10.0
1740063260.648000,46.504167,12.932924,1674.207398,78.0,14.017134,2.7,9.3
1740063261.645000,46.504175,12.933074,1673.156115,85.9,12.290173,2.7,8.7
1740063262.646000,46.504173,12.933237,1672.912809,89.9,12.634775,2.8,7.2
1740063263.647000,46.504189,12.933386,1671.612177,82.2,10.738582,3.0,6.0
1740063265.637000,46.504191,12.933612,1668.051544,94.8,9.412963,3.3,5.4
1740063267.648000,46.504162,12.933791,1666.356638,95.1,5.840532,3.4,4.8
1740063269.646000,46.504133,12.933968,1664.926907,110.1,6.955839,3.6,4.6
1740063271.646000,46.504090,12.934126,1662.551134,108.2,5.524058,2.5,4.4
1740063274.647000,46.504014,12.934239,1665.790997,119.0,3.648577,5.9,4.1
1740063279.640000,46.503948,12.934332,1663.358831,127.4,0.480728,3.9,3.9
1740063285.647000,46.503967,12.934463,1660.705369,78.3,3.157901,2.7,3.8
1740063288.644000,46.504011,12.934593,1658.579742,91.8,2.055568,2.5,3.8
1740063292.649000,46.503964,12.934753,1657.520579,103.0,3.254496,2.7,3.8
1740063295.645000,46.503964,12.934908,1654.676201,98.0,4.121047,3.3,3.8
1740063299.651000,46.503972,12.935046,1650.831670,88.1,1.231871,3.6,3.8
1740063314.648000,46.503893,12.935120,1652.564228,178.1,1.910940,3.3,3.8
1740063317.642000,46.503787,12.935176,1651.113561,156.5,4.217196,3.2,3.8
1740063319.646000,46.503776,12.935358,1646.106556,106.0,4.392908,2.5,3.8
1740063321.650000,46.503767,12.935530,1644.773285,98.8,5.581532,2.7,3.8
1740063323.652000,46.503771,12.935771,1641.826703,90.2,8.590748,2.7,3.8
1740063325.643000,46.503767,12.935975,1640.710141,97.5,7.760992,3.3,3.8
1740063327.651000,46.503703,12.936123,1637.255840,114.4,6.100248,3.4,3.8
1740063331.639000,46.503604,12.936137,1635.798113,180.6,2.116302,3.0,3.8
1740063335.646000,46.503482,12.936152,1640.467749,180.1,3.435446,3.5,3.8
1740063337.653000,46.503368,12.936114,1634.592460,195.0,4.975712,6.6,3.8
1740063339.651000,46.503278,12.936001,1635.903185,213.1,5.461595,2.9,4.1
1740063341.648000,46.503196,12.935862,1633.719660,228.4,6.114890,3.2,4.8
1740063343.647000,46.503131,12.935699,1632.487539,238.6,6.081532,3.4,5.7
1740063345.652000,46.503079,12.935536,1630.793893,240.3,6.526748,3.4,6.7
1740063347.652000,46.502987,12.935401,1625.829472,224.6,7.184200,2.6,7.3
1740063349.637000,46.502896,12.935354,1623.885216,188.5,6.469217,2.6,6.9
1740063351.651000,46.502795,12.935394,1622.136134,160.2,5.329275,2.7,6.1
1740063353.649000,46.502725,12.935514,1623.040079,116.2,7.143564,2.5,6.6
1740063354.646000,46.502705,12.935643,1622.090759,110.3,9.020196,2.6,7.3
1740063356.652000,46.502669,12.935834,1618.481627,104.5,7.618666,3.3,8.7
1740063358.653000,46.502632,12.935965,1616.197253,108.7,6.764950,3.5,9.3
1740063360.649000,46.502664,12.936156,1617.479811,79.1,6.623323,2.6,9.1
1740063362.643000,46.502681,12.936290,1617.220203,76.0,6.849989,3.8,7.6
1740063364.650000,46.502707,12.936434,1618.635873,72.1,6.054419,3.5,5.3
1740063366.652000,46.502744,12.936568,1616.503734,68.0,6.011900,3.2,4.2
1740063368.651000,46.502783,12.936700,1618.882847,68.1,5.861108,3.5,3.9
1740063371.651000,46.502801,12.936897,1618.592120,80.6,5.353290,2.7,3.8
1740063373.654000,46.502827,12.937025,1617.792239,73.0,5.221602,3.6,4.0
1740063376.647000,46.502777,12.937140,1615.543357,115.9,0.760671,3.2,4.0
1740063382.651000,46.502794,12.937271,1614.875713,99.6,1.245335,3.1,3.9
1740063386.643000,46.502761,12.937397,1612.429317,117.4,1.923972,4.4,4.0
1740063391.649000,46.502747,12.937528,1612.351462,103.0,1.518414,3.2,4.2
1740063398.643000,46.502689,12.937639,1608.688422,174.5,0.429938,2.9,3.8
1740063439.644000,46.502643,12.937762,1603.471472,130.3,1.110920,2.8,3.8
1740063477.640000,46.502551,12.937767,1602.557949,151.8,0.620540,4.0,3.8
1740063504.036000,46.502554,12.937901,1603.143862,98.3,1.116089,3.7,3.0
1740063509.647000,46.502529,12.938035,1600.069192,130.3,2.021532,2.6,3.0
1740063514.243000,46.502467,12.938140,1598.422886,146.6,1.571525,2.8,3.0
1740063517.647000,46.502481,12.938276,1597.528098,92.7,3.083945,2.8,3.0
1740063520.650000,46.502468,12.938438,1594.051719,88.3,3.463932,3.2,3.0
1740063523.316000,46.502464,12.938592,1592.402639,94.2,3.604922,3.0,3.2
1740063525.651000,46.502443,12.938736,1590.482817,89.4,3.787068,2.9,3.7
1740063528.343000,46.502413,12.938872,1588.565162,104.2,3.531084,3.1,3.8
1740063531.219000,46.502396,12.939020,1587.357973,105.3,3.755768,4.0,3.7
1740063533.649000,46.502358,12.939146,1587.367351,67.9,3.580523,3.9,3.6
1740063536.647000,46.502340,12.939297,1582.993630,119.6,3.640235,3.8,3.8
1740063538.646000,46.502300,12.939414,1582.663549,123.8,6.198833,3.6,4.5
1740063540.651000,46.502237,12.939550,1582.631068,114.1,5.711518,2.5,6.3
1740063542.643000,46.502207,12.939714,1582.379920,100.5,7.789901,2.4,6.5
1740063544.646000,46.502167,12.939835,1579.656713,117.5,4.031804,2.7,6.4
1740063547.653000,46.502159,12.940041,1576.587457,92.8,6.894622,2.6,5.1
1740063549.652000,46.502116,12.940157,1573.390669,136.9,4.483744,3.2,4.5
1740063552.646000,46.502060,12.940309,1570.276292,94.3,5.749443,3.0,4.1
1740063555.652000,46.501965,12.940425,1567.675985,160.8,5.123968,3.1,3.8
1740063557.651000,46.501877,12.940462,1564.556879,159.7,5.449577,3.1,3.8
1740063559.651000,46.501887,12.940595,1564.326056,70.5,6.656177,3.3,3.8
1740063575.643000,46.501808,12.940737,1562.021732,135.0,4.227987,2.6,3.8
1740063577.647000,46.501755,12.940852,1558.878238,117.7,5.753567,3.7,3.8
1740063579.650000,46.501714,12.941017,1557.312771,111.9,6.420125,3.1,3.8
1740063581.648000,46.501733,12.941222,1555.792480,88.2,7.031791,2.9,3.8
1740063583.648000,46.501824,12.941353,1551.456013,54.9,6.733378,3.0,3.8
1740063585.650000,46.501887,12.941509,1549.832644,65.0,6.962311,3.0,3.8
1740063587.642000,46.501891,12.941664,1548.714554,91.4,6.042459,4.2,3.8
1740063589.649000,46.501921,12.941813,1546.948747,62.9,6.304183,3.6,3.8
1740063591.647000,46.502002,12.941917,1544.850368,41.3,6.294600,4.2,3.8
1740063593.652000,46.502075,12.942033,1544.649011,44.6,5.686288,2.7,3.8
1740063595.647000,46.502177,12.942048,1542.428013,352.3,5.337496,2.6,3.8
1740063597.651000,46.502276,12.942043,1541.357621,359.6,5.555917,2.5,3.8
1740063600.641000,46.502369,12.942140,1537.837054,37.9,3.926817,2.6,3.9
1740063604.645000,46.502468,12.942220,1534.753350,17.3,3.707107,2.6,3.9
1740063607.653000,46.502589,12.942176,1530.314131,5.9,5.197388,3.2,3.8
1740063609.651000,46.502690,12.942196,1527.659070,12.5,6.341928,3.0,3.8
1740063611.651000,46.502812,12.942166,1524.679427,357.6,6.640300,3.0,3.9
1740063613.648000,46.502950,12.942216,1523.357362,11.6,7.109339,3.2,3.9
1740063615.648000,46.503079,12.942219,1521.520633,353.7,7.438276,3.2,3.9
1740063617.651000,46.503220,12.942247,1521.902268,15.0,7.798572,3.4,3.8
1740063619.651000,46.503362,12.942270,1521.361737,360.0,8.241870,2.8,3.8
1740063621.653000,46.503517,12.942260,1518.981499,3.3,8.810033,2.7,3.8
1740063623.648000,46.503672,12.942320,1514.543130,10.1,8.657786,2.6,3.8
1740063625.650000,46.503814,12.942316,1512.602693,0.6,8.754164,3.0,3.9
1740063627.650000,46.503954,12.942351,1510.133123,9.9,8.540869,2.5,3.9
1740063629.646000,46.504112,12.942338,1506.681028,354.9,8.854541,2.5,4.0
1740063631.638000,46.504255,12.942377,1504.806316,12.2,7.665532,2.8,4.1
1740063633.648000,46.504378,12.942448,1502.924678,19.8,7.265687,2.5,6.3
1740063635.649000,46.504486,12.942526,1500.044456,20.7,6.834840,3.7,9.5
1740063637.651000,46.504602,12.942568,1498.695525,10.2,6.506688,3.6,10.8
1740063639.646000,46.504708,12.942601,1497.584278,10.1,6.434140,3.2,10.7
1740063641.648000,46.504813,12.942634,1499.475442,10.3,6.652987,3.3,10.7
1740063643.648000,46.504919,12.942698,1497.344576,20.4,6.465847,3.3,10.9
1740063645.644000,46.504998,12.942782,1499.504691,33.9,5.179481,3.5,10.8
1740063648.649000,46.505116,12.942807,1499.353297,9.5,4.804689,2.9,10.7
1740063650.647000,46.505183,12.942901,1498.037632,47.7,5.569911,2.8,10.6
1740063652.650000,46.505253,12.943010,1493.725262,36.3,5.726988,2.7,10.5
1740063654.651000,46.505353,12.943067,1490.696122,17.1,6.126433,3.0,10.4
1740063656.652000,46.505449,12.943161,1489.536374,34.0,6.344284,2.5,10.3
1740063659.652000,46.505573,12.943228,1485.460211,9.7,5.640621,2.7,10.1
1740063661.653000,46.505630,12.943337,1483.659038,57.9,5.118423,2.8,8.8
1740063663.645000,46.505690,12.943448,1480.328137,50.0,5.149461,3.2,6.9
1740063665.653000,46.505799,12.943475,1477.514897,14.3,5.559324,3.0,3.8
1740063667.654000,46.505894,12.943549,1475.713347,33.2,5.908186,4.4,3.8
1740063669.649000,46.505856,12.943687,1476.878037,89.9,4.176085,4.1,3.8
1740063672.649000,46.505895,12.943839,1471.568915,73.9,3.870039,3.4,3.9
1740063674.648000,46.505969,12.943942,1472.506564,61.9,4.725700,3.1,4.2
1740063676.652000,46.505970,12.944099,1471.097421,83.0,5.561945,3.1,5.2
1740063678.649000,46.506003,12.944250,1467.782879,66.1,6.664264,2.7,5.6
1740063680.653000,46.506017,12.944451,1463.504879,82.2,7.331180,3.0,5.8
1740063682.650000,46.506042,12.944648,1459.434023,78.3,8.185275,2.7,5.3
1740063684.652000,46.506075,12.944903,1457.546091,79.4,9.524311,3.1,4.8
1740063685.651000,46.506100,12.945035,1455.212583,77.4,9.803342,2.6,5.1
1740063686.652000,46.506118,12.945182,1452.085354,79.1,10.803561,2.7,5.0
1740063687.654000,46.506149,12.945331,1450.871753,73.5,11.597801,2.7,5.1
1740063688.653000,46.506185,12.945483,1448.666692,72.4,12.007279,2.5,5.1
1740063689.646000,46.506230,12.945639,1446.575717,70.2,12.354646,2.7,5.3
1740063690.648000,46.506270,12.945798,1444.483511,68.8,12.522814,2.8,5.3
1740063691.649000,46.506305,12.945959,1442.991763,68.4,12.559532,2.9,5.0
1740063692.648000,46.506340,12.946118,1440.227453,68.6,12.538487,2.8,5.0
1740063693.647000,46.506376,12.946280,1439.469246,69.1,12.574821,3.1,5.1
1740063694.651000,46.506404,12.946442,1437.179094,71.5,12.584177,3.5,4.9
1740063695.647000,46.506416,12.946579,1437.094267,76.2,11.882932,3.0,5.0
1740063697.646000,46.506400,12.946771,1433.350459,84.2,9.492370,4.4,5.1
1740063699.649000,46.506398,12.946948,1434.899610,82.9,7.681064,3.9,5.2
1740063701.649000,46.506400,12.947127,1433.483334,87.1,7.221609,3.2,4.8
1740063703.651000,46.506383,12.947271,1433.780203,91.8,6.443490,3.1,4.2
1740063705.655000,46.506370,12.947414,1434.527381,92.6,6.153079,2.9,4.0
1740063707.646000,46.506366,12.947558,1432.677526,91.9,5.928855,3.0,3.9
1740063709.649000,46.506409,12.947695,1431.118819,65.5,5.473822,2.7,3.8
1740063711.652000,46.506483,12.947789,1426.868532,46.7,5.690024,2.7,3.8
1740063713.652000,46.506498,12.947926,1425.384327,79.4,5.176184,2.7,3.8
1740063715.652000,46.506555,12.948053,1423.099480,47.8,6.084204,2.6,3.8
1740063717.651000,46.506621,12.948194,1421.114049,55.1,6.501337,2.6,3.8
1740063719.654000,46.506686,12.948332,1418.814709,55.8,6.378335,2.7,3.8
1740063721.653000,46.506781,12.948360,1416.866490,26.5,5.149657,2.8,3.8
1740063723.643000,46.506855,12.948268,1415.135814,308.7,5.486156,2.6,3.8
1740063725.637000,46.506894,12.948111,1412.575297,293.4,6.076621,3.1,3.8
1740063727.640000,46.506964,12.947986,1412.412092,303.0,6.223701,3.4,3.8
1740063729.647000,46.507001,12.947815,1411.902792,289.4,6.237584,3.8,3.8
1740063731.642000,46.507054,12.947672,1409.363643,299.0,6.259949,3.1,4.1
1740063733.646000,46.507116,12.947526,1409.985745,302.4,6.402004,3.6,4.2
1740063735.647000,46.507206,12.947433,1409.154938,318.2,5.902030,3.0,4.1
1740063737.645000,46.507295,12.947334,1407.705599,319.9,6.020036,2.8,4.1
1740063739.652000,46.507390,12.947235,1404.406410,327.7,6.488286,3.1,3.9
1740063741.648000,46.507506,12.947176,1403.147115,340.2,7.185126,2.8,3.8
1740063743.649000,46.507642,12.947098,1401.717116,337.7,7.943107,3.1,3.9
1740063745.647000,46.507793,12.947008,1399.938428,336.8,8.972728,2.6,3.9
1740063747.647000,46.507940,12.946958,1397.588774,344.4,8.325951,2.6,3.9
1740063749.655000,46.508056,12.946910,1395.523094,347.2,6.322969,2.8,3.8
1740063752.648000,46.508149,12.946796,1396.712485,320.8,4.666608,2.9,4.3
1740063755.654000,46.508245,12.946681,1393.580011,326.9,4.863893,3.5,4.5
1740063757.652000,46.508353,12.946532,1393.981833,320.0,6.631834,3.4,4.4
1740063759.654000,46.508456,12.946395,1390.825413,320.1,7.187334,4.2,4.6
1740063761.639000,46.508578,12.946226,1389.911000,318.3,8.716055,3.5,4.8
1740063763.653000,46.508712,12.946063,1388.180574,322.8,10.514990,2.9,5.1
1740063765.650000,46.508897,12.946060,1385.694103,350.0,10.971892,2.9,5.0
1740063766.648000,46.509001,12.946032,1384.800571,344.2,11.549994,2.9,4.8
1740063767.650000,46.509091,12.946021,1382.917409,350.8,10.031709,2.9,4.9
1740063769.647000,46.509255,12.946029,1378.499058,3.8,9.378730,3.0,5.4
1740063770.649000,46.509339,12.946133,1378.073911,15.5,9.100950,3.0,5.5
1740063772.653000,46.509451,12.946251,1377.346512,30.8,7.286263,3.4,5.8
1740063774.652000,46.509579,12.946413,1376.448790,29.8,7.786517,2.8,7.5
1740063776.649000,46.509671,12.946522,1376.736881,36.0,6.600417,2.8,9.4
1740063778.649000,46.509766,12.946648,1376.449393,33.6,6.375565,2.8,10.4
1740063780.654000,46.509864,12.946736,1374.362854,33.7,6.311266,2.8,11.1
1740063782.653000,46.509973,12.946826,1375.232653,36.8,6.820396,3.2,11.7
1740063784.652000,46.510097,12.946919,1373.753370,41.6,7.091898,3.2,11.9
1740063786.651000,46.510212,12.947034,1370.750517,41.0,7.847545,3.8,11.3
1740063788.653000,46.510336,12.947194,1371.428374,48.9,8.979380,3.7,10.7
1740063790.652000,46.510409,12.947361,1370.454728,61.1,6.422266,4.4,10.6
1740063792.642000,46.510454,12.947551,1370.012642,55.1,7.797574,3.7,10.5
1740063794.653000,46.510503,12.947743,1369.271086,68.5,7.679227,3.5,10.3
1740063796.653000,46.510539,12.947928,1368.278837,72.5,6.338443,2.9,10.2
1740063798.645000,46.510573,12.948121,1365.447115,70.8,7.786200,3.6,10.3
1740063800.651000,46.510650,12.948276,1364.498928,58.2,6.328480,3.4,9.2
1740063802.648000,46.510708,12.948415,1364.266257,61.0,5.817605,3.2,7.3
1740063804.652000,46.510764,12.948554,1365.284797,61.1,5.511763,2.8,4.0
1740063806.652000,46.510800,12.948679,1365.277365,67.8,4.838299,2.6,3.9
1740063809.650000,46.510883,12.948825,1363.647768,42.0,5.118165,2.5,4.0
1740063812.641000,46.510935,12.948966,1363.097773,75.0,4.591429,2.8,3.8
1740063814.646000,46.510912,12.949108,1362.099976,100.0,6.206881,5.6,3.8
1740063816.647000,46.510906,12.949259,1362.099976,70.7,5.870529,7.5,3.8
1740063818.646000,46.510969,12.949393,1359.357458,45.4,6.762578,7.3,3.8
1740063820.652000,46.511055,12.949528,1359.164880,56.7,7.586445,5.2,3.8
1740063822.648000,46.511066,12.949716,1358.432905,79.0,7.507938,4.0,3.8
1740063824.653000,46.511128,12.949892,1356.580128,58.3,7.688872,3.1,3.8
1740063826.653000,46.511211,12.950040,1355.083184,55.6,7.834820,3.9,3.8
1740063828.647000,46.511206,12.950234,1351.366146,90.0,7.250747,7.6,3.8
1740063830.645000,46.511257,12.950399,1349.848698,53.2,7.269598,7.5,3.8
1740063832.648000,46.511358,12.950548,1348.033275,44.9,7.916084,6.1,3.8
1740063834.647000,46.511409,12.950738,1347.258407,72.4,7.489487,10.2,3.8
1740063836.648000,46.511437,12.950930,1345.791078,77.2,7.141937,10.3,3.8
1740063838.645000,46.511453,12.951095,1345.329235,80.4,6.490205,6.2,3.8
1740063841.644000,46.511430,12.951253,1345.505069,96.5,2.445469,3.7,4.0
1740063855.646000,46.511520,12.951295,1345.959440,16.0,1.768474,5.4,3.8
1740063861.652000,46.511624,12.951277,1343.413326,20.8,2.631815,8.0,3.8
1740063881.642000,46.511703,12.951233,1345.295520,-1.0,0.000000,3.8,3.5
1740063881.642000,46.511703,12.951233,1345.295520,-1.0,0.000000,3.8,3.5
1740063887.459000,46.511706,12.951223,1343.145871,326.2,0.401554,8.4,4.0
1740063895.646000,46.511770,12.951130,1346.331948,314.7,1.093323,3.6,4.4
1740063903.642000,46.511857,12.951084,1348.010774,13.2,0.851198,3.3,5.6
