unixtime,latitudine,longitudine,altitudine,precisione_orizzontale,precisione_verticale,geometry,delta_tempo,distanza_orizzontale,distanza_verticale,distanza_reale,pendenza,velocita,delta_velocita,accelerazione,pendenza_radianti,accelerazione_max,distanza_percorsa,time_from_start,stato,time_from_start_minuti,velocita_kmh,impianti
1734859650.0,46.506102,12.932139,1754.914113,3.9,10.1,POINT (1439599.1283478339 5861826.690030443),6.0,14.470630477609319,0.22006899999996676,14.472303782890846,0.8712856688340621,2.4120506304818075,0.1643632106841637,0.02739386844736062,0.015206803646595327,0.14917299431980538,1632.10690654416,603.0,Discesa,10.05,8.683382269734507,Valvan-Cuel D'Ajar
1734859707.0,46.506047,12.932252,1754.809588,4.4,11.3,POINT (1439611.7074502937 5861817.794533346),57.0,15.40661180442752,-0.1045249999999669,15.406966371351318,-0.38871294652750044,0.27029765563774244,-2.141752974844065,-0.037574613593755524,-0.006784320762033541,-0.06655367612837465,1642.7184039966064,660.0,Discesa,11.0,0.9730715602958728,Valvan-Cuel D'Ajar
1734859711.0,46.505903,12.932426,1752.475198,5.0,16.9,POINT (1439631.0770416919 5861794.504547215),4.0,30.291987800470384,-2.334389999999985,30.381802144967413,-4.406672375154004,7.595450536241853,7.325152880604111,1.8312882201510277,-0.07691094200311614,-0.7537527165350584,1664.2989721345182,664.0,Discesa,11.066666666666666,27.343621930470672,Valvan-Cuel D'Ajar
1734859714.0,46.505864,12.932548,1750.189586,4.5,16.9,POINT (1439644.6580195685 5861788.196853254),3.0,14.974310107421244,-2.2856120000001283,15.14773862356235,-8.678391008787083,5.049246207854117,-2.546204328387736,-0.8487347761292453,-0.15146649687880673,-1.4802112894345827,1674.6178721322724,667.0,Discesa,11.116666666666667,18.177286348274823,Valvan-Cuel D'Ajar
1734859717.0,46.505811,12.932657,1750.178227,4.8,17.5,POINT (1439656.791844065 5861779.624866153),3.0,14.856266683463609,-0.011358999999856678,14.856271025969868,-0.043807953002157014,4.952090341989956,-0.09715586586416158,-0.0323852886213872,-0.0007645930184465745,-0.007500656780143749,1684.8503714042702,670.0,Discesa,11.166666666666666,17.82752523116384,Valvan-Cuel D'Ajar
1734859720.0,46.505774,12.932785,1747.996448,4.0,17.7,POINT (1439671.0407388867 5861773.640653695),3.0,15.454507510162232,-2.181779000000006,15.60775326517247,-8.03558775892113,5.202584421724157,0.25049407973420124,0.08349802657806708,-0.14024746372612606,-1.3713217800386306,1695.5011281903476,673.0,Discesa,11.216666666666667,18.729303918206966,Valvan-Cuel D'Ajar
1734859723.0,46.505678,12.932911,1746.00775,5.9,17.1,POINT (1439685.0669947267 5861758.114067395),3.0,20.92392733241665,-1.988698000000113,21.0182219692213,-5.429322489089369,7.006073989740433,1.8034895680162766,0.6011631893387589,-0.0947595535871834,-0.9282006541071798,1709.9028640160839,676.0,Discesa,11.266666666666667,25.221866363065562,Valvan-Cuel D'Ajar
1734859726.0,46.505552,12.932954,1743.945615,5.8,14.4,POINT (1439689.8537328306 5861737.735464486),3.0,20.93323477619885,-2.0621349999998984,21.034560108395077,-5.626060806421484,7.011520036131692,0.005446046391258896,0.0018153487970862987,-0.09819328498946224,-0.9617288997607901,1724.292781024566,679.0,Discesa,11.316666666666666,25.241472130074094,Valvan-Cuel D'Ajar
1734859729.0,46.505463,12.932898,1741.108903,4.6,10.3,POINT (1439683.619841346 5861723.34108296),3.0,15.686287723843503,-2.836712000000034,15.940720106888131,-10.250598101372391,5.31357336896271,-1.6979466671689822,-0.5659822223896608,-0.1789066871676277,-1.745726951693703,1735.0795057575262,682.0,Discesa,11.366666666666667,19.128864128265757,Valvan-Cuel D'Ajar
1734859736.0,46.505356,12.932908,1737.306263,4.6,10.6,POINT (1439684.733036254 5861706.035509402),7.0,17.341340175708183,-3.8026400000001104,17.753370104271234,-12.36816158603911,2.5361957291816046,-2.7773776397811054,-0.39676823425444363,-0.21586514209506638,-2.1012291289430305,1746.9984927382916,689.0,Discesa,11.483333333333333,9.130304625053776,Valvan-Cuel D'Ajar
1734859740.0,46.505357,12.933076,1734.308622,4.7,10.6,POINT (1439703.4347107075 5861706.197243576),4.0,18.702373787993057,-2.9976409999999305,18.94108330773851,-9.105991875295663,4.735270826934627,2.1990750977530227,0.5497687744382557,-0.1589295398837622,-1.5525436286944025,1759.8938210293297,693.0,Discesa,11.55,17.04697497696466,Valvan-Cuel D'Ajar
1734859744.0,46.505423,12.933431,1728.832277,4.1,10.6,POINT (1439742.953129939 5861716.871705681),4.0,40.93469921463302,-5.4763450000000375,41.29939411603399,-7.619925785688383,10.324848529008497,5.5895777020738695,1.3973944255184674,-0.1329927937178781,-1.300816769831088,1788.2602485230066,697.0,Discesa,11.616666666666667,37.16945470443059,Valvan-Cuel D'Ajar
1734859746.0,46.505468,12.933564,1727.713844,4.6,10.7,POINT (1439757.7586222147 5861724.149755455),2.0,16.49765468270375,-1.1184329999998681,16.535522441254333,-3.87834451629838,8.267761220627166,-2.0570873083813304,-1.0285436541906652,-0.0676898813360736,-0.6635307574331721,1799.6283655778795,699.0,Discesa,11.65,29.7639403942578,Valvan-Cuel D'Ajar
1734859749.0,46.505544,12.933697,1723.769228,11.0,11.1,POINT (1439772.56411449 5861736.441586531),3.0,19.24296527880395,-3.9446159999999963,19.643108412588635,-11.584577937870627,6.547702804196212,-1.7200584164309545,-0.5733528054769849,-0.20218902746973755,-1.9699877507778,1812.8791863306724,702.0,Discesa,11.7,23.571730095106364,Valvan-Cuel D'Ajar
1734859752.0,46.50564,12.933824,1720.743137,10.8,11.1,POINT (1439786.7016898207 5861751.968134559),3.0,20.998684003912143,-3.0260910000001786,21.21560644045882,-8.200359281846403,7.071868813486273,0.5241660092900613,0.1747220030966871,-0.1431232693146974,-1.3992507257954085,1827.3325923242955,705.0,Discesa,11.75,25.458727728550585,Valvan-Cuel D'Ajar
1734859755.0,46.505742,12.933846,1718.988952,4.0,10.9,POINT (1439789.1507186184 5861768.465121881),3.0,16.677779611371907,-1.7541850000000068,16.76977930026861,-6.0043483782305245,5.58992643342287,-1.481942380063403,-0.4939807933544677,-0.10479564863690446,-1.0261646585727238,1838.796083807256,708.0,Discesa,11.8,20.123735160322333,Valvan-Cuel D'Ajar
1734859758.0,46.50585,12.933882,1716.328441,5.6,10.8,POINT (1439793.1582202867 5861785.932553963),3.0,17.921251439287985,-2.660510999999815,18.11765911842095,-8.444208327928832,6.039219706140316,0.4492932727174459,0.14976442423914862,-0.14737923804668318,-1.4405620913499622,1851.1153736886895,711.0,Discesa,11.85,21.74119094210514,Valvan-Cuel D'Ajar
1734859761.0,46.505946,12.933946,1711.701228,6.0,10.8,POINT (1439800.2826676976 5861801.45918939),3.0,17.083154234358844,-4.627213000000211,17.698736077535692,-15.155709756289722,5.899578692511898,-0.13964101362841852,-0.04654700454280617,-0.264517035723883,-2.5647571290481905,1862.8631744855256,714.0,Discesa,11.9,21.238483293042833,Valvan-Cuel D'Ajar
1734859764.0,46.50604,12.933984,1710.433803,6.6,11.2,POINT (1439804.5128083478 5861816.662379814),3.0,15.7807189000782,-1.267425000000003,15.83153356860637,-4.591841802925159,5.277177856202123,-0.6224008363097742,-0.2074669454365914,-0.0801427581917566,-0.7853591186298783,1873.7117545678448,717.0,Discesa,11.95,18.997840282327644,Valvan-Cuel D'Ajar
1734859771.0,46.506033,12.934122,1707.652932,5.5,11.2,POINT (1439819.8748980772 5861815.530226432),7.0,15.403751885036563,-2.7808709999999337,15.652757445715695,-10.233498848310626,2.2361082065308135,-3.04106964967131,-0.4344385213816157,-0.17860824890206817,-1.7428459237682903,1884.332363511701,724.0,Discesa,12.066666666666666,8.049989543510929,Valvan-Cuel D'Ajar
1734859776.0,46.506014,12.93428,1703.696172,4.3,10.8,POINT (1439837.4633776224 5861812.457239408),5.0,17.854911424031428,-3.956760000000031,18.288078402544325,-12.495171653270297,3.657615680508865,1.4215074739780516,0.2843014947956103,-0.21808188595143,-2.1224655070704457,1896.6420582100923,729.0,Discesa,12.15,13.167416449831915,Valvan-Cuel D'Ajar
1734859778.0,46.505932,12.934351,1701.740153,4.3,10.6,POINT (1439845.3670614688 5861799.194886683),2.0,15.438854172457312,-1.9560189999999693,15.562269387424298,-7.220594350809193,7.781134693712149,4.123519013203284,2.061759506601642,-0.1260231453725229,-1.2330172362589837,1907.2620757458049,731.0,Discesa,12.183333333333334,28.012084897363735,Valvan-Cuel D'Ajar
1734859782.0,46.505863,12.934451,1698.186648,4.4,10.5,POINT (1439856.4990105482 5861788.03511757),4.0,15.762637372793861,-3.553504999999859,16.1582218926224,-12.704293694080196,4.0395554731556,-3.741579220556549,-0.9353948051391372,-0.22173175410205265,-2.1574084253611545,1918.11302029827,735.0,Discesa,12.25,14.54239970336016,Valvan-Cuel D'Ajar
1734859787.0,46.505782,12.934555,1697.010626,5.9,10.4,POINT (1439868.0762375905 5861774.934537125),5.0,17.48306020116311,-1.1760220000001027,17.522568925302526,-3.8482819134736888,3.5045137850605053,-0.5350416880950948,-0.10700833761901896,-0.0671651899350634,-0.6583952312689691,1930.1460028652841,740.0,Discesa,12.333333333333334,12.616249626217819,Valvan-Cuel D'Ajar
1734859790.0,46.505696,12.934616,1695.462119,6.4,10.0,POINT (1439874.866726529 5861761.025300237),3.0,15.478294829100832,-1.5485069999999723,15.55556121602877,-5.713076250683875,5.18518707200959,1.680673286949085,0.5602244289830284,-0.09971199099192656,-0.9765545234296504,1940.7908297854744,743.0,Discesa,12.383333333333333,18.666673459234527,Valvan-Cuel D'Ajar
1734859792.0,46.505597,12.934607,1693.651126,6.4,9.9,POINT (1439873.8648511118 5861745.013531531),2.0,16.043082355047027,-1.8109930000000531,16.144974050671944,-6.44046194619417,8.072487025335972,2.887299953326382,1.443649976663191,-0.11240726631049015,-1.1003945422421486,1951.8174475094174,745.0,Discesa,12.416666666666666,29.0609532912095,Valvan-Cuel D'Ajar
1734859794.0,46.505502,12.934641,1691.209913,6.0,9.9,POINT (1439877.6497137987 5861729.648730392),2.0,15.824105017886202,-2.4412130000000616,16.011302899154103,-8.769984005574823,8.005651449577051,-0.06683557575892074,-0.03341778787946037,-0.15306509624452141,-1.4957121029335985,1962.6954323834357,747.0,Discesa,12.45,28.820345218477385,Valvan-Cuel D'Ajar
1734859797.0,46.505375,12.934602,1687.682544,4.4,10.2,POINT (1439873.308253658 5861709.10845923),3.0,20.99407096214692,-3.527368999999908,21.28833830118783,-9.537604756928678,7.0961127670626105,-0.9095386825144409,-0.30317956083814696,-0.1664626057622789,-1.62546692937834,1977.126776382708,750.0,Discesa,12.5,25.546005961425397,Valvan-Cuel D'Ajar
1734859799.0,46.50528,12.93453,1684.95349,4.8,10.4,POINT (1439865.293250321 5861693.743720835),2.0,17.329612356445974,-2.7290539999999055,17.543181015984544,-8.949397392329582,8.771590507992272,1.6754777409296615,0.8377388704648308,-0.15619645056554593,-1.5260641565292887,1989.0457082965981,752.0,Discesa,12.533333333333333,31.57772582877218,Valvan-Cuel D'Ajar
1734859801.0,46.505179,12.934471,1683.888113,3.8,10.4,POINT (1439858.725400364 5861677.408607359),2.0,17.606038320172676,-1.065377000000126,17.638242925062517,-3.462861002278457,8.819121462531259,0.04753095453898659,0.023765477269493296,-0.06043832602866994,-0.5925390876180028,2001.1518908304197,754.0,Discesa,12.566666666666666,31.74883726511253,Valvan-Cuel D'Ajar
1734859803.0,46.505081,12.934424,1681.356289,3.8,10.6,POINT (1439853.4933842968 5861661.558724285),2.0,16.691098992744468,-2.531823999999915,16.88202945005638,-8.625277418873731,8.44101472502819,-0.3781067375030691,-0.18905336875153456,-0.1505394898572647,-1.4712208335779333,2012.6274677845568,756.0,Discesa,12.6,30.387653010101484,Valvan-Cuel D'Ajar
1734859805.0,46.504978,12.934335,1679.986758,3.8,10.7,POINT (1439843.5859496163 5861644.900204503),2.0,19.38204177272969,-1.3695310000000518,19.430366914698233,-4.041790052205019,9.715183457349116,1.274168732320927,0.6370843661604635,-0.07054254408533107,-0.6914485541617558,2025.9601055991084,758.0,Discesa,12.633333333333333,34.974660446456824,Valvan-Cuel D'Ajar
1734859807.0,46.504878,12.934224,1677.404756,5.0,11.0,POINT (1439831.229486138 5861628.726914524),2.0,20.353316644429754,-2.5820020000001023,20.516438110852132,-7.22986810977761,10.258219055426066,0.5430355980769495,0.2715177990384747,-0.12618500300055813,-1.2345924513379858,2039.965690213427,760.0,Discesa,12.666666666666666,36.92958859953384,Valvan-Cuel D'Ajar
1734859810.0,46.504789,12.934081,1674.358617,5.0,11.8,POINT (1439815.3107989547 5861614.332711465),3.0,21.46153963157789,-3.046138999999812,21.676638257928932,-8.078305376545941,7.225546085976311,-3.032672969449755,-1.010890989816585,-0.14099302680228698,-1.3785635592764307,2054.7424477045442,763.0,Discesa,12.716666666666667,26.01196590951472,Valvan-Cuel D'Ajar
1734859812.0,46.504671,12.933986,1671.314045,5.2,11.8,POINT (1439804.7354473295 5861595.248298801),2.0,21.818635812842825,-3.0445720000000165,22.0300314887803,-7.9437582163508935,11.01501574439015,3.7894696584138385,1.8947348292069193,-0.13864473585767514,-1.3557516399924934,2069.750003546605,765.0,Discesa,12.75,39.65405667980454,Valvan-Cuel D'Ajar
1734859814.0,46.504522,12.933913,1669.378651,5.2,11.4,POINT (1439796.6091245015 5861571.150243679),2.0,25.431346471297907,-1.9353940000000875,25.504884498433487,-4.351974499675253,12.752442249216744,1.737426504826594,0.868713252413297,-0.07595628398216607,-0.7444148645788612,2087.2351194539906,767.0,Discesa,12.783333333333333,45.908792097180275,Valvan-Cuel D'Ajar
1734859816.0,46.504408,12.93396,1666.344713,5.7,11.1,POINT (1439801.8411405687 5861552.712850133),2.0,19.165371713116638,-3.0339380000000347,19.404026713282363,-8.995454250081933,9.702013356641181,-3.050428892575562,-1.525214446287781,-0.1570002943764471,-1.5338533707350106,2100.410985337416,769.0,Discesa,12.816666666666666,34.92724808390825,Valvan-Cuel D'Ajar
1734859818.0,46.504271,12.933991,1666.112258,5.9,10.7,POINT (1439805.2920447832 5861530.5556827225),2.0,22.424290569686992,-0.2324549999998453,22.425495376485618,-0.5939190516505477,11.212747688242809,1.5107343316016273,0.7553671658008136,-0.01036584294162432,-0.10168709817619423,2115.824831952303,771.0,Discesa,12.85,40.365891677674114,Valvan-Cuel D'Ajar
1734859820.0,46.504133,12.934003,1663.678513,6.5,10.4,POINT (1439806.6278786727 5861508.236840615),2.0,22.358782730653086,-2.4337450000000445,22.490848803937478,-6.212166444986201,11.245424401968739,0.032676713725930284,0.016338356862965142,-0.10842275814692039,-1.0615445712222575,2131.1927003434707,773.0,Discesa,12.883333333333333,40.48352784708746,Valvan-Cuel D'Ajar
1734859823.0,46.504021,12.934069,1661.514613,5.5,10.3,POINT (1439813.974965065 5861490.123039395),3.0,19.54710907295177,-2.1639000000000124,19.66651815446429,-6.3170244438815475,6.555506051488096,-4.689918350480643,-1.5633061168268811,-0.11025287547469677,-1.0793908120020428,2144.6339661550687,776.0,Discesa,12.933333333333334,23.599821785357147,Valvan-Cuel D'Ajar
1734859826.0,46.503938,12.934204,1659.916632,5.1,10.8,POINT (1439829.003096322 5861476.699442921),3.0,20.150376457027107,-1.597981000000118,20.213639321910186,-4.534225706884948,6.737879773970062,0.18237372248196593,0.06079124082732198,-0.07913716761370966,-0.7755255429441273,2158.5084422141194,779.0,Discesa,12.983333333333333,24.256367186292223,Valvan-Cuel D'Ajar
1734859828.0,46.503832,12.934254,1658.57207,5.1,11.0,POINT (1439834.5690708617 5861459.556084454),2.0,18.024283955505574,-1.3445619999999963,18.07436469369089,-4.266205789786278,9.037182346845444,2.2993025728753826,1.1496512864376913,-0.07445933759941563,-0.7297713332410612,2170.9007859730636,781.0,Discesa,13.016666666666667,32.533856448643604,Valvan-Cuel D'Ajar
1734859831.0,46.503745,12.934357,1655.320254,4.6,10.6,POINT (1439846.0349784135 5861445.485617104),3.0,18.15062223275602,-3.2518159999999625,18.439614820653734,-10.15719754017346,6.146538273551244,-2.8906440732942,-0.9635480244314,-0.17727653985149588,-1.7299881407646822,2183.39212076742,784.0,Discesa,13.066666666666666,22.12753778478448,Valvan-Cuel D'Ajar
1734859834.0,46.503682,12.934523,1652.869688,4.7,10.9,POINT (1439864.5140138853 5861435.296672045),3.0,21.101880328015426,-2.4505659999999807,21.24369617317665,-6.624099768422583,7.0812320577255505,0.9346937841743062,0.3115645947247687,-0.11561235093956798,-1.1316322858332901,2197.931572357817,787.0,Discesa,13.116666666666667,25.492435407811982,Valvan-Cuel D'Ajar
1734859836.0,46.503582,12.93462,1650.619083,4.9,11.3,POINT (1439875.3120044922 5861419.123767625),2.0,19.446321979881713,-2.2506049999999505,19.576124780233073,-6.601711829837635,9.788062390116536,2.706830332390986,1.353415166195493,-0.11522160769852637,-1.1278245974552195,2211.310777555342,789.0,Discesa,13.15,35.23702460441953,Valvan-Cuel D'Ajar
1734859838.0,46.503481,12.934666,1648.155515,5.4,11.2,POINT (1439880.4327010687 5861402.789164356),2.0,17.118434431142767,-2.463568000000123,17.294795883847797,-8.18938880898864,8.647397941923899,-1.1406644481926378,-0.5703322240963189,-0.14293179844282877,-1.3973915761892373,2223.0801718580456,791.0,Discesa,13.183333333333334,31.130632590926037,Valvan-Cuel D'Ajar
1734859840.0,46.50337,12.934638,1647.147456,5.3,11.1,POINT (1439877.3157553265 5861384.837308638),2.0,18.220441116645937,-1.008059000000003,18.24830560442922,-3.1667017907962465,9.12415280221461,0.47675486029071124,0.23837743014535562,-0.055269372678195164,-0.5419165485479245,2235.604838983756,793.0,Discesa,13.216666666666667,32.846950087972594,Valvan-Cuel D'Ajar
1734859843.0,46.503284,12.934577,1644.797955,5.2,10.8,POINT (1439870.5252663882 5861370.928688867),3.0,15.47774027272045,-2.3495009999999183,15.655050268165642,-8.631529592552166,5.218350089388547,-3.9058027128260626,-1.3019342376086875,-0.15064861087335993,-1.4722791952235543,2246.249753348309,796.0,Discesa,13.266666666666667,18.78606032179877,Valvan-Cuel D'Ajar
1734859846.0,46.503164,12.934602,1643.022223,5.1,10.3,POINT (1439873.308253658 5861351.521349212),3.0,19.60586265949841,-1.7757320000000618,19.68611375459713,-5.175243205509182,6.562037918199043,1.3436878288104959,0.44789594293683194,-0.09032503352760077,-0.88488419487735,2259.7264110257997,799.0,Discesa,13.316666666666666,23.623336505516555,Valvan-Cuel D'Ajar
1734859849.0,46.503042,12.934653,1640.270021,4.4,10.3,POINT (1439878.9855476883 5861331.79059781),3.0,20.53129850701508,-2.7522019999998975,20.714942293739636,-7.634933416409869,6.904980764579879,0.3429428463808355,0.11431428212694517,-0.13325472628689147,-1.303363593156546,2273.8417661010785,802.0,Discesa,13.366666666666667,24.857930752487565,Valvan-Cuel D'Ajar
1734859851.0,46.502945,12.934717,1636.824089,4.3,10.9,POINT (1439886.109995099 5861316.103064766),2.0,17.229522451953454,-3.4459320000000844,17.570739633578114,-11.31002043708314,8.785369816789057,1.8803890522091784,0.9401945261045892,-0.19739709509494896,-1.9239140539877686,2285.6907382127984,804.0,Discesa,13.4,31.627331340440605,Valvan-Cuel D'Ajar
1734859853.0,46.502854,12.934845,1632.818955,4.3,11.7,POINT (1439900.3588899206 5861301.38592004),2.0,20.484759030045335,-4.005133999999998,20.872624436734828,-11.062784439086661,10.436312218367414,1.650942401578357,0.8254712007891785,-0.19308201290045632,-1.882387366240865,2299.792477089925,806.0,Discesa,13.433333333333334,37.570723986122694,Valvan-Cuel D'Ajar
1734859856.0,46.502731,12.935173,1626.68624,6.2,12.8,POINT (1439936.871682901 5861281.4935547775),3.0,41.5799260097047,-6.132714999999962,42.0297566046217,-8.390189941283332,14.009918868207235,3.573606649839821,1.1912022166132736,-0.14643643934310385,-1.4314128610343668,2328.4643029634426,809.0,Discesa,13.483333333333333,50.43570792554605,Valvan-Cuel D'Ajar
1734859858.0,46.502691,12.935372,1622.830235,6.0,12.6,POINT (1439959.0242615687 5861275.0245026015),2.0,23.077811371228368,-3.8560050000000956,23.397738186543226,-9.485759632074132,11.698869093271613,-2.311049774935622,-1.155524887467811,-0.1655577376324595,-1.616712211599866,2344.3733068379606,811.0,Discesa,13.516666666666667,42.11592873577781,Valvan-Cuel D'Ajar
1734859860.0,46.502631,12.935608,1620.140831,5.8,12.0,POINT (1439985.295661396 5861265.320933263),2.0,28.006172655387974,-2.6894039999999677,28.135006676356358,-5.485235315960551,14.067503338178179,2.3686342449065663,1.1843171224532831,-0.0957354165101831,-0.9377304773192411,2363.677215584494,813.0,Discesa,13.55,50.64301201744144,Valvan-Cuel D'Ajar
1734859862.0,46.502572,12.935827,1618.22512,5.8,11.4,POINT (1440009.6746298796 5861255.77910052),2.0,26.179776095693875,-1.9157109999998738,26.249773809619484,-4.185172187113288,13.124886904809742,-0.9426164333684373,-0.47130821668421863,-0.07304503442801907,-0.7159347370494996,2381.721523339114,815.0,Discesa,13.583333333333334,47.24959285731507,Valvan-Cuel D'Ajar
1734859864.0,46.502506,12.936007,1617.077582,4.7,11.5,POINT (1440029.7121382223 5861245.105198199),2.0,22.703170072327083,-1.1475380000001678,22.732152885163615,-2.8935684853343524,11.366076442581807,-1.7588104622279346,-0.8794052311139673,-0.0505022972010297,-0.49521696589278513,2397.365221671569,817.0,Discesa,13.616666666666667,40.917875193294506,Valvan-Cuel D'Ajar
1734859866.0,46.502519,12.936209,1611.429976,11.2,11.5,POINT (1440052.1986753626 5861247.20763248),2.0,22.584609415936033,-5.647605999999996,23.280035137465376,-14.039714296740385,11.640017568732688,0.2739411261508806,0.1369705630754403,-0.24503924051743992,-2.3798509981987936,2412.937746947204,819.0,Discesa,13.65,41.904063247437676,Valvan-Cuel D'Ajar
1734859868.0,46.502466,12.936341,1610.059954,11.2,11.4,POINT (1440066.8928481475 5861238.636172796),2.0,17.01142659968352,-1.3700219999998353,17.06650506802443,-4.604400888063248,8.533252534012215,-3.106765034720473,-1.5533825173602365,-0.08036195557845455,-0.7875025241799053,2424.6583145871446,821.0,Discesa,13.683333333333334,30.719709122443973,Valvan-Cuel D'Ajar
1734859870.0,46.502397,12.936441,1608.980105,5.4,11.0,POINT (1440078.0247972268 5861227.477115162),2.0,15.762133662047795,-1.0798489999999674,15.799080082177607,-3.9191562852521886,7.8995400410888035,-0.6337124929234115,-0.31685624646170574,-0.06840218107788078,-0.6705022466434384,2435.5096008981923,823.0,Discesa,13.716666666666667,28.438344147919693,Valvan-Cuel D'Ajar
1734859873.0,46.502354,12.936573,1607.178987,5.7,11.0,POINT (1440092.7189700115 5861220.522926985),3.0,16.25667392240549,-1.8011180000000877,16.356144810723066,-6.322160249023059,5.452048270241022,-2.4474917708477815,-0.8158305902825939,-0.110342512184157,-1.0802648047244674,2446.712708495574,826.0,Discesa,13.766666666666667,19.62737377286768,Valvan-Cuel D'Ajar
1734859875.0,46.502359,12.936749,1606.11904,6.3,11.0,POINT (1440112.3112003913 5861221.331553235),2.0,19.60891041508908,-1.0599469999999656,19.637536895186166,-3.0940752378041605,9.818768447593083,4.366720177352061,2.1833600886760305,-0.05400180020410913,-0.5295002181535602,2460.2337696929476,828.0,Discesa,13.8,35.3475664113351,Valvan-Cuel D'Ajar
1734859877.0,46.502358,12.936879,1605.926801,5.1,11.0,POINT (1440126.782734194 5861221.16982798),2.0,14.472437447220308,-0.1922389999999723,14.473714156940702,-0.7610214702404192,7.236857078470351,-2.5819113691227322,-1.2909556845613661,-0.013282330334063359,-0.13029582936010825,2470.213094445597,830.0,Discesa,13.833333333333334,26.052685482493263,Valvan-Cuel D'Ajar
1734859881.0,46.502396,12.93704,1602.426328,5.0,11.2,POINT (1440144.7051722119 5861227.315389792),4.0,18.94681277925535,-3.5004730000000563,19.267460281933456,-10.46751187221063,4.816865070483364,-2.4199920079869868,-0.6049980019967467,-0.18269254666167145,-1.7822608495111238,2483.2733120436187,834.0,Discesa,13.9,17.34071425374011,Valvan-Cuel D'Ajar
1734859886.0,46.502379,12.937391,1597.866576,5.2,10.7,POINT (1440183.7783134803 5861224.566058976),5.0,39.16974838475166,-4.559752000000117,39.43425575342154,-6.639918472400539,7.886851150684308,3.0699860802009438,0.6139972160401888,-0.11588843940738164,-1.1343225899761025,2510.5930513156154,839.0,Discesa,13.983333333333333,28.39266414246351,Valvan-Cuel D'Ajar
1734859893.0,46.502449,12.937527,1592.904443,6.0,11.7,POINT (1440198.9177642283 5861235.88683844),7.0,18.904047625519244,-4.962132999999994,19.54445651681286,-14.70779492311469,2.7920652166875515,-5.094785933996756,-0.7278265619995367,-0.2566994471164576,-2.4906563499540084,2523.613276322288,846.0,Discesa,14.1,10.051434780075185,Valvan-Cuel D'Ajar
1734859895.0,46.502458,12.937667,1591.189485,6.1,11.9,POINT (1440214.5024929394 5861237.342368285),2.0,15.65255046718268,-1.7149579999997968,15.746219135699338,-6.252622109116134,7.873109567849669,5.0810443511621175,2.5405221755810588,-0.10912884268706868,-1.0684303219085622,2534.4060251179485,848.0,Discesa,14.133333333333333,28.34319444425881,Valvan-Cuel D'Ajar
1734859898.0,46.502453,12.938012,1588.422922,6.2,11.6,POINT (1440252.9077172629 5861236.533740564),3.0,38.413736268811775,-2.766563000000133,38.51323155699603,-4.119338186741983,12.83774385233201,4.964634284482342,1.6548780948274473,-0.07189601436178063,-0.7046924377103135,2560.897371609224,851.0,Discesa,14.183333333333334,46.21587786839524,Valvan-Cuel D'Ajar
1734859900.0,46.502447,12.938217,1585.145922,6.2,11.4,POINT (1440275.7282128755 5861235.563387396),2.0,22.841116550644724,-3.2770000000000437,23.074993700543814,-8.164474395886307,11.537496850271907,-1.3002470020601038,-0.6501235010300519,-0.14249695990299105,-1.3931691777338515,2576.647124982581,853.0,Discesa,14.216666666666667,41.53498866097887,Valvan-Cuel D'Ajar
1734859903.0,46.502409,12.938401,1582.406198,5.1,11.0,POINT (1440296.2109991815 5861229.4178198185),3.0,21.384866978839426,-2.739724000000024,21.559652671108434,-7.300683672898248,7.186550890369478,-4.350945959902429,-1.4503153199674763,-0.12742096773866712,-1.2466199177696884,2591.3889630387625,856.0,Discesa,14.266666666666667,25.871583205330122,Valvan-Cuel D'Ajar
1734859905.0,46.502376,12.93854,1579.153259,4.6,11.1,POINT (1440311.6844084018 5861224.08088304),2.0,16.36793472239947,-3.2529389999999694,16.688046596724583,-11.240417656133857,8.344023298362291,1.1574724079928131,0.5787362039964066,-0.1961822973988396,-1.9122268987589621,2602.671492635807,858.0,Discesa,14.3,30.038483874104248,Valvan-Cuel D'Ajar
1734859913.0,46.502418,12.938675,1576.429604,11.6,11.1,POINT (1440326.7125396589 5861230.873348594),8.0,16.49188641047614,-2.723655000000008,16.71528085121733,-9.37781898261154,2.089410106402166,-6.254613191960125,-0.7818266489950156,-0.16367381790259625,-1.5984808025558368,2614.037172799955,866.0,Discesa,14.433333333333334,7.521876383047799,Valvan-Cuel D'Ajar
1734859928.0,46.502392,12.938801,1576.916277,4.9,10.1,POINT (1440340.7387954989 5861226.668488347),15.0,14.642974512813584,0.4866730000001098,14.651059797565408,1.9035782940813442,0.9767373198376939,-1.1126727865644723,-0.07417818577096483,0.03322370880121634,0.32586462658451676,2624.131438854787,881.0,Discesa,14.683333333333334,3.516254351415698,Valvan-Cuel D'Ajar
1734859931.0,46.50235,12.938995,1575.067352,4.8,10.1,POINT (1440362.3347767128 5861219.876026041),3.0,22.63899177908722,-1.8489250000000084,22.714367092860055,-4.668980354800007,7.571455697620018,6.594718377782324,2.198239459260775,-0.08148907990219315,-0.7985234268623532,2639.737465839822,884.0,Discesa,14.733333333333333,27.257240511432066,Valvan-Cuel D'Ajar
1734859935.0,46.50232,12.939126,1570.672966,5.0,10.7,POINT (1440376.9176300066 5861215.024270463),4.0,15.368771661269056,-4.39438599999994,15.984672993002462,-15.956798259609382,3.9961682482506156,-3.5752874493694025,-0.8938218623423506,-0.27849866770668463,-2.696891370806961,2650.3315008708337,888.0,Discesa,14.8,14.386205693702216,Valvan-Cuel D'Ajar
1734859948.0,46.502299,12.939272,1568.771188,6.6,10.6,POINT (1440393.1702756626 5861211.628043152),13.0,16.6036999118723,-1.9017780000001494,16.712259282478623,-6.534149656419156,1.2855584063445096,-2.710609841906106,-0.20850844937739277,-0.1140424253225705,-1.1163327390187845,2661.7789088512745,901.0,Discesa,15.016666666666667,4.628010262840235,Valvan-Cuel D'Ajar
1734859951.0,46.502238,12.939413,1566.838889,5.4,10.4,POINT (1440408.8663238643 5861201.762818878),3.0,18.538839746440903,-1.93229899999983,18.63926926061259,-5.95043976654337,6.21308975353753,4.927531347193021,1.6425104490643403,-0.10385476586778454,-1.016984782233643,2674.550698168091,904.0,Discesa,15.066666666666666,22.367123112735108,Valvan-Cuel D'Ajar
1734859953.0,46.502213,12.939559,1565.961552,5.4,10.6,POINT (1440425.11896952 5861197.719697374),2.0,16.747994575630866,-0.877337000000125,16.77095830645733,-2.9986755724137155,8.385479153228665,2.172389399691135,1.0861946998455676,-0.05233676193774498,-0.5131892771260063,2686.0970043591833,906.0,Discesa,15.1,30.187724951623196,Valvan-Cuel D'Ajar
1734859955.0,46.502208,12.93972,1564.551095,5.4,10.7,POINT (1440443.0414075379 5861196.911073296),2.0,17.940670483580615,-1.4104569999999512,17.99602862715187,-4.495225090453202,8.998014313575935,0.6125351603472691,0.30626758017363453,-0.0784564784466683,-0.7688687019047803,2698.4677731889146,908.0,Discesa,15.133333333333333,32.392851528873365,Valvan-Cuel D'Ajar
1734859958.0,46.502181,12.939894,1563.256792,6.1,10.5,POINT (1440462.410998936 5861192.544504561),3.0,19.855679123318644,-1.2943030000001272,19.89781932031752,-3.729579303090668,6.63260644010584,-2.3654078734700947,-0.7884692911566983,-0.06509343855316768,-0.6381157766889721,2712.1570006848788,911.0,Discesa,15.183333333333334,23.877383184381024,Valvan-Cuel D'Ajar
1734859960.0,46.502211,12.94005,1561.846991,6.1,10.3,POINT (1440479.7768394996 5861197.396247734),2.0,18.030857724855917,-1.4098010000000158,18.085888674698772,-4.47076034904055,9.042944337349386,2.4103378972435463,1.2051689486217732,-0.0780294881583685,-0.764692742433377,2724.587179506637,913.0,Discesa,15.216666666666667,32.55459961445779,Valvan-Cuel D'Ajar
1734859962.0,46.502142,12.940203,1559.998741,6.5,10.4,POINT (1440496.808721591 5861186.237242439),2.0,20.361935241054173,-1.84824999999978,20.445645864667203,-5.1865168219073094,10.222822932333601,1.1798785949842152,0.5899392974921076,-0.09052179525235492,-0.8868065415987273,2738.6141937902917,915.0,Discesa,15.25,36.802162556400965,Valvan-Cuel D'Ajar
1734859964.0,46.502092,12.940318,1557.489917,4.8,10.4,POINT (1440509.6104630323 5861178.151015568),2.0,15.141718823886416,-2.508824000000004,15.34815450810332,-9.407839900570877,7.67407725405166,-2.548745678281941,-1.2743728391409705,-0.16419778176545777,-1.6035519727799163,2749.0455981079645,917.0,Discesa,15.283333333333333,27.626678114585978,Valvan-Cuel D'Ajar
1734859966.0,46.501997,12.940404,1555.116388,5.9,10.6,POINT (1440519.1839392404 5861162.7872049995),2.0,18.102434142424457,-2.3735290000001896,18.257375545095645,-7.469814439439153,9.128687772547822,1.4546105184961622,0.7273052592480811,-0.1303728564812278,-1.275337708450466,2761.499421209776,919.0,Discesa,15.316666666666666,32.86327598117216,Valvan-Cuel D'Ajar
1734859968.0,46.501906,12.94054,1551.968572,6.1,10.6,POINT (1440534.3233899884 5861148.070316892),2.0,21.11373402587075,-3.1478159999999207,21.34709605742823,-8.479685723886984,10.673548028714116,1.5448602561662934,0.7724301280831467,-0.14799843541618665,-1.446570291196763,2776.0358038960876,921.0,Discesa,15.35,38.424772903370815,Valvan-Cuel D'Ajar
1734859970.0,46.501805,12.940685,1549.915881,6.1,10.7,POINT (1440550.4647161535 5861131.736217175),2.0,22.963998431154195,-2.0526910000000953,23.05555820810968,-5.107942528212474,11.52777910405484,0.8542310753407243,0.42711553767036214,-0.08915041511995102,-0.8734075544055957,2791.8450719099947,923.0,Discesa,15.383333333333333,41.50000477459743,Valvan-Cuel D'Ajar
1734859972.0,46.501737,12.940885,1546.032802,5.6,10.6,POINT (1440572.7286143121 5861120.739018617),2.0,24.83182509065104,-3.8830789999999524,25.133599818826735,-8.887655600038213,12.566799909413367,1.0390208053585273,0.5195104026792636,-0.1551188530039791,-1.5156207333843736,2808.9571243694477,925.0,Discesa,15.416666666666666,45.240479673888125,Valvan-Cuel D'Ajar
1734859974.0,46.501796,12.941105,1542.964055,5.6,10.5,POINT (1440597.2189022866 5861130.280704811),2.0,26.28341645406678,-3.0687470000000303,26.46195738504462,-6.6594756066457865,13.23097869252231,0.6641787831089427,0.33208939155447137,-0.11622977579221574,-1.1376485734579205,2827.073203425355,927.0,Discesa,15.45,47.63152329308032,Valvan-Cuel D'Ajar
1734859976.0,46.501868,12.941318,1541.625594,4.5,10.4,POINT (1440620.9299538257 5861141.924810468),2.0,26.415888431757537,-1.3384609999998247,26.44977579276585,-2.9006270075108658,13.224887896382924,-0.006090796139385901,-0.0030453980696929506,-0.0506254916533349,-0.49642395885977564,2845.2769476188246,929.0,Discesa,15.483333333333333,47.60959642697853,Valvan-Cuel D'Ajar
1734859977.0,46.501924,12.941428,1540.526111,3.8,10.3,POINT (1440633.175097813 5861150.981347751),1.0,15.230378157494561,-1.0994830000001912,15.270012497950905,-4.1290270994811005,15.270012497950905,2.0451246015679807,2.0451246015679807,-0.07206511779001665,-0.7063470466346539,2855.767188310589,930.0,Discesa,15.5,54.97204499262326,Valvan-Cuel D'Ajar
1734859978.0,46.50199,12.941522,1536.091196,3.7,10.4,POINT (1440643.6391299476 5861161.6551358085),1.0,14.947431886992733,-4.434914999999819,15.591478155502465,-16.52566491767947,15.591478155502465,0.32146565755155976,0.32146565755155976,-0.2884272638948244,-2.790403559950095,2866.0574047886525,931.0,Discesa,15.516666666666667,56.12932135980888,Valvan-Cuel D'Ajar
1734859980.0,46.502088,12.941691,1533.953003,3.7,10.5,POINT (1440662.4521238916 5861177.504117739),2.0,24.5991660301585,-2.138193000000001,24.691918489346932,-4.96774130000394,12.345959244673466,-3.2455189108289986,-1.6227594554144993,-0.08670344207237216,-0.8494954873210739,2882.9972291852655,933.0,Discesa,15.55,44.44545328082448,Valvan-Cuel D'Ajar
1734859982.0,46.502192,12.941824,1530.039721,4.0,10.7,POINT (1440677.257616167 5861194.323476747),2.0,22.4074415972222,-3.913281999999981,22.746586885606543,-9.906345850670133,11.373293442803272,-0.9726658018701944,-0.4863329009350972,-0.17289835193547234,-1.6876948006776165,2898.4204351282615,935.0,Discesa,15.583333333333334,40.94385639409178,Valvan-Cuel D'Ajar
1734859984.0,46.502341,12.941972,1526.896606,4.0,11.1,POINT (1440693.7329008044 5861218.420499087),2.0,29.190777474553407,-3.14311500000008,29.359507173522516,-6.145641557270352,14.679753586761258,3.3064601439579864,1.6532300719789932,-0.1072616798217593,-1.0502205628917363,2918.50504954379,937.0,Discesa,15.616666666666667,52.84711291234053,Valvan-Cuel D'Ajar
1734859986.0,46.502529,12.942041,1523.481538,3.7,11.7,POINT (1440701.413945669 5861248.824889962),2.0,31.359614708282216,-3.4150680000000193,31.545017421084655,-6.2150299590617974,15.772508710542327,1.0927551237810693,0.5463775618905347,-0.10847273589571675,-1.0620319726819238,2940.06404544727,939.0,Discesa,15.65,56.78103135795238,Valvan-Cuel D'Ajar
1734859987.0,46.502642,12.942057,1519.888677,3.7,11.9,POINT (1440703.1950575218 5861267.099920172),1.0,18.361619989282065,-3.5928610000000845,18.70983000446889,-11.071314957120222,18.70983000446889,2.937321293926564,2.937321293926564,-0.1932308985270427,-1.8838207723737865,2952.6851502547,940.0,Discesa,15.666666666666666,67.35538801608801,Valvan-Cuel D'Ajar
1734859988.0,46.502755,12.942086,1518.26212,3.7,11.9,POINT (1440706.423322755 5861285.374988367),1.0,18.558012122335544,-1.6265569999998206,18.62915729728539,-5.009011896188616,18.62915729728539,-0.08067270718350272,-0.08067270718350272,-0.08742374986005576,-0.8565349422608289,2965.442072118651,941.0,Discesa,15.683333333333334,67.0649662702274,Valvan-Cuel D'Ajar
1734859989.0,46.502874,12.942109,1515.748672,3.5,11.9,POINT (1440708.983671043 5861304.62045523),1.0,19.415029696706526,-2.513448000000153,19.577047759371204,-7.37642138870381,19.577047759371204,0.947890462085816,0.947890462085816,-0.12874284024741395,-1.2594812651564713,2978.787537107729,942.0,Discesa,15.7,70.47737193373634,Valvan-Cuel D'Ajar
1734859990.0,46.502988,12.942112,1512.208894,3.8,11.6,POINT (1440709.3176295154 5861323.057328539),1.0,18.439897659286615,-3.539777999999842,18.776577269945843,-10.866480530581223,18.776577269945843,-0.8004704894253614,-0.8004704894253614,-0.1896558633625027,-1.849390423012842,2991.461999226682,943.0,Discesa,15.716666666666667,67.59567817180503,Valvan-Cuel D'Ajar
1734859991.0,46.503099,12.942118,1510.824918,3.7,11.8,POINT (1440709.9855464604 5861341.009058117),1.0,17.964150630791607,-1.3839760000000751,18.017383202184124,-4.405421636716359,18.017383202184124,-0.7591940677617188,-0.7591940677617188,-0.07688911249929799,-0.7535392019832777,3003.8094781556374,944.0,Discesa,15.733333333333333,64.86257952786285,Valvan-Cuel D'Ajar
1734859992.0,46.503202,12.942137,1508.538513,4.1,11.9,POINT (1440712.1006167852 5861357.667002136),1.0,16.791683102585242,-2.286405000000059,16.94663002610466,-7.7538767875703325,16.94663002610466,-1.0707531760794637,-1.0707531760794637,-0.13533067973706323,-1.3235453311631797,3015.351585360609,945.0,Discesa,15.75,61.00786809397678,Valvan-Cuel D'Ajar
1734859996.0,46.503474,12.942153,1502.791534,4.2,12.0,POINT (1440713.881728638 5861401.657064264),4.0,44.02610504509234,-5.74697900000001,44.39961365899423,-7.437094027059187,11.099903414748557,-5.846726611356104,-1.461681652839026,-0.12980177755258707,-1.2697827603411902,3045.6450819467054,949.0,Discesa,15.816666666666666,39.959652293094805,Valvan-Cuel D'Ajar
1734859998.0,46.503683,12.942173,1499.955244,4.2,12.4,POINT (1440716.108118454 5861435.458401239),2.0,33.87458033539901,-2.8362899999999627,33.99311303578272,-4.786163477521663,16.99655651789136,5.896653103142803,2.9483265515714017,-0.08353431122145463,-0.8185188826545778,3068.9610402441645,951.0,Discesa,15.85,61.187603464408895,Valvan-Cuel D'Ajar
1734859999.0,46.503792,12.942189,1497.838851,4.7,13.1,POINT (1440717.8892303065 5861453.086901266),1.0,17.71824970626534,-2.1163930000000164,17.844200514005127,-6.81154050013633,17.844200514005127,0.8476439961137672,0.8476439961137672,-0.11888380886032021,-1.163504933365052,3081.139687369529,952.0,Discesa,15.866666666666667,64.23912185041846,Valvan-Cuel D'Ajar
1734860000.0,46.50391,12.942249,1497.096027,4.7,13.7,POINT (1440724.5683997541 5861472.17100536),1.0,20.21915758804426,-0.7428239999999278,20.232798152137626,-2.104021742920288,20.232798152137626,2.3885976381324987,2.3885976381324987,-0.036722106947508715,-0.36016290901559744,3095.0417058476546,953.0,Discesa,15.883333333333333,72.83807334769546,Valvan-Cuel D'Ajar
1734860001.0,46.504031,12.942343,1495.677747,4.6,13.9,POINT (1440735.0324318886 5861491.740341557),1.0,22.19132460481966,-1.4182800000000952,22.23660059170184,-3.6568833889730628,22.23660059170184,2.0038024395642147,2.0038024395642147,-0.06382465549906845,-0.6256948647624245,3110.305207285998,954.0,Discesa,15.9,80.05176213012663,Valvan-Cuel D'Ajar
1734860004.0,46.504271,12.9425,1489.548489,12.5,14.8,POINT (1440752.5095919434 5861530.5556827225),3.0,42.56855451335251,-6.129257999999936,43.00755325506007,-8.193453897008169,14.335851085020023,-7.900749506681818,-2.633583168893939,-0.14300274761315293,-1.3980804865462788,3140.475112122024,957.0,Discesa,15.95,51.60906390607208,Valvan-Cuel D'Ajar
1734860005.0,46.504367,12.942532,1488.122524,5.3,15.0,POINT (1440756.0718156486 5861546.0818671705),1.0,15.929590115275893,-1.4259649999999056,15.993286636020757,-5.115297176703975,15.993286636020757,1.6574355510007344,1.6574355510007344,-0.08927877795145454,-0.8746617858078709,3151.4256042389447,958.0,Discesa,15.966666666666667,57.575831889674724,Valvan-Cuel D'Ajar
1734860009.0,46.504644,12.942559,1482.921573,6.2,14.0,POINT (1440759.0774418998 5861590.881532233),4.0,44.900376155340744,-5.200951000000032,45.20059369295378,-6.607303578712458,11.300148423238445,-4.693138212782312,-1.173284553195578,-0.11531920212733672,-1.1287756452179944,3182.800393224304,962.0,Discesa,16.033333333333335,40.68053432365841,Valvan-Cuel D'Ajar
1734860011.0,46.504771,12.942689,1482.216548,6.3,13.1,POINT (1440773.548975703 5861611.421527194),2.0,25.126016071051243,-0.7050249999999778,25.13590547112537,-1.607272730143791,12.567952735562685,1.2678043123242393,0.6339021561621196,-0.028052201118527468,-0.27515600175791605,3200.0882192393733,964.0,Discesa,16.066666666666666,45.24462984802567,Valvan-Cuel D'Ajar
1734860013.0,46.504884,12.942776,1480.434674,7.1,13.1,POINT (1440783.2337714022 5861629.697311084),2.0,20.683315607616624,-1.7818740000000162,20.75992821461947,-4.923891536943314,10.379964107309736,-2.187988628252949,-1.0939943141264745,-0.08593811933074484,-0.8420156254533837,3214.314128008444,966.0,Discesa,16.1,37.36787078631505,Valvan-Cuel D'Ajar
1734860017.0,46.50499,12.942686,1478.56935,7.4,12.3,POINT (1440773.2150172307 5861646.8410013),4.0,19.856524101214216,-1.8653240000001006,19.94394602397122,-5.366622285115684,4.985986505992805,-5.393977601316931,-1.3484944003292327,-0.09366522858617057,-0.9175129344016015,3227.972885988298,970.0,Discesa,16.166666666666668,17.949551421574096,Valvan-Cuel D'Ajar
1734860019.0,46.505098,12.942746,1477.657559,7.4,11.7,POINT (1440779.8941866783 5861664.308191748),2.0,18.700642947867287,-0.9117909999999938,18.72285794133202,-2.7913712743787924,9.36142897066601,4.375442464673205,2.1877212323366027,-0.04871861938349996,-0.4777406172726416,3240.8313024867807,972.0,Discesa,16.2,33.701144294397636,Valvan-Cuel D'Ajar
1734860021.0,46.505189,12.942859,1477.220535,7.3,11.8,POINT (1440792.473289138 5861679.025943974),2.0,19.36094133212629,-0.4370240000000649,19.36587305655524,-1.2930868866563354,9.68293652827762,0.32150755761161065,0.16075377880580533,-0.022568623686515785,-0.22137940424789895,3254.156234827179,974.0,Discesa,16.233333333333334,34.85857150179943,Valvan-Cuel D'Ajar
1734860023.0,46.505293,12.942963,1474.821659,6.2,12.5,POINT (1440804.0505161807 5861695.846262399),2.0,20.419483292198937,-2.398875999999973,20.55991011614028,-6.700381977789353,10.27995505807014,0.5970185297925195,0.29850926489625973,-0.11694372665371378,-1.1446048852871926,3268.2051577500365,976.0,Discesa,16.266666666666666,37.00783820905251,Valvan-Cuel D'Ajar
1734860025.0,46.50542,12.94311,1473.002931,6.4,13.2,POINT (1440820.4144813272 5861716.386502577),2.0,26.261774918696627,-1.8187279999999646,26.324676511179906,-3.9616257341869283,13.162338255589953,2.882383197519813,1.4411915987599064,-0.06914341279329958,-0.6777565404240541,3286.2774823532945,978.0,Discesa,16.3,47.38441772012383,Valvan-Cuel D'Ajar
1734860027.0,46.505518,12.943129,1469.979396,7.8,13.0,POINT (1440822.5295516523 5861732.236484492),2.0,15.990479955036465,-3.023535000000038,16.273819867770698,-10.707273448280661,8.136909933885349,-5.025428321704604,-2.512714160852302,-0.18687717558386432,-1.82261316587029,3297.2684591221714,980.0,Discesa,16.333333333333332,29.292875761987258,Valvan-Cuel D'Ajar
1734860029.0,46.505638,12.943255,1468.135028,7.1,12.7,POINT (1440836.5558074922 5861751.644664528),2.0,23.946049886871176,-1.8443680000000313,24.01697313368084,-4.404328775831306,12.00848656684042,3.8715766329550707,1.9357883164775354,-0.07687003847858755,-0.7533526385398982,3313.7447512857466,982.0,Discesa,16.366666666666667,43.230551640625514,Valvan-Cuel D'Ajar
1734860031.0,46.505762,12.94334,1466.004636,5.5,12.1,POINT (1440846.0179642094 5861771.699828909),2.0,22.17525711433777,-2.130392000000029,22.27735617528822,-5.487603025086115,11.13867808764411,-0.8698084791963101,-0.43490423959815505,-0.0957767408301537,-0.9381340117541976,3328.99475830191,984.0,Discesa,16.4,40.099241115518794,Valvan-Cuel D'Ajar
1734860034.0,46.505889,12.943367,1461.233249,4.8,11.7,POINT (1440849.0235904611 5861792.240246299),3.0,20.759155467358475,-4.771387000000004,21.30043824952267,-12.94432672187937,7.100146083174224,-4.038532004469886,-1.3461773348232953,-0.22592112075067933,-2.197480911973676,3343.2635259363155,987.0,Discesa,16.45,25.560525899427205,Valvan-Cuel D'Ajar
1734860036.0,46.505976,12.943414,1461.246842,4.6,11.4,POINT (1440854.2556065284 5861806.311268584),2.0,15.012250340210283,0.013593000000128086,15.012256494171446,0.051879052136606305,7.506128247085723,0.4059821639114993,0.20299108195574966,0.000905460272597579,0.00888256406044148,3353.5854639239988,989.0,Discesa,16.483333333333334,27.022061689508604,Valvan-Cuel D'Ajar
1734860038.0,46.506078,12.943523,1458.642857,4.4,11.6,POINT (1440866.3894310247 5861822.808357875),2.0,20.478858659160796,-2.603984999999966,20.643749413856728,-7.2465449954313685,10.321874706928364,2.815746459842641,1.4078732299213206,-0.12647606956419483,-1.237425059657671,3367.67636700838,991.0,Discesa,16.516666666666666,37.15874894494211,Valvan-Cuel D'Ajar
1734860040.0,46.506059,12.943701,1457.215447,3.7,11.5,POINT (1440886.2043003861 5861819.735368309),2.0,20.05174088916405,-1.427410000000009,20.102482732097386,-4.071808028376762,10.051241366048693,-0.2706333408796713,-0.13531667043983564,-0.0710664566043132,-0.6965752582213064,3381.500877892994,993.0,Discesa,16.55,36.1844689177753,Valvan-Cuel D'Ajar
1734860042.0,46.506038,12.943889,1454.833039,3.7,11.5,POINT (1440907.1323646551 5861816.338907404),2.0,21.20188248069954,-2.3824079999999412,21.335315526231568,-6.4113044093294596,10.667657763115784,0.6164163970670913,0.30820819853354564,-0.11189837129042933,-1.095433646212754,3396.1182488750324,995.0,Discesa,16.583333333333332,38.40356794721682,Valvan-Cuel D'Ajar
1734860044.0,46.506034,12.944087,1452.705481,4.3,11.3,POINT (1440929.173623832 5861815.69196262),2.0,22.050751543921823,-2.1275580000001355,22.153152071322385,-5.511101306747384,11.076576035661192,0.40891827254540836,0.20445913627270418,-0.09618686321370384,-0.9421387941908108,3411.3220636582328,997.0,Discesa,16.616666666666667,39.87567372838029,Valvan-Cuel D'Ajar
1734860047.0,46.506018,12.944446,1445.74518,6.4,11.7,POINT (1440969.1373210268 5861813.104183954),3.0,40.04739307250578,-6.960301000000072,40.647748792699275,-9.859609053512967,13.549249597566424,2.472673561905232,0.8242245206350773,-0.17208264094324308,-1.679811424692345,3438.948308704055,1000.0,Discesa,16.666666666666668,48.77729855123913,Valvan-Cuel D'Ajar
1734860048.0,46.506016,12.944585,1443.514818,5.2,11.9,POINT (1440984.610730247 5861812.780711676),1.0,15.476789951891478,-2.2303619999997863,15.636672979442016,-8.200444268304842,15.636672979442016,2.087423381875592,2.087423381875592,-0.14312475260821678,-1.3992651281230972,3449.6194482500687,1001.0,Discesa,16.683333333333334,56.29202272599126,Valvan-Cuel D'Ajar
1734860049.0,46.506011,12.944726,1442.061403,5.1,11.9,POINT (1441000.3067784489 5861811.972031029),1.0,15.716866530606532,-1.4534150000001773,15.783925642980119,-5.283392777450035,15.783925642980119,0.14725266353810262,0.14725266353810262,-0.09221259964259113,-0.9033241458751403,3460.45604351306,1002.0,Discesa,16.7,56.82213231472843,Valvan-Cuel D'Ajar
1734860051.0,46.506071,12.944927,1434.812009,7.2,11.8,POINT (1441022.6819960985 5861821.6762037),2.0,24.388959225300475,-7.249393999999938,25.443565895145362,-16.55409768496185,12.721782947572681,-3.062142695407438,-1.531071347703719,-0.2889235092993553,-2.7950702913685714,3477.2636166158645,1004.0,Discesa,16.733333333333334,45.79841861126165,Valvan-Cuel D'Ajar
1734860053.0,46.506133,12.945126,1432.001804,5.2,11.6,POINT (1441044.8345747662 5861831.703860044),2.0,24.316468357451953,-2.8102049999999963,24.478314597230487,-6.5923121223879635,12.239157298615243,-0.48262564895743765,-0.24131282447871882,-0.11505755185480536,-1.126225865775868,3494.0205883769436,1006.0,Discesa,16.766666666666666,44.06096627501488,Valvan-Cuel D'Ajar
1734860055.0,46.506217,12.945334,1428.695616,6.0,12.0,POINT (1441067.9890288515 5861845.289735272),2.0,26.845944753338262,-3.30618800000002,27.04876390504073,-7.02085728626939,13.524381952520365,1.2852246539051215,0.6426123269525608,-0.12253707595803492,-1.1990826787451068,3512.515584686097,1008.0,Discesa,16.8,48.687775029073315,Valvan-Cuel D'Ajar
1734860057.0,46.506342,12.945523,1424.903387,5.9,12.2,POINT (1441089.0284126112 5861865.506850368),2.0,29.178543689224956,-3.7922289999999066,29.423942846132125,-7.405016503588182,14.711971423066062,1.1875894705456975,0.5937947352728488,-0.12924191915213226,-1.2643365535523186,3532.603207516571,1010.0,Discesa,16.833333333333332,52.96309712303783,Valvan-Cuel D'Ajar
1734860059.0,46.506402,12.945679,1422.182449,5.2,12.1,POINT (1441106.394253175 5861875.211082129),2.0,19.89332884530781,-2.72093800000016,20.078546664223502,-7.788382884056726,10.039273332111751,-4.672698090954311,-2.3363490454771556,-0.13593292473276164,-1.3293990957803146,3546.3090749796565,1012.0,Discesa,16.866666666666667,36.141383995602304,Valvan-Cuel D'Ajar
1734860061.0,46.506454,12.945834,1420.848452,4.9,11.4,POINT (1441123.648774248 5861883.621424983),2.0,19.19511303406543,-1.333996999999954,19.241411392789182,-3.9754755476758,9.620705696394591,-0.41856763571716016,-0.20928381785858008,-0.06938513763946752,-0.6801221751801318,3559.5358156705543,1014.0,Discesa,16.9,34.63454050702053,Valvan-Cuel D'Ajar
1734860063.0,46.506532,12.945995,1418.92434,4.3,11.1,POINT (1441141.5712122656 5861896.236954353),2.0,21.917239008769386,-1.9241119999999228,22.001535690857267,-5.017127451279446,11.000767845428634,1.3800621490340426,0.6900310745170213,-0.08756539301701773,-0.8579191464277182,3574.6315726416997,1016.0,Discesa,16.933333333333334,39.602764243543085,Valvan-Cuel D'Ajar
1734860066.0,46.506618,12.94616,1415.282779,3.7,10.9,POINT (1441159.9389282467 5861910.146405152),3.0,23.040091403857648,-3.641561000000138,23.326096510450203,-8.981486824016685,7.775365503483401,-3.225402341945233,-1.0751341139817443,-0.15675651680357966,-1.5314912803347516,3590.499008629494,1019.0,Discesa,16.983333333333334,27.991315812540243,Valvan-Cuel D'Ajar
1734860068.0,46.506722,12.946264,1412.129655,3.8,11.3,POINT (1441171.516155289 5861926.967165747),2.0,20.419847525686574,-3.1531239999999343,20.66185770766181,-8.777979923710456,10.330928853830905,2.555563350347504,1.277781675173752,-0.1532046513427081,-1.497065117650536,3604.547815091292,1021.0,Discesa,17.016666666666666,37.19134387379126,Valvan-Cuel D'Ajar
1734860070.0,46.506861,12.946392,1410.433436,3.8,12.2,POINT (1441185.7650501106 5861949.448809483),2.0,26.61682379109693,-1.6962189999999282,26.67081677831154,-3.6463759525228183,13.33540838915577,3.0044795353248652,1.5022397676624326,-0.06364126613706761,-0.6238994676582502,3622.858048593322,1023.0,Discesa,17.05,48.007470200960775,Valvan-Cuel D'Ajar
1734860072.0,46.506963,12.946451,1406.009032,4.1,12.2,POINT (1441192.3329000676 5861965.946167358),2.0,17.7566739542068,-4.424404000000095,18.29958525954135,-13.99139626437509,9.149792629770674,-4.185615759385096,-2.092807879692548,-0.24419593176458035,-2.371824422489058,3635.0673441657186,1025.0,Discesa,17.083333333333332,32.93925346717443,Valvan-Cuel D'Ajar
1734860074.0,46.507061,12.946499,1401.923866,5.2,11.9,POINT (1441197.6762356255 5861981.79659918),2.0,16.726847396818954,-4.085165999999845,17.21847859376733,-13.724570499888227,8.609239296883665,-0.5405533328870096,-0.2702766664435048,-0.23953894364513362,-2.327469191993817,3646.5672437226126,1027.0,Discesa,17.116666666666667,30.993261468781196,Valvan-Cuel D'Ajar
1734860076.0,46.507159,12.946656,1398.293384,5.2,11.9,POINT (1441215.1533956802 5861997.647059579),2.0,23.594241213416872,-3.630482000000029,23.871921120622517,-8.74758259897204,11.935960560311258,3.3267212634275936,1.6633606317137968,-0.15267411794222482,-1.4919213346944713,3662.811662336597,1029.0,Discesa,17.15,42.96945801712053,Valvan-Cuel D'Ajar
1734860078.0,46.507328,12.9468,1392.061688,7.7,13.0,POINT (1441231.1834023544 5862024.981083927),2.0,31.687694788270978,-6.231696000000056,32.29464407654979,-11.12579669858975,16.147322038274893,4.211361477963635,2.1056807389818175,-0.1941817842979063,-1.8929745011307064,3684.913536786022,1031.0,Discesa,17.183333333333334,58.13035933778962,Valvan-Cuel D'Ajar
1734860085.0,46.507692,12.946835,1379.762576,6.0,13.6,POINT (1441235.079584532 5862083.854655778),7.0,59.002353326711074,-12.299111999999923,60.270605224094076,-11.774761725877752,8.610086460584869,-7.537235577690025,-1.0767479396700035,-0.20550836075437678,-2.0018761761457458,3727.4855360064776,1038.0,Discesa,17.3,30.99631125810553,Valvan-Cuel D'Ajar
1734860087.0,46.50782,12.94689,1378.873409,6.4,13.9,POINT (1441241.2021565256 5862104.55754397),2.0,21.589244250185214,-0.8891670000000431,21.607546951193797,-2.358430869630389,10.803773475596898,2.1936870150120296,1.0968435075060148,-0.041162383855723426,-0.4036889652352925,3742.327162355004,1040.0,Discesa,17.333333333333332,38.893584512148834,Valvan-Cuel D'Ajar
1734860089.0,46.507957,12.946988,1377.461637,4.8,13.7,POINT (1441252.1114666234 5862126.716157999),2.0,24.698526727400452,-1.411771999999928,24.738842387712854,-3.2714766786073315,12.369421193856427,1.5656477182595285,0.7828238591297643,-0.057098039443906276,-0.5598274609194316,3759.3124598007557,1042.0,Discesa,17.366666666666667,44.52991629788314,Valvan-Cuel D'Ajar
1734860091.0,46.508066,12.947043,1376.39661,4.3,13.1,POINT (1441258.234038617 5862144.3460440915),2.0,18.66276430370752,-1.0650270000001,18.693128522707717,-3.266152786253071,9.346564261353858,-3.0228569325025685,-1.5114284662512842,-0.057005119993302676,-0.5589174041846042,3772.1433193771177,1044.0,Discesa,17.4,33.64763134087389,Valvan-Cuel D'Ajar
1734860093.0,46.508176,12.947015,1375.548001,3.5,12.3,POINT (1441255.1170928748 5862162.1377081),2.0,18.06263156173474,-0.8486089999998967,18.082555023277457,-2.689862090543959,9.041277511638729,-0.3052867497151297,-0.15264337485756485,-0.04694694990456992,-0.4603804207581562,3784.5584667664334,1046.0,Discesa,17.433333333333334,32.54859904189942,Valvan-Cuel D'Ajar
1734860097.0,46.508235,12.94689,1374.469787,4.0,11.5,POINT (1441241.2021565256 5862171.680524539),4.0,16.87278279374006,-1.0782140000001164,16.907198012519014,-3.656375364326,4.226799503129754,-4.814478008508975,-1.2036195021272438,-0.06381578879629592,-0.6256080594885768,3796.179854055622,1050.0,Discesa,17.5,15.216478211267113,Valvan-Cuel D'Ajar
1734860101.0,46.508335,12.946775,1372.216391,5.0,11.6,POINT (1441228.4004150846 5862187.854813348),4.0,20.627462334932527,-2.253396000000066,20.75018062359642,-6.23441351807429,5.187545155899105,0.9607456527693516,0.2401864131923379,-0.10881104282123938,-1.0653311969179993,3810.3739657783713,1054.0,Discesa,17.566666666666666,18.675162561236778,Valvan-Cuel D'Ajar
1734860103.0,46.508447,12.946682,1370.011779,5.1,12.4,POINT (1441218.0477024405 5862205.970052137),2.0,20.864815731018748,-2.2046119999999974,20.980963980711454,-6.03158982639103,10.490481990355727,5.302936834456622,2.651468417228311,-0.10527110160031664,-1.0308031480289785,3824.725011126248,1056.0,Discesa,17.6,37.76573516528062,Valvan-Cuel D'Ajar
1734860105.0,46.508614,12.946572,1368.572545,5.6,14.1,POINT (1441205.8025584535 5862232.981236444),2.0,29.657168255233714,-1.4392339999999422,29.692070042790856,-2.778329676482919,14.846035021395428,4.355553031039701,2.1777765155198505,-0.0484910005604958,-0.4755103136848303,3845.1185480776667,1058.0,Discesa,17.633333333333333,53.445726077023544,Valvan-Cuel D'Ajar
1734860106.0,46.508706,12.946518,1366.936373,5.4,14.1,POINT (1441199.7913059506 5862247.861684805),1.0,16.048766310093068,-1.6361719999999877,16.13195458986797,-5.8211931817940235,16.13195458986797,1.2859195684725417,1.2859195684725417,-0.10159898741695055,-0.9949722602170583,3856.153276027198,1059.0,Discesa,17.65,58.075036523524695,Valvan-Cuel D'Ajar
1734860107.0,46.508789,12.946458,1365.462245,5.7,14.8,POINT (1441193.112136503 5862261.286458744),1.0,14.994527662521685,-1.4741280000000643,15.066814964766516,-5.614766524387094,15.066814964766516,-1.0651396251014535,-1.0651396251014535,-0.09799616258131329,-0.9598044254089457,3866.4650336253617,1060.0,Discesa,17.666666666666668,54.24053387315946,Valvan-Cuel D'Ajar
1734860108.0,46.508892,12.946399,1364.656786,5.5,14.8,POINT (1441186.544286546 5862277.946146473),1.0,17.90759191803278,-0.805458999999928,17.92569698794091,-2.5753500489387475,17.92569698794091,2.8588820231743934,2.8588820231743934,-0.04494833774537824,-0.44079473145813397,3878.777575369603,1061.0,Discesa,17.683333333333334,64.53250915658728,Valvan-Cuel D'Ajar
1734860109.0,46.508994,12.946338,1362.841937,6.6,14.5,POINT (1441179.7537976077 5862294.444120771),1.0,17.840793030521514,-1.8148490000000947,17.9328629295689,-5.808414959238032,17.9328629295689,0.007165941627988559,0.007165941627988559,-0.10137596536079589,-0.992795671272603,3891.0445716543477,1062.0,Discesa,17.7,64.55830654644804,Valvan-Cuel D'Ajar
1734860110.0,46.509102,12.946304,1361.01202,5.9,14.2,POINT (1441175.9689349208 5862311.912597891),1.0,17.87380425202557,-1.829917000000023,17.967233361500497,-5.845565128603834,17.967233361500497,0.034370431931598944,0.034370431931598944,-0.10202435813390266,-0.9991235383220428,3903.3303146714343,1063.0,Discesa,17.716666666666665,64.6820401014018,Valvan-Cuel D'Ajar
1734860111.0,46.509199,12.946285,1359.399231,6.0,14.1,POINT (1441173.8538645955 5862327.601907856),1.0,15.831233990292327,-1.6127889999997933,15.91317246855282,-5.81687485785701,15.91317246855282,-2.0540608929476765,-2.0540608929476765,-0.10152361844608197,-0.9942367005236648,3914.211116826276,1064.0,Discesa,17.733333333333334,57.28742088679016,Valvan-Cuel D'Ajar
1734860113.0,46.509372,12.946354,1357.246137,5.4,13.0,POINT (1441181.5349094605 5862355.583942546),2.0,29.017110738240657,-2.15309400000001,29.09688178083963,-4.243618266270139,14.548440890419815,-1.3647315781330054,-0.6823657890665027,-0.07406511094418736,-0.7259146288970695,3934.15784816795,1066.0,Discesa,17.766666666666666,52.37438720551134,Valvan-Cuel D'Ajar
1734860115.0,46.509514,12.946434,1356.873693,4.6,12.0,POINT (1441190.440468724 5862378.551921967),2.0,24.634063093943702,-0.3724440000000868,24.636878435579767,-0.8661926162039698,12.318439217789884,-2.230001672629932,-1.115000836314966,-0.01511791310922286,-0.14830107838354775,3951.0948486527736,1068.0,Discesa,17.8,44.34638118404358,Valvan-Cuel D'Ajar
1734860117.0,46.509644,12.94652,1356.082904,4.7,11.5,POINT (1441200.013944932 5862399.578997994),2.0,23.10388220470513,-0.7907889999999043,23.11741162352332,-1.9603281703265012,11.55870581176166,-0.7597334060282233,-0.37986670301411163,-0.03421418099179365,-0.33557563521104616,3966.981824030651,1070.0,Discesa,17.833333333333332,41.61134092234198,Valvan-Cuel D'Ajar
1734860119.0,46.509743,12.946634,1354.88537,3.8,11.4,POINT (1441212.7043668826 5862415.591958855),2.0,20.43188011007806,-1.1975340000001324,20.466944386345503,-3.354328467757875,10.233472193172751,-1.3252336185889089,-0.6626168092944544,-0.058544075955751375,-0.5739893712633938,3981.0410179381192,1072.0,Discesa,17.866666666666667,36.84049989542191,Valvan-Cuel D'Ajar
1734860121.0,46.509855,12.946761,1354.331886,3.6,11.4,POINT (1441226.8419422132 5862433.70766691),2.0,22.979336686764483,-0.5534840000000258,22.986001372616684,-1.379768582387744,11.493000686308342,1.2595284931355906,0.6297642465677953,-0.024081504678240776,-0.2362167282591678,3996.8527218260483,1074.0,Discesa,17.9,41.37480247071003,Valvan-Cuel D'Ajar
1734860123.0,46.509969,12.946853,1353.744538,3.7,11.4,POINT (1441237.0833353663 5862452.146908088),2.0,21.092457156874183,-0.58734800000002,21.100633321956877,-1.5950662844713173,10.550316660978439,-0.9426840253299034,-0.4713420126649517,-0.027839158451576987,-0.27306686923015244,4011.3594552480336,1076.0,Discesa,17.933333333333334,37.98113997952238,Valvan-Cuel D'Ajar
1734860125.0,46.510066,12.946979,1352.824441,3.9,11.5,POINT (1441251.1095912063 5862467.836468316),2.0,21.045145593157365,-0.9200969999999415,21.065249382017765,-2.5033860649921436,10.532624691008882,-0.017691969969556354,-0.008845984984778177,-0.043692329282657656,-0.428485388722934,4025.843250136194,1078.0,Discesa,17.966666666666665,37.91744888763198,Valvan-Cuel D'Ajar
1734860127.0,46.510159,12.947119,1351.139462,5.1,11.5,POINT (1441266.6943199174 5862482.87906266),2.0,21.660180368729858,-1.6849789999998848,21.725620079444244,-4.448169183711393,10.862810039722122,0.3301853487132398,0.1650926743566199,-0.07763519794151233,-0.760836465406041,4040.7537940161283,1080.0,Discesa,18.0,39.10611614299964,Valvan-Cuel D'Ajar
1734860129.0,46.510251,12.947244,1349.831365,4.9,11.4,POINT (1441280.6092562664 5862497.759934004),2.0,20.37316336666566,-1.3080970000000889,20.41511458028725,-3.673739701678568,10.207557290143624,-0.6552527495784979,-0.32762637478924894,-0.06411885365552526,-0.6285750451967494,4054.7760624026314,1082.0,Discesa,18.033333333333335,36.747206244517045,Valvan-Cuel D'Ajar
1734860131.0,46.51035,12.947422,1348.185523,5.3,11.3,POINT (1441300.4241256276 5862513.7730736965),2.0,25.476453650429637,-1.6458419999999023,25.529561032094797,-3.69631280135579,12.764780516047399,2.5572232259037744,1.2786116129518872,-0.06451282856727365,-0.6324319481914032,4072.3184859699645,1084.0,Discesa,18.066666666666666,45.95320985777064,Valvan-Cuel D'Ajar
1734860133.0,46.510421,12.947586,1346.452154,5.5,11.6,POINT (1441318.6805221175 5862525.257262545),2.0,21.56809231938653,-1.7333690000000388,21.637633289889664,-4.594830645560206,10.818816644944832,-1.9459638711025669,-0.9729819355512834,-0.08019492333656217,-0.7858692150932138,4087.174966104882,1086.0,Discesa,18.1,38.94773992180139,Valvan-Cuel D'Ajar
1734860135.0,46.510471,12.947743,1345.626364,5.5,11.6,POINT (1441336.1576821723 5862533.344728485),2.0,19.25767973847899,-0.8257900000000973,19.275376988114253,-2.455400342676186,9.637688494057127,-1.1811281508877052,-0.5905640754438526,-0.04285482043429648,-0.4202771185744519,4100.444501718716,1088.0,Discesa,18.133333333333333,34.69567857860566,Valvan-Cuel D'Ajar
1734860137.0,46.510519,12.947913,1344.4172,5.6,11.7,POINT (1441355.0819956071 5862541.108702784),2.0,20.455046709961767,-1.2091639999998733,20.490754341546662,-3.383002099114504,10.245377170773331,0.6076886767162044,0.3038443383581022,-0.05904452523142764,-0.5788902957051122,4114.540520162057,1090.0,Discesa,18.166666666666668,36.88335781478399,Valvan-Cuel D'Ajar
1734860139.0,46.510557,12.948062,1343.655902,5.9,11.5,POINT (1441371.6685997352 5862547.2551873),2.0,17.688830046219678,-0.7612980000001244,17.705204970540393,-2.4643947742993753,8.852602485270197,-1.3927746855031344,-0.6963873427515672,-0.04301180288046663,-0.42181569727251084,4126.731172960705,1092.0,Discesa,18.2,31.86936894697271,Valvan-Cuel D'Ajar
1734860141.0,46.51061,12.948182,1343.032233,5.0,11.5,POINT (1441385.0269386305 5862555.827922884),2.0,15.872523852225825,-0.6236690000000635,15.884771841642511,-2.2501291715868126,7.9423859208212555,-0.9102165644489411,-0.45510828222447053,-0.03927216263936232,-0.3851608918902792,4137.664121011265,1094.0,Discesa,18.233333333333334,28.59258931495652,Valvan-Cuel D'Ajar
1734860143.0,46.51066,12.948309,1342.581533,4.6,11.4,POINT (1441399.1645139614 5862563.915416946),2.0,16.28737536956806,-0.45069999999986976,16.2936100026732,-1.5850693624666798,8.1468050013366,0.2044190805153452,0.1022095402576726,-0.02766467924753099,-0.27135588732474475,4148.884418887073,1096.0,Discesa,18.266666666666666,29.328498004811763,Valvan-Cuel D'Ajar
1734860145.0,46.510702,12.948428,1342.408997,3.7,11.2,POINT (1441412.4115333657 5862570.708917707),2.0,14.887416689767091,-0.17253600000003644,14.888416449241731,-0.6639931067595312,7.444208224620866,-0.7025967767157351,-0.35129838835786753,-0.011588865923500035,-0.11368423000328963,4159.141533764185,1098.0,Discesa,18.3,26.799149608635116,Valvan-Cuel D'Ajar
1734860147.0,46.510746,12.948548,1342.062818,4.0,10.9,POINT (1441425.769872261 5862577.825924134),2.0,15.135950532352263,-0.34617899999989277,15.139908798201382,-1.3102010493329739,7.569954399100691,0.1257461744798256,0.0628730872399128,-0.02286732217394505,-0.2243088802755796,4169.569448339363,1100.0,Discesa,18.333333333333332,27.25183583676249,Valvan-Cuel D'Ajar
1734860150.0,46.51078,12.948745,1341.313802,4.1,10.6,POINT (1441447.699811947 5862583.325433048),3.0,22.608999379373973,-0.7490160000002106,22.621403093194484,-1.8974641359987197,7.540467697731494,-0.029486701369196844,-0.009828900456398948,-0.03311699661168712,-0.3248183558610749,4185.153931584843,1103.0,Discesa,18.383333333333333,27.14568371183338,Valvan-Cuel D'Ajar
1734860152.0,46.510758,12.948878,1340.382408,4.9,10.5,POINT (1441462.5053042227 5862579.766926888),2.0,15.227132613027502,-0.9313939999999548,15.25559118480702,-3.50023493969408,7.62779559240351,0.08732789467201574,0.04366394733600787,-0.06109062429100686,-0.5989263234255406,4195.650212194641,1105.0,Discesa,18.416666666666668,27.460064132652636,Valvan-Cuel D'Ajar
1734860155.0,46.510733,12.949059,1339.060662,5.0,10.5,POINT (1441482.6541320563 5862575.723171636),3.0,20.55060144144209,-1.3217459999998482,20.59306271766095,-3.680004353135431,6.864354239220316,-0.7634413531831941,-0.2544804510610647,-0.06422819244993738,-0.6296454508866414,4209.816757767165,1108.0,Discesa,18.466666666666665,24.71167526119314,Valvan-Cuel D'Ajar
1734860158.0,46.51075,12.949214,1337.824084,5.2,11.7,POINT (1441499.9086531291 5862578.4729250055),3.0,17.47225346209192,-1.2365780000000086,17.515957472934993,-4.0482905873693324,5.838652490978331,-1.0257017482419855,-0.3419005827473285,-0.07065599982709002,-0.6925587823985183,4221.8617807063365,1111.0,Discesa,18.516666666666666,21.01914896752199,Valvan-Cuel D'Ajar
1734860160.0,46.510857,12.949348,1336.948441,5.5,12.8,POINT (1441514.8254648955 5862595.7802159535),2.0,22.84849214348464,-0.8756430000000819,22.865265008180607,-2.1947228444036075,11.432632504090304,5.593980013111973,2.7969900065559865,-0.03830513980357816,-0.3756815338430366,4237.5855565447555,1113.0,Discesa,18.55,41.157477014725096,Valvan-Cuel D'Ajar
1734860162.0,46.510959,12.949422,1335.784836,5.6,13.4,POINT (1441523.0631072142 5862612.278786709),2.0,18.440758876272376,-1.1636049999999614,18.477433927059334,-3.610555487793871,9.238716963529667,-2.1939155405606368,-1.0969577702803184,-0.06301608108795298,-0.6177786967097709,4250.26683805421,1115.0,Discesa,18.583333333333332,33.2593810687068,Valvan-Cuel D'Ajar
1734860164.0,46.510985,12.949573,1334.692053,5.7,12.9,POINT (1441539.872350324 5862616.484309697),2.0,17.32735056279718,-1.092783000000054,17.361775606520112,-3.608690176188455,8.680887803260056,-0.5578291602696108,-0.2789145801348054,-0.06298352525886282,-0.6174599576079431,4262.210621505051,1117.0,Discesa,18.616666666666667,31.2511960917362,Valvan-Cuel D'Ajar
1734860166.0,46.511003,12.949726,1333.527386,5.9,11.6,POINT (1441556.9042324154 5862619.3958267905),2.0,17.278944972544654,-1.1646670000000086,17.318151996824465,-3.856122001371673,8.659075998412233,-0.021811804847823524,-0.010905902423911762,-0.06730202528252899,-0.6597345532072415,4274.122189089774,1119.0,Discesa,18.65,31.17267359428404,Valvan-Cuel D'Ajar
1734860168.0,46.511065,12.949841,1332.922773,3.9,11.6,POINT (1441569.7059738566 5862629.424393047),2.0,16.262125478633465,-0.6046129999999721,16.2733611144898,-2.129231182430761,8.1366805572449,-0.5223954411673333,-0.26119772058366664,-0.03716209466954882,-0.3644762436150045,4285.320242461029,1121.0,Discesa,18.683333333333334,29.292050006081638,Valvan-Cuel D'Ajar
1734860171.0,46.511143,12.949984,1330.415858,4.6,11.2,POINT (1441585.6246610403 5862642.040992652),3.0,20.312143836979015,-2.5069149999999354,20.466260285439283,-7.035837273268321,6.822086761813094,-1.3145937954318052,-0.43819793181060174,-0.12279852605307222,-1.2016282313919333,4299.306863506478,1124.0,Discesa,18.733333333333334,24.55951234252714,Valvan-Cuel D'Ajar
1734860174.0,46.511187,12.95015,1328.71149,4.1,10.7,POINT (1441604.1036965118 5862649.158056828),3.0,19.802205797499177,-1.7043680000001586,19.875417598781027,-4.919301567746059,6.625139199593676,-0.19694756221941834,-0.06564918740647278,-0.08585800925568762,-0.8412326431333447,4312.953473771007,1127.0,Discesa,18.783333333333335,23.850501118537235,Valvan-Cuel D'Ajar
1734860177.0,46.511194,12.950284,1328.352806,4.8,10.9,POINT (1441619.020508278 5862650.290317569),3.0,14.959722178247668,-0.35868399999981193,14.964021580518086,-1.3734976063898934,4.988007193506029,-1.637132006087647,-0.5457106686958824,-0.023972055499764746,-0.23514334171899332,4323.266946715329,1130.0,Discesa,18.833333333333332,17.956825896621705,Valvan-Cuel D'Ajar
1734860180.0,46.511237,12.950446,1326.233368,5.0,10.6,POINT (1441637.0542657864 5862657.245636749),3.0,19.328550767534857,-2.119438000000173,19.44440516470013,-6.257666760170005,6.481468388233377,1.493461194727348,0.49782039824244934,-0.10921688845757294,-1.0692889087575412,4336.587113819598,1133.0,Discesa,18.883333333333333,23.333286197640156,Valvan-Cuel D'Ajar
1734860182.0,46.511285,12.950576,1325.717454,4.6,10.5,POINT (1441651.5257995895 5862665.009720473),2.0,16.42273688148623,-0.5159139999998388,16.430838503677283,-1.7993332548169203,8.215419251838641,1.7339508636052647,0.8669754318026324,-0.03140428963718138,-0.30802544488923816,4347.901361843202,1135.0,Discesa,18.916666666666668,29.57550930661911,Valvan-Cuel D'Ajar
1734860184.0,46.511354,12.950741,1324.356468,5.5,10.5,POINT (1441669.8935155708 5862676.170602838),2.0,21.49274960387806,-1.360986000000139,21.53579737152068,-3.623304542012973,10.76789868576034,2.5524794339216985,1.2762397169608493,-0.06323859406059158,-0.6199572010116201,4362.706344363185,1137.0,Discesa,18.95,38.76443526873722,Valvan-Cuel D'Ajar
1734860186.0,46.511355,12.950903,1323.414469,5.6,10.4,POINT (1441687.927273079 5862676.33235486),2.0,18.03448290314549,-0.9419989999998961,18.05906796321028,-2.9900254353347595,9.02953398160514,-1.7383647041552006,-0.8691823520776003,-0.052185788564968354,-0.5117102504306787,4375.139792478747,1139.0,Discesa,18.983333333333334,32.5063223337785,Valvan-Cuel D'Ajar
1734860188.0,46.511326,12.95104,1322.467749,6.0,10.3,POINT (1441703.1780433177 5862671.641547416),2.0,15.95586623629448,-0.9467200000001412,15.983927743484154,-3.395587538849568,7.991963871742077,-1.0375701098630623,-0.5187850549315312,-0.05926418259261583,-0.5810413653669926,4386.137172313653,1141.0,Discesa,19.016666666666666,28.771069938271477,Valvan-Cuel D'Ajar
1734860191.0,46.511279,12.951155,1321.467582,6.1,10.1,POINT (1441715.979784759 5862664.039209632),3.0,14.88892621086516,-1.0001669999999194,14.92248162138176,-3.843083290245728,4.974160540460587,-3.01780333128149,-1.0059344437604967,-0.06707445684316483,-0.6575071438480146,4396.393497697561,1144.0,Discesa,19.066666666666666,17.906977945658113,Valvan-Cuel D'Ajar
1734861215.0,46.50156,12.944275,1556.620706,6.2,19.5,POINT (1440950.1016881012 5861092.114022161),15.0,14.674046291723467,-0.06306700000004639,14.674181817673253,-0.24624773604266703,0.9782787878448835,-0.4942907033303756,-0.03295271355535837,-0.004297833769526451,-0.042161619481593325,5674.957929575554,2168.0,Discesa,36.13333333333333,3.521803636241581,Cuel D'Ajar-Giro d'Italia
1734861308.0,46.50147,12.944255,1553.150496,7.1,10.8,POINT (1440947.8752982854 5861077.558974955),93.0,14.724340758437002,-3.470209999999952,15.127741675963033,-13.261384278788867,0.16266388898884981,-0.8156148988560337,-0.00877005267587133,-0.23145481903707935,-2.250353081722118,5685.0795347639205,2261.0,Discesa,37.68333333333333,0.5855900003598593,Cuel D'Ajar-Giro d'Italia
1734861313.0,46.501143,12.944262,1549.831683,4.7,10.6,POINT (1440948.654534721 5861024.675839579),5.0,52.88887611465837,-3.3188129999998637,52.9929026983864,-3.590641234698908,10.59858053967728,10.435916650688432,2.0871833301376865,-0.06266851180337041,-0.6143757724558466,5724.457061255613,2266.0,Discesa,37.766666666666666,38.15488994283821,Cuel D'Ajar-Giro d'Italia
1734861318.0,46.501119,12.944127,1547.962875,3.0,10.3,POINT (1440933.6264034638 5861020.794521072),5.0,15.521255182396015,-1.8688080000001719,15.633355550806096,-6.865543160261632,3.1266711101612192,-7.471909429516062,-1.4943818859032123,-0.1198263330843422,-1.1726853150894012,5735.157705755444,2271.0,Discesa,37.85,11.25601599658039,Cuel D'Ajar-Giro d'Italia
1734861323.0,46.501084,12.944003,1545.996282,3.0,10.4,POINT (1440919.8227866057 5861015.134267984),5.0,14.919058394717043,-1.9665929999998752,15.048115875837267,-7.50929275141818,3.0096231751674534,-0.11704793499376587,-0.023409586998753174,-0.13106188300839133,-1.2820393921192719,5745.4405275526515,2276.0,Discesa,37.93333333333333,10.834643430602833,Cuel D'Ajar-Giro d'Italia
1734861327.0,46.501024,12.943862,1544.894363,4.3,10.7,POINT (1440904.1267384037 5861005.430985456),4.0,18.45317373706254,-1.1019189999999526,18.486044640559957,-3.417321401890826,4.621511160139989,1.6118879849725358,0.40297199624313396,-0.05964351006186329,-0.5847559929765537,5758.153852367795,2280.0,Discesa,38.0,16.63744017650396,Cuel D'Ajar-Giro d'Italia
1734861330.0,46.500956,12.943758,1543.166461,4.7,10.9,POINT (1440892.5495113612 5860994.433944869),3.0,15.967688864601984,-1.7279020000000855,16.06090697931902,-6.176081715889136,5.3536356597730075,0.7321244996330183,0.24404149987767276,-0.10779296081448642,-1.055402328263752,5769.147883518314,2283.0,Discesa,38.05,19.273088375182827,Cuel D'Ajar-Giro d'Italia
1734861336.0,46.500963,12.943599,1542.040629,3.3,11.6,POINT (1440874.849712325 5860995.565992529),6.0,17.735963966575568,-1.1258319999999458,17.77166046029157,-3.6321111272817914,2.9619434100485953,-2.391692249724412,-0.3986153749540687,-0.0633922979693901,-0.6214620150253685,5781.377700600353,2289.0,Discesa,38.15,10.662996276174944,Cuel D'Ajar-Giro d'Italia
1734861338.0,46.501024,12.943475,1540.943963,6.7,12.1,POINT (1440861.0460954667 5861005.430985456),2.0,16.966376272971704,-1.0966660000001411,17.00178226397496,-3.698317385355888,8.50089113198748,5.538947721938884,2.769473860969442,-0.06454781515820816,-0.6327744522876939,5793.064416661809,2291.0,Discesa,38.18333333333333,30.603208075154928,Cuel D'Ajar-Giro d'Italia
1734861340.0,46.501086,12.943264,1538.596976,7.4,12.3,POINT (1440837.557682909 5861015.457710921),2.0,25.53900444453835,-2.346986999999899,25.646619582243545,-5.250627709018724,12.823309791121773,4.322418659134293,2.1612093295671464,-0.09164074131882351,-0.8977379025007901,5810.6663812807865,2293.0,Discesa,38.21666666666667,46.163915248038386,Cuel D'Ajar-Giro d'Italia
1734861342.0,46.501154,12.943083,1536.432983,6.9,12.2,POINT (1440817.4088550757 5861026.454777801),2.0,22.954536436924695,-2.1639930000001186,23.056313858423966,-5.385528180005006,11.528156929211983,-1.2951528619097896,-0.6475764309548948,-0.0939951987000252,-0.920735702174913,5826.483268703651,2295.0,Discesa,38.25,41.50136494516314,Cuel D'Ajar-Giro d'Italia
1734861344.0,46.501214,12.942935,1534.693924,4.9,12.2,POINT (1440800.9335704383 5861036.15808353),2.0,19.120385611937927,-1.7390589999999975,19.199309158266185,-5.196931712500078,9.599654579133093,-1.9285023500788903,-0.9642511750394451,-0.0907035693844337,-0.8885824301993068,5839.65703326673,2297.0,Discesa,38.28333333333333,34.55875648487913,Cuel D'Ajar-Giro d'Italia
1734861346.0,46.501292,12.94286,1533.510152,4.7,12.2,POINT (1440792.5846086286 5861048.772396987),2.0,15.126997960418754,-1.1837719999998626,15.173245646284673,-4.474595284861291,7.586622823142337,-2.013031755990756,-1.006515877995378,-0.07809642041504311,-0.7653473482677168,5850.064842256704,2299.0,Discesa,38.31666666666667,27.311842163312413,Cuel D'Ajar-Giro d'Italia
1734861348.0,46.501398,12.9428,1532.843436,4.7,12.1,POINT (1440785.9054391813 5861065.914954538),2.0,18.39778747299782,-0.6667159999999512,18.409864044208785,-2.0754291230350663,9.204932022104392,1.6183091989620557,0.8091545994810279,-0.0362230715887404,-0.35527062797929637,5862.716042104533,2301.0,Discesa,38.35,33.13775527957581,Cuel D'Ajar-Giro d'Italia
1734861350.0,46.501498,12.942809,1531.403119,2.9,11.8,POINT (1440786.9073145983 5861082.0872092815),2.0,16.20325824720407,-1.44031700000005,16.267147595263154,-5.07970391156377,8.133573797631577,-1.0713582244728155,-0.5356791122364077,-0.08865755828322264,-0.8685917237337218,5873.853599963888,2303.0,Discesa,38.38333333333333,29.280865671473677,Cuel D'Ajar-Giro d'Italia
1734861353.0,46.501597,12.942736,1528.538725,3.2,11.3,POINT (1440778.7809917706 5861098.097770778),3.0,17.95481000035189,-2.8643939999999475,18.18185785710503,-9.064214706357578,6.0606192857016765,-2.0729545119299004,-0.6909848373099668,-0.15820039073363074,-1.5454804102441488,5886.203023376166,2306.0,Discesa,38.43333333333333,21.818229428526035,Cuel D'Ajar-Giro d'Italia
1734861355.0,46.501685,12.942685,1525.441967,3.1,11.9,POINT (1440773.10369774 5861112.329405472),2.0,15.322241792590932,-3.0967580000001362,15.632050526440382,-11.426056597510767,7.816025263220191,1.7554059775185147,0.8777029887592573,-0.1994223081457834,-1.9433916189445093,5896.739458698587,2308.0,Discesa,38.46666666666667,28.137690947592688,Cuel D'Ajar-Giro d'Italia
1734861359.0,46.501996,12.942504,1521.079309,4.5,12.1,POINT (1440752.9548699062 5861162.6254808195),4.0,54.1818277512828,-4.36265800000001,54.35718207647121,-4.603458420679557,13.589295519117803,5.773270255897612,1.443317563974403,-0.08034550641951649,-0.787341678598996,5934.000473426858,2312.0,Discesa,38.53333333333333,48.92146386882409,Cuel D'Ajar-Giro d'Italia
1734861361.0,46.502103,12.94251,1519.944458,4.5,11.3,POINT (1440753.6227868511 5861179.929984841),2.0,17.317389308455496,-1.134851000000026,17.35453425629192,-3.749371878867685,8.67726712814596,-4.912028390971843,-2.4560141954859214,-0.0654388841679271,-0.6414973830809666,5945.903626994197,2314.0,Discesa,38.56666666666667,31.238161661325456,Cuel D'Ajar-Giro d'Italia
1734861363.0,46.502182,12.942446,1519.116366,3.7,10.7,POINT (1440746.4983394404 5861192.70622929),2.0,14.628402959288023,-0.8280919999999696,14.651822736430118,-3.2399704342119504,7.325911368215059,-1.3513557599309012,-0.6756778799654506,-0.05654815174426887,-0.5544417692005872,5955.9660585706815,2316.0,Discesa,38.6,26.373280925574214,Cuel D'Ajar-Giro d'Italia
1734861366.0,46.50228,12.942328,1518.167438,3.3,10.9,POINT (1440733.3626395268 5861208.5552671915),3.0,20.584912305457923,-0.9489280000000235,20.606772648150827,-2.639365427499771,6.868924216050275,-0.4569871521647837,-0.15232905072159456,-0.04606561687317869,-0.451743892114789,5970.133453161958,2319.0,Discesa,38.65,24.72812717778099,Cuel D'Ajar-Giro d'Italia
1734861369.0,46.502387,12.942333,1516.367887,5.5,10.7,POINT (1440733.9192369806 5861225.859861606),3.0,17.313543501238314,-1.7995509999998376,17.406813963815203,-5.933953856239292,5.802271321271735,-1.0666528947785405,-0.35555096492618016,-0.1035670324527899,-1.014177284062219,5982.033884451199,2322.0,Discesa,38.7,20.888176756578247,Cuel D'Ajar-Giro d'Italia
1734861372.0,46.502478,12.942298,1513.502885,7.5,10.4,POINT (1440730.0230548028 5861240.576879917),3.0,15.224022580333001,-2.865002000000004,15.491258825108213,-10.657817167947904,5.163752941702738,-0.638518379568997,-0.21283945985633235,-0.18601400065626839,-1.814292171947086,5992.500225751977,2325.0,Discesa,38.75,18.589510590129855,Cuel D'Ajar-Giro d'Italia
1734861376.0,46.5026,12.942288,1509.534813,4.9,10.2,POINT (1440728.909859895 5861260.307426632),4.0,19.76192492147268,-3.96807200000012,20.156370506594385,-11.35365789540378,5.039092626648596,-0.12466031505414144,-0.03116507876353536,-0.19815871241984592,-1.9312398681729852,6006.083589460411,2329.0,Discesa,38.81666666666667,18.140733455934946,Cuel D'Ajar-Giro d'Italia
1734861378.0,46.502709,12.942286,1507.320144,4.6,10.1,POINT (1440728.6872209134 5861277.935575492),2.0,17.6295547398153,-2.214668999999958,17.768116363410755,-7.160132390513756,8.884058181705377,3.844965555056781,1.9224827775283906,-0.12496788509315745,-1.2227465447456753,6018.201125738253,2331.0,Discesa,38.85,31.98260945413936,Cuel D'Ajar-Giro d'Italia
1734861380.0,46.502852,12.942328,1505.418915,4.7,10.2,POINT (1440733.3626395268 5861301.062466584),2.0,23.594758545297,-1.9012290000000576,23.671233650177744,-4.606851548071306,11.835616825088872,2.9515586433834944,1.4757793216917472,-0.08040472766444212,-0.7879207634732006,6034.420789036263,2333.0,Discesa,38.88333333333333,42.608220570319936,Cuel D'Ajar-Giro d'Italia
1734861382.0,46.503004,12.942368,1502.554542,3.0,10.4,POINT (1440737.8154191587 5861325.644962973),2.0,24.982521393080997,-2.864372999999887,25.14619271060488,-6.54069114971586,12.57309635530244,0.7374795302135677,0.36873976510678386,-0.11415659591859513,-1.1174454699119727,6051.593979503716,2335.0,Discesa,38.916666666666664,45.26314687908879,Cuel D'Ajar-Giro d'Italia
1734861384.0,46.503147,12.942462,1500.063115,3.2,10.6,POINT (1440748.2794512932 5861348.771979557),2.0,25.38414593021778,-2.491427000000158,25.506118346446247,-5.605566123873786,12.753059173223123,0.1799628179206838,0.0899814089603419,-0.0978355852998539,-0.9582367076802533,6069.050909979928,2337.0,Discesa,38.95,45.911013023603246,Cuel D'Ajar-Giro d'Italia
1734861386.0,46.503317,12.94246,1496.836447,3.2,11.2,POINT (1440748.0568123115 5861376.265714782),2.0,27.494636653995812,-3.226668000000018,27.68332406192353,-6.693402729307585,13.841662030961764,1.0886028577386409,0.5443014288693204,-0.11682191578839211,-1.1434180739710194,6087.948928492349,2339.0,Discesa,38.983333333333334,49.82998331146235,Cuel D'Ajar-Giro d'Italia
1734861387.0,46.503408,12.942446,1495.307612,3.1,11.3,POINT (1440746.4983394404 5861390.982984847),1.0,14.799556610214964,-1.5288349999998445,14.878313490318114,-5.897891654152697,14.878313490318114,1.0366514593563494,1.0366514593563494,-0.10293762829085926,-1.0080357131712654,6098.121512085775,2340.0,Discesa,39.0,53.56192856514521,Cuel D'Ajar-Giro d'Italia
1734861388.0,46.503503,12.942439,1494.163481,3.2,11.4,POINT (1440745.7191030048 5861406.347194167),1.0,15.383957144863182,-1.1441310000000158,15.426443957702888,-4.25335391020229,15.426443957702888,0.5481304673847749,0.5481304673847749,-0.0742350299856052,-0.7275769542724532,6108.69548152078,2341.0,Discesa,39.016666666666666,55.5351982477304,Cuel D'Ajar-Giro d'Italia
1734861389.0,46.503595,12.942436,1493.19305,4.2,11.5,POINT (1440745.3851445324 5861421.226243517),1.0,14.882796707477365,-0.9704309999999623,14.914401569015768,-3.7306832917593717,14.914401569015768,-0.5120423886871208,-0.5120423886871208,-0.06511270679034127,-0.6383043976619887,6118.924899745756,2342.0,Discesa,39.03333333333333,53.69184564845676,Cuel D'Ajar-Giro d'Italia
1734861390.0,46.503692,12.942454,1492.45977,4.4,11.5,POINT (1440747.3888953668 5861436.9139641225),1.0,15.815169780695632,-0.7332800000001498,15.832160141642975,-2.6546525807655197,15.832160141642975,0.9177585726272071,0.9177585726272071,-0.04633242803092301,-0.4543585168192324,6129.795689364954,2343.0,Discesa,39.05,56.99577650991471,Cuel D'Ajar-Giro d'Italia
1734861391.0,46.503792,12.942492,1491.708449,4.7,11.6,POINT (1440751.6190360168 5861453.086901266),1.0,16.716996912393455,-0.7513209999999617,16.73387190742218,-2.57334337345043,16.73387190742218,0.901711765779206,0.901711765779206,-0.04491331465108804,-0.44045150164741703,6141.288105307151,2344.0,Discesa,39.06666666666667,60.24193886671985,Cuel D'Ajar-Giro d'Italia
1734861393.0,46.503957,12.942588,1489.480938,4.5,11.9,POINT (1440762.3057071331 5861479.772312594),2.0,28.74571476357344,-2.2275110000000495,28.831890720586557,-4.4310062008789375,14.415945360293279,-2.317926547128902,-1.158963273564451,-0.07733564738162271,-0.7579066916481407,6161.054528782555,2346.0,Discesa,39.1,51.8974032970558,Cuel D'Ajar-Giro d'Italia
1734861395.0,46.504062,12.942673,1486.875985,3.8,12.4,POINT (1440771.7678638503 5861496.753980153),2.0,19.439893077005703,-2.604953000000023,19.613648895032853,-7.632191288500746,9.806824447516426,-4.609120912776852,-2.304560456388426,-0.13320686712636645,-1.3028982555342832,6174.426169896466,2348.0,Discesa,39.13333333333333,35.30456801105914,Cuel D'Ajar-Giro d'Italia
1734861398.0,46.50415,12.94271,1485.672683,3.4,12.4,POINT (1440775.8866850098 5861510.986260135),3.0,14.816291074865056,-1.2033019999998942,14.86507372730891,-4.643074388421324,4.955024575769637,-4.851799871746789,-1.6172666239155964,-0.08103693549297418,-0.7941025276122841,6184.612273428001,2351.0,Discesa,39.18333333333333,17.838088472770693,Cuel D'Ajar-Giro d'Italia
1734861401.0,46.504266,12.942733,1485.07716,7.1,12.7,POINT (1440778.447033298 5861529.747028034),3.0,18.93467178310292,-0.5955229999999574,18.944034501060298,-1.8014418637706862,6.314678167020099,1.3596535912504617,0.4532178637501539,-0.031441091806061625,-0.3083862959430632,6197.627257667014,2354.0,Discesa,39.233333333333334,22.732841401272356,Cuel D'Ajar-Giro d'Italia
1734861404.0,46.504372,12.942795,1484.659844,7.7,13.1,POINT (1440785.3488417272 5861546.89052336),3.0,18.48064911156075,-0.417316000000028,18.485360267749375,-1.2935899893900111,6.1617867559164585,-0.15289141110364035,-0.05096380370121345,-0.02257740448569421,-0.22146552194293323,6210.335059628184,2357.0,Discesa,39.28333333333333,22.182432321299252,Cuel D'Ajar-Giro d'Italia
1734861409.0,46.50448,12.942812,1483.317571,4.7,12.0,POINT (1440787.2412730707 5861564.357515244),5.0,17.56920891374924,-1.3422729999999774,17.620408583840916,-4.368863150493672,3.5240817167681833,-2.6377050391482753,-0.5275410078296551,-0.07625104654516711,-0.7472981155542235,6222.411169814357,2362.0,Discesa,39.36666666666667,12.68669418036546,Cuel D'Ajar-Giro d'Italia
1734861429.0,46.504559,12.942798,1477.222612,3.3,13.3,POINT (1440785.6828001996 5861577.134318317),20.0,12.871500863077872,-6.094959000000017,14.241631215555877,-25.338658015674618,0.7120815607777938,-2.8120001559903893,-0.14060000779951948,-0.44224301041037506,-4.198363718665243,6231.2584046926495,2382.0,Discesa,39.7,2.5634936188000577,Cuel D'Ajar-Giro d'Italia
1734861976.0,46.500441,12.928224,1805.330673,7.0,6.2,POINT (1439163.3125413784 5860911.147981071),111.0,15.576033663547204,-0.4231850000001032,15.581781356192263,-1.556285231791125,0.14037640861434472,-1.270011499635048,-0.011441545041757189,-0.02716230139491826,-0.26642941234387246,7505.754978731901,2929.0,Discesa,48.81666666666667,0.505355071011641,Giro d'Italia-Giro d'Italia
1734861981.0,46.500614,12.928037,1803.705141,9.9,16.6,POINT (1439142.4957966 5860939.125508101),5.0,34.872322576488564,-1.625532000000021,34.910188142742776,-2.6688429999128633,6.9820376285485555,6.841661219934211,1.3683322439868422,-0.0465800975672822,-0.4567855336326855,7529.819529345318,2934.0,Discesa,48.9,25.1353354627748,Giro d'Italia-Giro d'Italia
1734861984.0,46.500699,12.927936,1802.53534,10.1,17.1,POINT (1439131.25252803 5860952.871724517),3.0,17.75864729930135,-1.1698010000000068,17.797134271578226,-3.7687537458402796,5.9323780905260755,-1.04965953802248,-0.34988651267416,-0.06577716156178243,-0.6448087447610414,7542.0418738492235,2937.0,Discesa,48.95,21.356561125893872,Giro d'Italia-Giro d'Italia
1734861986.0,46.500757,12.927833,1800.481685,7.7,15.9,POINT (1439119.7866204784 5860962.251508053),2.0,14.813756281557646,-2.053654999999935,14.955429583546351,-7.892700618167487,7.477714791773176,1.5453367012471002,0.7726683506235501,-0.13775361266121441,-1.3470930699419,7552.243837331002,2939.0,Discesa,48.983333333333334,26.919773250383432,Giro d'Italia-Giro d'Italia
1734861988.0,46.500829,12.927732,1799.673929,7.6,13.1,POINT (1439108.5433519082 5860973.895391192),2.0,16.186139215176876,-0.8077559999999266,16.20628188230177,-2.8569287920403883,8.103140941150885,0.6254261493777094,0.3127130746888547,-0.049862813916129144,-0.48895153234702515,7563.386781298183,2941.0,Discesa,49.016666666666666,29.171307388143187,Giro d'Italia-Giro d'Italia
1734861990.0,46.500917,12.92768,1798.743935,9.6,9.9,POINT (1439102.754738387 5860988.126824857),2.0,15.363650303366288,-0.9299940000000788,15.391771811073706,-3.464007056331435,7.695885905536853,-0.40725503561403187,-0.20362751780701593,-0.06045832844530023,-0.5927349529335538,7573.951996993083,2943.0,Discesa,49.05,27.705189259932673,Giro d'Italia-Giro d'Italia
1734861992.0,46.500983,12.927582,1797.828722,11.5,9.9,POINT (1439091.845428289 5860998.80041522),2.0,15.262325447073017,-0.9152129999999943,15.289741426451316,-3.4316608321488666,7.644870713225658,-0.051015192311195,-0.0255075961555975,-0.0598937803327262,-0.5872067603751332,7584.459886299367,2945.0,Discesa,49.083333333333336,27.52153456761237,Giro d'Italia-Giro d'Italia
1734861995.0,46.501101,12.927517,1796.349166,11.1,14.0,POINT (1439084.6096613875 5861017.883533313),3.0,20.40886373148785,-1.4795560000000023,20.462424215316624,-4.14644691920389,6.820808071772208,-0.82406264145345,-0.27468754715115,-0.07236915099928318,-0.7093218382764056,7598.493802430036,2948.0,Discesa,49.13333333333333,24.55490905837995,Giro d'Italia-Giro d'Italia
1734861998.0,46.501184,12.9274,1794.571608,7.8,16.4,POINT (1439071.5852809648 5861031.306429327),3.0,18.703171463980027,-1.777557999999999,18.78745153698076,-5.429109883663216,6.262483845660253,-0.5583242261119548,-0.18610807537065158,-0.09475584292248942,-0.9281644157897501,7611.369552169145,2951.0,Discesa,49.18333333333333,22.54494184437691,Giro d'Italia-Giro d'Italia
1734862001.0,46.501294,12.92743,1792.395644,5.6,14.9,POINT (1439074.9248656884 5861049.09584116),3.0,18.1001657305964,-2.1759640000000218,18.230491458113587,-6.855080886266185,6.076830486037863,-0.18565335962239082,-0.06188445320746361,-0.11964373195587587,-1.1709068232771072,7623.812228226182,2954.0,Discesa,49.233333333333334,21.876589749736304,Giro d'Italia-Giro d'Italia
1734862004.0,46.50141,12.927463,1790.440453,7.4,12.1,POINT (1439078.5984088846 5861067.855623537),3.0,19.116075811610763,-1.9551910000000134,19.215804075857225,-5.839901034026289,6.405268025285742,0.32843753924787933,0.10947917974929311,-0.10192550103438014,-0.9981587881663748,7636.9533700479,2957.0,Discesa,49.28333333333333,23.058964891028673,Giro d'Italia-Giro d'Italia
1734862007.0,46.501503,12.927446,1788.372272,12.0,9.9,POINT (1439076.7059775412 5861082.8958228),3.0,15.158789208278542,-2.0681809999998677,15.299224258431616,-7.769148980958153,5.099741419477206,-1.3055266058085362,-0.4351755352695121,-0.135597229795682,-1.3261362319607304,7647.373386449039,2960.0,Discesa,49.333333333333336,18.35906911011794,Giro d'Italia-Giro d'Italia
1734862012.0,46.501581,12.927533,1784.199403,8.6,9.9,POINT (1439086.3907732402 5861095.510203308),5.0,15.903391567532275,-4.1728689999999915,16.441736497140976,-14.702333630010475,3.288347299428195,-1.8113941200490107,-0.36227882400980216,-0.2566041295703726,-2.4897519125864944,7658.317631894025,2965.0,Discesa,49.416666666666664,11.838050277941502,Giro d'Italia-Giro d'Italia
1734862014.0,46.501667,12.927583,1782.906349,8.1,9.9,POINT (1439091.95674778 5861109.418387409),2.0,14.980576009018915,-1.2930539999999837,15.036277671315766,-4.9332792616968355,7.518138835657883,4.229791536229688,2.114895768114844,-0.08610196603696477,-0.8436170186054991,7668.619146708587,2967.0,Discesa,49.45,27.06529980836838,Giro d'Italia-Giro d'Italia
1734862017.0,46.501744,12.927736,1780.082387,12.1,9.9,POINT (1439108.9886298713 5861121.871082541),3.0,21.09868772225975,-2.823962000000165,21.286835955089224,-7.623467421091567,7.095611985029741,-0.42252685062814166,-0.1408422835427139,-0.13305460691656884,-1.3014178001112662,7683.151601334689,2970.0,Discesa,49.5,25.54420314610707,Giro d'Italia-Giro d'Italia
1734862019.0,46.501758,12.927876,1778.748118,12.4,9.9,POINT (1439124.5733585823 5861124.135210822),2.0,15.74833470158785,-1.3342689999999493,15.804756234678122,-4.842787966306075,7.902378117339061,0.8067661323093196,0.4033830661546598,-0.08452259498800122,-0.8281797387852009,7694.010120227707,2972.0,Discesa,49.53333333333333,28.44856122242062,Giro d'Italia-Giro d'Italia
1734862021.0,46.501761,12.928026,1776.581443,11.5,9.9,POINT (1439141.2712822012 5861124.620381244),2.0,16.704970623108913,-2.166674999999941,16.844896083815907,-7.390144379847752,8.422448041907954,0.5200699245688929,0.26003496228444645,-0.12898235162609775,-1.2618113904793211,7705.528966140571,2974.0,Discesa,49.56666666666667,30.320812950868635,Giro d'Italia-Giro d'Italia
1734862023.0,46.501746,12.928176,1774.246593,7.9,9.9,POINT (1439157.9692058202 5861122.194529401),2.0,16.873215768013626,-2.3348499999999603,17.033993509346054,-7.878336773916546,8.516996754673027,0.09454871276507326,0.04727435638253663,-0.13750291628579184,-1.3446569935248815,7717.163093004103,2976.0,Discesa,49.6,30.661188316822898,Giro d'Italia-Giro d'Italia
1734862025.0,46.501723,12.928319,1772.812173,5.7,9.9,POINT (1439173.8878930039 5861118.47489121),2.0,16.347486348788753,-1.4344200000000455,16.410297701755283,-5.014609230335523,8.205148850877642,-0.3118479037953854,-0.1559239518976927,-0.08752144177025359,-0.8574896358214946,7728.433617638061,2978.0,Discesa,49.63333333333333,29.53853586315951,Giro d'Italia-Giro d'Italia
1734862027.0,46.501713,12.928477,1770.93801,5.8,9.9,POINT (1439191.476372549 5861116.857657704),2.0,17.662674115947524,-1.8741629999999532,17.76182828080295,-6.056915560091614,8.880914140401474,0.6757652895238326,0.3378826447619163,-0.10571311903887512,-1.03511523359736,7740.612561598217,2980.0,Discesa,49.666666666666664,31.971290905445308,Giro d'Italia-Giro d'Italia
1734862029.0,46.501709,12.928683,1769.367955,7.5,9.9,POINT (1439214.4081876525 5861116.210764384),2.0,22.940937533224957,-1.5700550000001385,22.99460127087128,-3.9151611722155004,11.49730063543564,2.616386495034165,1.3081932475170825,-0.06833245320140122,-0.6698198141627423,7756.431410138087,2982.0,Discesa,49.7,41.390282287568304,Giro d'Italia-Giro d'Italia
1734862031.0,46.501724,12.928889,1767.013939,7.5,9.9,POINT (1439237.3400027559 5861118.636614577),2.0,23.05976784564944,-2.3540160000000014,23.17960923793807,-5.828748122388207,11.589804618969035,0.09250398353339584,0.04625199176669792,-0.10173084600511162,-0.996259113902743,7772.331677074604,2984.0,Discesa,49.733333333333334,41.72329662828853,Giro d'Italia-Giro d'Italia
1734862033.0,46.501718,12.929086,1765.367637,12.3,9.9,POINT (1439259.2699424422 5861117.666274419),2.0,21.951396645034194,-1.6463019999998778,22.01304442694881,-4.289016419314495,11.006522213474405,-0.5832824054946304,-0.2916412027473152,-0.07485745818913565,-0.7336660166926923,7787.468132407078,2986.0,Discesa,49.766666666666666,39.62347996850786,Giro d'Italia-Giro d'Italia
1734862035.0,46.501721,12.92928,1763.121329,12.7,9.9,POINT (1439280.8659236562 5861118.151444485),2.0,21.60143038289633,-2.246307999999999,21.717911829132667,-5.936784338899493,10.858955914566334,-0.14756629890807105,-0.07378314945403552,-0.10361643369463101,-1.0146593122475183,7802.36333960567,2988.0,Discesa,49.8,39.0922412924388,Giro d'Italia-Giro d'Italia
1734862037.0,46.501703,12.929467,1751.402491,3.8,9.9,POINT (1439301.6826684347 5861115.240424495),2.0,21.01929828891199,-11.718838000000005,24.065370652215243,-29.14087115954526,12.032685326107622,1.173729411541288,0.586864705770644,-0.5086041486335225,-4.77706337630905,7816.85628095724,2990.0,Discesa,49.833333333333336,43.31766717398744,Giro d'Italia-Giro d'Italia
1734862039.0,46.501666,12.929658,1748.093243,5.6,9.9,POINT (1439322.9446911758 5861109.256664212),2.0,22.087983116913367,-3.309248000000025,22.334505154548513,-8.520745945210495,11.167252577274256,-0.8654327488333653,-0.43271637441668265,-0.1487150714698795,-1.4535232661462785,7832.083470768467,2992.0,Discesa,49.86666666666667,40.20210927818732,Giro d'Italia-Giro d'Italia
1734862041.0,46.50162,12.929826,1759.494221,9.1,10.0,POINT (1439341.6463656293 5861101.817400348),2.0,20.12697876466764,11.400977999999895,23.1317438501697,29.52949433890854,11.56587192508485,0.39861934781059283,0.19930967390529641,0.5153869026629803,4.835069716509007,7845.955988755425,2994.0,Discesa,49.9,41.63713893030546,Giro d'Italia-Giro d'Italia
1734862043.0,46.501581,12.929958,1758.498472,10.8,10.0,POINT (1439356.340538414 5861095.510203308),2.0,15.990605001904225,-0.9957489999999325,16.021578087002705,-3.5632574985492838,8.010789043501353,-3.5550828815834965,-1.7775414407917483,-0.062190575446062074,-0.6096963505688457,7856.976855459619,2996.0,Discesa,49.93333333333333,28.838840556604872,Giro d'Italia-Giro d'Italia
1734862045.0,46.501529,12.930068,1757.527293,13.8,10.4,POINT (1439368.5856824012 5861087.100614291),2.0,14.854788410324712,-0.9711789999998928,14.886501515317766,-3.7405702819044095,7.443250757658883,-0.5675382858424696,-0.2837691429212348,-0.06528526732148442,-0.6399936197363548,7867.209543372682,2998.0,Discesa,49.96666666666667,26.795702727571978,Giro d'Italia-Giro d'Italia
1734862048.0,46.501459,12.930208,1756.647798,11.8,10.3,POINT (1439384.1704111123 5861075.780026394),3.0,19.26238508920804,-0.8794950000001336,19.28245292435507,-2.6142337985661026,6.427484308118356,-1.0157664495405268,-0.3385888165135089,-0.04562698720189671,-0.44744545643898576,7880.477356872035,3001.0,Discesa,50.016666666666666,23.138943509226085,Giro d'Italia-Giro d'Italia
1734862051.0,46.50138,12.930353,1755.675511,6.3,9.9,POINT (1439400.3117372773 5861063.003951844),3.0,20.58568656316622,-0.9722870000000512,20.608634920520362,-2.7041397217509746,6.8695449735067875,0.44206066538843114,0.14735355512947704,-0.04719614157851783,-0.46282228331888314,7894.654874897126,3004.0,Discesa,50.06666666666667,24.730361904624434,Giro d'Italia-Giro d'Italia
1734862054.0,46.501295,12.930452,1753.861589,11.5,9.9,POINT (1439411.332366866 5861049.257563252),3.0,17.61866839037098,-1.8139219999998204,17.711798013525925,-5.878150574025077,5.903932671175308,-0.9656123023314791,-0.32187076744382637,-0.10259308144473227,-1.0046735405637022,7906.780358099086,3007.0,Discesa,50.11666666666667,21.25415761623111,Giro d'Italia-Giro d'Italia
1734862057.0,46.501228,12.930618,1754.352357,7.8,9.9,POINT (1439429.8114023376 5861038.422189741),3.0,21.4214862013295,0.49076799999988907,21.427107231345392,1.3124214068109987,7.142369077115131,1.2384364059398223,0.4128121353132741,0.02290607472250786,0.22468894321656022,7921.539617585143,3010.0,Discesa,50.166666666666664,25.712528677614472,Giro d'Italia-Giro d'Italia
1734862060.0,46.501171,12.930742,1753.752367,11.7,10.0,POINT (1439443.615019196 5861029.20404667),3.0,16.598614401497922,-0.5999899999999343,16.609454778821434,-2.070168828770656,5.536484926273811,-1.6058841508413195,-0.5352947169471065,-0.03613126213420266,-0.3543705665464959,7932.97405003995,3013.0,Discesa,50.21666666666667,19.931345734585722,Giro d'Italia-Giro d'Italia
1734862064.0,46.501167,12.930915,1737.864833,5.2,10.0,POINT (1439462.8732911032 5861028.557159801),4.0,19.2691333347991,-15.88753399999996,24.974251461763984,-39.50581753912394,6.243562865440996,0.7070779391671849,0.17676948479179622,-0.6895065897498365,-6.240695893473282,7946.261136009574,3017.0,Discesa,50.28333333333333,22.476826315587587,Giro d'Italia-Giro d'Italia
1734862067.0,46.501179,12.931052,1734.047174,6.2,10.1,POINT (1439478.1240613419 5861030.497820553),3.0,15.373748958180755,-3.8176590000000488,15.840665303876767,-13.945787300993436,5.280221767958922,-0.9633410974820737,-0.32111369916069127,-0.24339990518514892,-2.364246328772242,7956.861648886194,3020.0,Discesa,50.333333333333336,19.008798364652122,Giro d'Italia-Giro d'Italia
1734862070.0,46.501229,12.931189,1734.470585,6.1,10.3,POINT (1439493.3748315803 5861038.583911636),3.0,17.26183251747944,0.4234109999999873,17.26702460577478,1.40511151881226,5.755674868591593,0.475453100632671,0.158484366877557,0.02452382236097218,0.2405545833652618,7968.756326224189,3023.0,Discesa,50.38333333333333,20.720429526929735,Giro d'Italia-Giro d'Italia
1734862073.0,46.501319,12.931262,1740.051141,5.1,10.2,POINT (1439501.5011544083 5861053.138894323),3.0,16.66987233705888,5.580555999999888,17.57917088496996,18.508947264802163,5.85972362832332,0.104048759731727,0.03468291991057567,0.3230420708487965,3.1142113992876435,7980.223220247767,3026.0,Discesa,50.43333333333333,21.095005061963953,Giro d'Italia-Giro d'Italia
1734862077.0,46.50141,12.931299,1742.283469,4.2,9.9,POINT (1439505.6199755678 5861067.855623537),4.0,15.282238268221942,2.2323280000000523,15.444419535427397,8.310611029925349,3.861104883856849,-1.9986187444664711,-0.4996546861166178,0.14504752532475435,1.4179320647025209,7990.7300285843285,3030.0,Discesa,50.5,13.899977581884658,Giro d'Italia-Giro d'Italia
1734862082.0,46.501501,12.93133,1741.943855,4.2,9.9,POINT (1439509.0708797826 5861082.572377382),5.0,15.11593806671515,-0.3396139999999832,15.11975268666006,-1.2870637402195562,3.023950537332012,-0.8371543465248372,-0.16743086930496745,-0.02246349994986422,-0.22034840179226406,8001.121803593204,3035.0,Discesa,50.583333333333336,10.886221934395243,Giro d'Italia-Giro d'Italia
1734862087.0,46.501583,12.931403,1732.391066,8.0,10.2,POINT (1439517.19720261 5861095.833649199),5.0,15.553084996805001,-9.552789000000075,18.25251299400615,-31.558471312922837,3.65050259880123,0.6265520614692179,0.1253104122938436,-0.5507992313066812,-5.13424426109296,8011.821635924405,3040.0,Discesa,50.666666666666664,13.141809355684428,Giro d'Italia-Giro d'Italia
1734862091.0,46.501668,12.931479,1729.114098,6.0,10.5,POINT (1439525.6574839104 5861109.58011061),4.0,16.14129985489065,-3.276967999999897,16.47058226895808,-11.476081643569824,4.11764556723952,0.46714296843828995,0.11678574210957249,-0.20029540990797576,-1.951786254732851,8022.926178257562,3044.0,Discesa,50.733333333333334,14.823524042062271,Giro d'Italia-Giro d'Italia
1734862094.0,46.501773,12.931516,1723.330258,5.6,10.3,POINT (1439529.77630507 5861126.561063199),3.0,17.473335072852613,-5.783840000000055,18.4057122577145,-18.315034419694687,6.135237419238167,2.017591851998647,0.6725306173328823,-0.31965765323976125,-3.082709846027228,8034.938670574688,3047.0,Discesa,50.78333333333333,22.086854709257402,Giro d'Italia-Giro d'Italia
1734862097.0,46.501884,12.931499,1724.668212,5.5,10.0,POINT (1439527.8838737265 5861144.512391596),3.0,18.050802962729687,1.3379540000000816,18.100320674104285,4.239101711999113,6.033440224701429,-0.10179719453673819,-0.03393239817891273,0.07398628220131294,0.7251434367557315,8047.346365037128,3050.0,Discesa,50.833333333333336,21.720384808925143,Giro d'Italia-Giro d'Italia
1734862100.0,46.501991,12.931482,1730.030679,6.6,9.9,POINT (1439525.991442383 5861161.816859969),3.0,17.407639761212316,5.362466999999924,18.214883320576835,17.12157985182476,6.071627773525612,0.03818754882418318,0.012729182941394393,0.2988279415574649,2.8880668815798556,8059.311972237243,3053.0,Discesa,50.88333333333333,21.857859984692205,Giro d'Italia-Giro d'Italia
1734862103.0,46.502088,12.931404,1729.523298,6.8,10.0,POINT (1439517.308522101 5861177.504117739),3.0,17.929951505238886,-0.5073809999998957,17.937128991546533,-1.620920943828083,5.9790429971821775,-0.09258477634343443,-0.030861592114478142,-0.028290407384334106,-0.27749187801151154,8071.645355830714,3056.0,Discesa,50.93333333333333,21.524554789855838,Giro d'Italia-Giro d'Italia
1734862106.0,46.502174,12.931297,1734.680466,5.5,10.3,POINT (1439505.3973365864 5861191.412431539),3.0,18.31167750682249,5.157167999999956,19.024035189572487,15.728957954512566,6.341345063190829,0.36230206600865156,0.12076735533621719,0.27452210421399675,2.6593631464543397,8084.248878103611,3059.0,Discesa,50.983333333333334,22.828842227486984,Giro d'Italia-Giro d'Italia
1734862109.0,46.502265,12.931169,1729.781553,5.8,10.4,POINT (1439491.1484417648 5861206.129392192),3.0,20.48462678428927,-4.898912999999993,21.062271555394737,-13.449713790544259,7.020757185131579,0.6794121219407501,0.22647070731358335,-0.2347417890958843,-2.281726185307426,8098.350701462873,3062.0,Discesa,51.03333333333333,25.274725866473684,Giro d'Italia-Giro d'Italia
1734862112.0,46.502355,12.931049,1713.300049,5.9,10.3,POINT (1439477.7901028695 5861220.684652231),3.0,19.756032315256505,-16.481504000000086,25.7282099444069,-39.836611410449784,8.576069981468967,1.5553127963373878,0.5184375987791293,-0.695280031949891,-6.284290846093221,8111.949775088428,3065.0,Discesa,51.083333333333336,30.873851933288282,Giro d'Italia-Giro d'Italia
1734862115.0,46.502457,12.930902,1713.300049,5.7,10.3,POINT (1439461.4261377228 5861237.180642736),3.0,23.23568501418342,0.0,23.23568501418342,0.0,7.74522833806114,-0.830841643407827,-0.27694721446927567,0.0,0.0,8127.946019100805,3068.0,Discesa,51.13333333333333,27.882822017020104,Giro d'Italia-Giro d'Italia
1734862117.0,46.502539,12.930777,1719.598834,7.7,10.3,POINT (1439447.5112013738 5861250.442147739),2.0,19.222199888265344,6.298784999999953,20.22789314339614,18.143081972054926,10.11394657169807,2.3687182336369306,1.1843591168184653,0.3166565168715843,3.0547462561701657,8141.180403033735,3070.0,Discesa,51.166666666666664,36.41020765811305,Giro d'Italia-Giro d'Italia
1734862119.0,46.502617,12.930659,1700.230566,3.3,10.5,POINT (1439434.3755014602 5861263.056768622),2.0,18.211954102800973,-19.368267999999944,26.585805941561205,-46.76239006551535,13.292902970780602,3.178956399082532,1.589478199541266,-0.8161576727451297,-7.146772586005037,8153.719067716459,3072.0,Discesa,51.2,47.85445069481017,Giro d'Italia-Giro d'Italia
1734862121.0,46.502673,12.930533,1710.891522,7.7,10.8,POINT (1439420.3492456202 5861272.113430675),2.0,16.696076797504954,10.660955999999942,19.809466506246906,32.55947691749079,9.904733253123453,-3.3881697176571492,-1.6940848588285746,0.5682700749373084,5.279494948893193,8165.220854872196,3074.0,Discesa,51.233333333333334,35.65703971124443,Giro d'Italia-Giro d'Italia
1734862123.0,46.502726,12.9304,1709.604667,6.9,11.0,POINT (1439405.5437533448 5861280.684922995),2.0,17.10769072982462,-1.2868549999998322,17.156021622111336,-4.3017359875987795,8.578010811055668,-1.3267224420677852,-0.6633612210338926,-0.07507945653512867,-0.7358377034060158,8177.007808925642,3076.0,Discesa,51.266666666666666,30.880838919800404,Giro d'Italia-Giro d'Italia
1734862125.0,46.502781,12.930293,1693.866378,5.1,10.9,POINT (1439393.63256783 5861289.579876689),2.0,14.865952428006782,-15.738289000000123,21.649255928074886,-46.63270423157844,10.824627964037443,2.2466171529817753,1.1233085764908877,-0.813894227949736,-7.131543716926729,8187.246738930063,3078.0,Discesa,51.3,38.968660670534796,Giro d'Italia-Giro d'Italia
1734862128.0,46.502858,12.93014,1700.374218,6.6,10.4,POINT (1439376.6006857383 5861302.032826982),3.0,21.09883832321137,6.507839999999987,22.079695651313056,17.142138752299683,7.359898550437685,-3.464729413599758,-1.1549098045332526,0.29918676206134215,2.8914307247800886,8201.77900069073,3081.0,Discesa,51.35,26.495634781575667,Giro d'Italia-Giro d'Italia
1734862130.0,46.502902,12.930022,1708.891099,7.1,10.4,POINT (1439363.4649858247 5861309.148806496),2.0,14.939336553270374,8.516881000000012,17.196541472634593,29.687363890825896,8.598270736317296,1.2383721858796113,0.6191860929398056,0.5181422461325863,4.85857012254219,8212.072746802785,3083.0,Discesa,51.38333333333333,30.953774650742268,Giro d'Italia-Giro d'Italia
1734862132.0,46.502931,12.929885,1688.564543,7.5,10.5,POINT (1439348.214215586 5861313.83888705),2.0,15.955652555710278,-20.326555999999982,25.840892540693698,-51.869296542890204,12.920446270346849,4.322175534029553,2.1610877670147763,-0.9052900053667462,-7.716587731866589,8223.071678258086,3085.0,Discesa,51.416666666666664,46.51360657324866,Giro d'Italia-Giro d'Italia
1734862134.0,46.502953,12.929706,1689.430487,4.2,10.7,POINT (1439328.288026734 5861317.396880865),2.0,20.241351786694803,0.8659440000001268,20.259866267176324,2.449673403807852,10.129933133588162,-2.790513136758687,-1.3952565683793434,0.04275486649498361,0.4192974685999843,8237.027386025968,3087.0,Discesa,51.45,36.467759280917385,Giro d'Italia-Giro d'Italia
1734862137.0,46.503011,12.929567,1691.628563,2.7,11.1,POINT (1439312.814617514 5861326.777053278),3.0,18.094585582092126,2.198075999999901,18.227604491249853,6.926183417778188,6.075868163749951,-4.054064969838211,-1.3513549899460704,0.12088470523726334,1.1829928376134335,8249.49352957,3090.0,Discesa,51.5,21.873125389499826,Giro d'Italia-Giro d'Italia
1734862141.0,46.503104,12.929535,1697.576453,4.5,10.8,POINT (1439309.2523938084 5861341.817695448),4.0,15.45672522304871,5.947889999999916,16.5616348852681,21.04718395074248,4.140408721317025,-1.9354594424329266,-0.48386486060823164,0.36734265821336426,3.523130494315002,8260.119309575308,3094.0,Discesa,51.56666666666667,14.905471396741289,Giro d'Italia-Giro d'Italia
1734862145.0,46.503199,12.929521,1685.902166,7.1,10.7,POINT (1439307.6939209371 5861357.181818854),4.0,15.442963631440705,-11.674286999999822,19.35908320867404,-37.087879340572016,4.83977080216851,0.6993620808514853,0.17484052021287133,-0.647305607075365,-5.9158150329497134,8270.734153788808,3098.0,Discesa,51.63333333333333,17.423174887806635,Giro d'Italia-Giro d'Italia
1734862149.0,46.503285,12.929652,1679.94625,7.4,11.4,POINT (1439322.2767742313 5861371.0904168775),4.0,20.152139072040217,-5.955916000000116,21.013844117103073,-16.46491738767031,5.253461029275768,0.4136902271072582,0.10342255677681456,-0.2873670194837106,-2.7804306358419795,8284.608590557838,3102.0,Discesa,51.7,18.912459705392767,Giro d'Italia-Giro d'Italia
1734862153.0,46.503415,12.930074,1675.18685,11.9,11.1,POINT (1439369.253599346 5861392.115083566),4.0,51.46706429556331,-4.759399999999914,51.686657809957566,-5.283382334979506,12.921664452489392,7.668203423213623,1.9170508558034058,-0.09221241738709836,-0.9033223655448714,8320.294075805465,3106.0,Discesa,51.766666666666666,46.517992028961814,Giro d'Italia-Giro d'Italia
1734862155.0,46.503482,12.930248,1673.503999,3.8,10.9,POINT (1439388.623190744 5861402.950892951),2.0,22.194500128830622,-1.6828510000000279,22.258208001922878,-4.3360344762665335,11.129104000961439,-1.7925604515279527,-0.8962802257639764,-0.07567807809083893,-0.7416935050914291,8335.586175864215,3108.0,Discesa,51.8,40.06477440346118,Giro d'Italia-Giro d'Italia
1734862157.0,46.503472,12.930427,1672.028555,2.8,10.8,POINT (1439408.549379596 5861401.333607122),2.0,19.991713673819056,-1.475443999999925,20.04608566810737,-4.220935177664167,10.023042834053685,-1.1060611669077538,-0.5530305834538769,-0.07366921636349152,-0.7220414937678864,8349.370698523902,3110.0,Discesa,51.833333333333336,36.082954202593264,Giro d'Italia-Giro d'Italia
1734862159.0,46.503462,12.930641,1664.925818,4.5,11.0,POINT (1439432.3717506258 5861399.716321588),2.0,23.877206159441247,-7.102737000000161,24.911239368438302,-16.56612831194477,12.455619684219151,2.432576850165466,1.216288425082733,-0.2891334833512865,-2.797044696952375,8365.83441952401,3112.0,Discesa,51.86666666666667,44.84023086318894,Giro d'Italia-Giro d'Italia
1734862161.0,46.503492,12.930839,1660.011864,7.2,11.1,POINT (1439454.4130098028 5861404.568179081),2.0,22.568952728194535,-4.913953999999876,23.097717877781655,-12.283341134397299,11.548858938890827,-0.9067607453283237,-0.45338037266416187,-0.21438474594088816,-2.0870411958044297,8381.394016946584,3114.0,Discesa,51.9,41.57589218000698,Giro d'Italia-Giro d'Italia
1734862163.0,46.503544,12.931019,1656.395035,6.4,11.2,POINT (1439474.4505181455 5861412.978071745),2.0,21.73080843390129,-3.6168290000000525,22.029740970019525,-9.449565747632715,11.014870485009762,-0.5339884538810651,-0.26699422694053254,-0.16492603517987042,-1.6105996224961092,8396.370833234501,3116.0,Discesa,51.93333333333333,39.653533746035144,Giro d'Italia-Giro d'Italia
1734862165.0,46.503606,12.931198,1651.986982,6.2,11.2,POINT (1439494.3767069976 5861423.005261972),2.0,22.30689458490615,-4.408053000000109,22.738260207696744,-11.178171303074487,11.369130103848372,0.35425961883860957,0.17712980941930478,-0.19509589359059476,-1.901772586601134,8411.742113386621,3118.0,Discesa,51.96666666666667,40.92886837385414,Giro d'Italia-Giro d'Italia
1734862167.0,46.503669,12.931355,1648.234558,7.4,11.2,POINT (1439511.8538670521 5861433.194192789),2.0,20.230309803927522,-3.7524239999997917,20.575376561284617,-10.508098329052649,10.287688280642309,-1.0814418232060632,-0.5407209116030316,-0.18340091396528324,-1.7890938389561923,8425.68015138642,3120.0,Discesa,52.0,37.035677810312315,Giro d'Italia-Giro d'Italia
1734862169.0,46.503725,12.931546,1644.662765,6.5,11.0,POINT (1439533.115889794 5861442.251030093),2.0,23.110601745400512,-3.5717930000000706,23.38498702735066,-8.785672935888881,11.69249351367533,1.4048052330330218,0.7024026165165109,-0.15333891973461766,-1.4983668491677749,8441.607672510212,3122.0,Discesa,52.03333333333333,42.09297664923119,Giro d'Italia-Giro d'Italia
1734862171.0,46.503773,12.931748,1641.360221,4.4,11.0,POINT (1439555.602426934 5861450.014040921),2.0,23.788835399527635,-3.3025440000001254,24.016983293864282,-7.903710624221324,12.008491646932141,0.3159981332568105,0.15799906662840524,-0.13794577351751838,-1.3489602854609168,8458.005063075996,3124.0,Discesa,52.06666666666667,43.23056992895571,Giro d'Italia-Giro d'Italia
1734862173.0,46.503858,12.932017,1637.748827,7.2,11.1,POINT (1439585.5473699574 5861463.7610560795),2.0,32.94965915522505,-3.6113940000000184,33.14697882264298,-6.254844528928964,16.57348941132149,4.564997764389348,2.282498882194674,-0.10916763123016414,-1.0688085731601933,8480.724777545816,3126.0,Discesa,52.1,59.66456188075736,Giro d'Italia-Giro d'Italia
1734862174.0,46.503909,12.932172,1635.721822,7.0,11.2,POINT (1439602.8018910303 5861472.009275491),1.0,19.124633876722505,-2.0270049999999173,19.231754215065944,-6.050147160096931,19.231754215065944,2.658264803744455,2.658264803744455,-0.10559498817387594,-1.0339628318680136,8493.903817596061,3127.0,Discesa,52.11666666666667,69.2343151742374,Giro d'Italia-Giro d'Italia
1734862175.0,46.503969,12.932316,1633.99178,5.6,11.2,POINT (1439618.8318977046 5861481.71307294),1.0,18.738324335431688,-1.7300419999999122,18.81801913649774,-5.274958686742027,18.81801913649774,-0.41373507856820524,-0.41373507856820524,-0.09206539699032452,-0.9018862132562258,8506.813257426422,3128.0,Discesa,52.13333333333333,67.74486889139186,Giro d'Italia-Giro d'Italia
1734862176.0,46.504022,12.93246,1631.076578,6.9,11.3,POINT (1439634.8619043787 5861490.284769597),1.0,18.177873846071446,-2.9152020000001357,18.410146666023415,-9.110996313844678,18.410146666023415,-0.40787247047432373,-0.40787247047432373,-0.15901688381365625,-1.5533896681431774,8519.338398247792,3129.0,Discesa,52.15,66.2765279976843,Giro d'Italia-Giro d'Italia
1734862177.0,46.504067,12.932606,1628.939816,5.0,11.4,POINT (1439651.1145500345 5861497.562631807),1.0,17.807744639823927,-2.1367619999998624,17.935482179239596,-6.842242591425263,17.935482179239596,-0.47466448678381923,-0.47466448678381923,-0.11941966144055997,-1.1687243761007908,8531.610657206373,3130.0,Discesa,52.166666666666664,64.56773584526255,Giro d'Italia-Giro d'Italia
1734862178.0,46.504079,12.932754,1626.778397,7.8,11.4,POINT (1439667.589834672 5861499.503396082),1.0,16.58920039823813,-2.1614190000000235,16.729414273861032,-7.423292184372834,16.729414273861032,-1.2060679053785641,-1.2060679053785641,-0.12956088995486792,-1.2674394956630246,8543.04872217589,3131.0,Discesa,52.18333333333333,60.225891385899715,Giro d'Italia-Giro d'Italia
1734862179.0,46.504094,12.932901,1626.108496,8.9,11.4,POINT (1439683.9537998186 5861501.929352026),1.0,16.54281165849123,-0.6699009999999817,16.556369919705055,-2.3189250389547404,16.556369919705055,-0.17304435415597652,-0.17304435415597652,-0.04047287703669799,-0.39693053742283696,8554.454516393773,3132.0,Discesa,52.2,59.6029317109382,Giro d'Italia-Giro d'Italia
1734862180.0,46.5041,12.93305,1625.317381,8.7,11.4,POINT (1439700.5404039468 5861502.899734591),1.0,16.614965507789783,-0.7911149999999907,16.633789158465042,-2.726056958495777,16.633789158465042,0.0774192387599868,0.0774192387599868,-0.04757866952265371,-0.466570669861495,8565.91071515853,3133.0,Discesa,52.21666666666667,59.88164097047415,Giro d'Italia-Giro d'Italia
1734862181.0,46.504121,12.933193,1623.887083,8.6,11.2,POINT (1439716.45909113 5861506.296074414),1.0,16.276969184284813,-1.4302979999999934,16.339690272308143,-5.021824514626189,16.339690272308143,-0.29409888615689894,-0.29409888615689894,-0.08764737223759314,-0.8587202784240955,8577.132427800341,3134.0,Discesa,52.233333333333334,58.82288498030932,Giro d'Italia-Giro d'Italia
1734862183.0,46.504119,12.933429,1623.197629,11.9,11.0,POINT (1439742.7304909574 5861505.972613421),2.0,26.27339102413121,-0.6894540000000688,26.28243563152043,-1.5031839867996684,13.141217815760214,-3.198472456547929,-1.5992362282739645,-0.026235509832909194,-0.25734082772333255,8595.2483956199,3136.0,Discesa,52.266666666666666,47.30838413673677,Giro d'Italia-Giro d'Italia
1734862185.0,46.504112,12.933633,1625.571765,3.2,10.8,POINT (1439765.4396670791 5861504.840500044),2.0,22.73737805526626,2.3741359999999077,22.860990411060477,5.960969997684584,11.430495205530239,-1.7107226102299755,-0.8553613051149878,0.10403855307219476,1.018778003105715,8610.92610529088,3138.0,Discesa,52.3,41.14978273990886,Giro d'Italia-Giro d'Italia
1734862187.0,46.504096,12.933846,1622.518178,2.7,10.6,POINT (1439789.1507186184 5861502.252812868),2.0,23.851836198037777,-3.0535869999998795,24.046506681524313,-7.295500840033562,12.023253340762157,0.592758135231918,0.296379067615959,-0.1273305102405978,-1.2457397187348929,8627.371765844257,3140.0,Discesa,52.333333333333336,43.283712026743764,Giro d'Italia-Giro d'Italia
1734862189.0,46.504018,12.933984,1618.263162,4.4,10.5,POINT (1439804.5128083478 5861489.637848804),2.0,19.877905302006326,-4.255016000000069,20.328213899794243,-12.082258376891994,10.164106949897121,-1.8591463908650354,-0.9295731954325177,-0.21087518975343128,-2.0533878266807877,8641.060403168876,3142.0,Discesa,52.36666666666667,36.590785019629635,Giro d'Italia-Giro d'Italia
1734862191.0,46.503904,12.934021,1616.564106,6.6,10.5,POINT (1439808.631629507 5861471.200626187),2.0,18.8916877372371,-1.6990559999999277,18.967937601447616,-5.139166697935028,9.483968800723808,-0.6801381491733132,-0.3400690745866566,-0.08969537968781112,-0.8787322960577024,8654.047114699111,3144.0,Discesa,52.4,34.14228768260571,Giro d'Italia-Giro d'Italia
1734862194.0,46.503836,12.934178,1613.363558,6.5,10.5,POINT (1439826.1087895613 5861460.203003034),3.0,20.64942707627181,-3.200548000000026,20.89598875570552,-8.810426268410238,6.965329585235174,-2.5186392154886343,-0.8395464051628782,-0.1537709468879563,-1.5025551672651718,8668.272492560758,3147.0,Discesa,52.45,25.075186506846627,Giro d'Italia-Giro d'Italia
1734862196.0,46.503724,12.934211,1612.055782,7.3,10.5,POINT (1439829.7823327575 5861442.089300772),2.0,18.48245463254318,-1.3077760000001035,18.528664477241556,-4.047372039322619,9.264332238620778,2.299002653385604,1.149501326692802,-0.07063996813933711,-0.6924019038586943,8680.977600770097,3149.0,Discesa,52.483333333333334,33.351596059034804,Giro d'Italia-Giro d'Italia
1734862199.0,46.503608,12.934207,1608.926708,6.5,10.5,POINT (1439829.3370547947 5861423.328719912),3.0,18.765864399801114,-3.129073999999946,19.02495126851048,-9.466570019838738,6.341650422836827,-2.9226818157839505,-0.9742272719279835,-0.1652228157167709,-1.6134714621217934,8693.875949543539,3152.0,Discesa,52.53333333333333,22.82994152221258,Giro d'Italia-Giro d'Italia
1734862202.0,46.503541,12.934415,1606.736084,4.9,10.5,POINT (1439852.4915088795 5861412.492885411),3.0,25.56450768752374,-2.1906240000000707,25.65819336615181,-4.897714103498073,8.552731122050604,2.2110806992137766,0.7370268997379256,-0.0854812369274037,-0.8375500618196389,8711.493248033743,3155.0,Discesa,52.583333333333336,30.789832039382176,Giro d'Italia-Giro d'Italia
1734862204.0,46.503445,12.934533,1605.537883,5.0,10.5,POINT (1439865.627208793 5861396.966936864),2.0,20.33719967200439,-1.1982009999999264,20.372466127972242,-3.371781372932815,10.186233063986121,1.633501941935517,0.8167509709677585,-0.05884868661509244,-0.5769724556743804,8725.49027937862,3157.0,Discesa,52.61666666666667,36.67043903035004,Giro d'Italia-Giro d'Italia
1734862206.0,46.50337,12.934655,1602.112221,7.9,10.5,POINT (1439879.2081866697 5861384.837308638),2.0,18.209086769838283,-3.4256619999998748,18.528518589723863,-10.654480712583364,9.264259294861931,-0.9219737691241896,-0.4609868845620948,-0.18595576852481135,-1.8137307662921807,8738.028220030545,3159.0,Discesa,52.65,33.35133346150295,Giro d'Italia-Giro d'Italia
1734862209.0,46.50324,12.934663,1599.487443,8.7,10.7,POINT (1439880.0987425963 5861363.812659352),3.0,21.043501786669506,-2.6247780000001057,21.206565657711934,-7.109843022278514,7.068855219237311,-2.1954040756246203,-0.73180135854154,-0.12409017003870462,-1.2142028367821633,8752.492210109836,3162.0,Discesa,52.7,25.44787878925432,Giro d'Italia-Giro d'Italia
1734862212.0,46.503092,12.934664,1597.09444,8.2,10.5,POINT (1439880.210062087 5861339.876965981),3.0,23.935952230583908,-2.393002999999908,24.055275357867,-5.709189558292696,8.018425119289,0.9495699000516895,0.31652330001722984,-0.09964415541268827,-0.9758923596075881,8768.944238714212,3165.0,Discesa,52.75,28.866330429440403,Giro d'Italia-Giro d'Italia
1734862214.0,46.502997,12.934695,1594.702102,7.1,10.4,POINT (1439883.6609663016 5861324.512872814),2.0,15.746875840470002,-2.392338000000109,15.927566664165068,-8.63858065254009,7.963783332082534,-0.0546417872064664,-0.0273208936032332,-0.15077167508590483,-1.473472770501904,8779.769310263244,3167.0,Discesa,52.78333333333333,28.669619995497122,Giro d'Italia-Giro d'Italia
1734862217.0,46.502857,12.934737,1588.450747,6.8,10.4,POINT (1439888.336384915 5861301.871100242),3.0,23.11945943163942,-6.251354999999876,23.949714899080625,-15.130594970039906,7.983238299693542,0.019454967611007845,0.006484989203669282,-0.26407870001288913,-2.5606063708237694,8795.662280788942,3170.0,Discesa,52.833333333333336,28.73965787889675,Giro d'Italia-Giro d'Italia
1734862219.0,46.502768,12.934837,1585.100556,6.8,10.4,POINT (1439899.4683339943 5861287.477432278),2.0,18.19609759722987,-3.3501909999999953,18.501939020124233,-10.432231861480108,9.250969510062117,1.2677312103685745,0.6338656051842873,-0.1820767943142849,-1.7763205075020987,8808.184145001556,3172.0,Discesa,52.86666666666667,33.303490236223624,Giro d'Italia-Giro d'Italia
1734862221.0,46.502698,12.935024,1581.117117,6.4,10.5,POINT (1439920.2850787728 5861276.156586389),2.0,23.695957773756323,-3.9834390000000894,24.028445665135404,-9.542557167006962,12.014222832567702,2.7632533225055855,1.3816266612527928,-0.16654904162405387,-1.626303138146854,8824.511494630975,3174.0,Discesa,52.9,43.25120219724373,Giro d'Italia-Giro d'Italia
1734862223.0,46.502633,12.935262,1577.372006,6.6,10.5,POINT (1439946.7791175814 5861265.644385401),2.0,28.503341242789368,-3.7451109999999517,28.748327227948725,-7.4853283540988205,14.374163613974362,2.35994078140666,1.17997039070333,-0.1306436253719124,-1.2779713622531006,8844.157088987384,3176.0,Discesa,52.93333333333333,51.74698901030771,Giro d'Italia-Giro d'Italia
1734862225.0,46.502568,12.935508,1575.325365,6.9,10.3,POINT (1439974.1637123167 5861255.1321969805),2.0,29.332953042666798,-2.046641000000136,29.404266248049396,-3.99121614902751,14.702133124024698,0.3279695100503357,0.16398475502516785,-0.06965986295929873,-0.6828107200713851,8864.374995401757,3178.0,Discesa,52.96666666666667,52.927679246488914,Giro d'Italia-Giro d'Italia
1734862227.0,46.502533,12.935746,1571.893507,7.8,10.3,POINT (1440000.6577511253 5861249.471793037),2.0,27.091959419685644,-3.43185799999992,27.308458662657202,-7.219457530441787,13.654229331328601,-1.047903792696097,-0.5239518963480485,-0.12600330411410793,-1.2328241368684907,8883.053335534272,3180.0,Discesa,53.0,49.15522559278296,Giro d'Italia-Giro d'Italia
1734862229.0,46.502492,12.935965,1570.136456,6.4,10.3,POINT (1440025.036719609 5861242.841038766),2.0,25.26461965930878,-1.7570510000000468,25.3256438170115,-3.97828162576804,12.66282190850575,-0.9914074228228511,-0.49570371141142555,-0.06943411294124519,-0.6806014660295587,8900.470445738023,3182.0,Discesa,53.03333333333333,45.5861588706207,Giro d'Italia-Giro d'Italia
1734862231.0,46.502493,12.936171,1568.56923,4.6,10.4,POINT (1440047.9685347124 5861243.00276442),2.0,22.932385377959218,-1.5672259999998914,22.985876021120305,-3.909581464587748,11.492938010560152,-1.1698838979455974,-0.5849419489727987,-0.0682350689319983,-0.6688667008328189,8916.283208049941,3184.0,Discesa,53.06666666666667,41.37457683801655,Giro d'Italia-Giro d'Italia
1734862233.0,46.502428,12.936291,1566.870619,7.7,10.5,POINT (1440061.326873608 5861232.490603072),2.0,16.998551533980006,-1.698611000000028,17.083209112537816,-5.706441050747905,8.541604556268908,-2.9513334542912446,-1.4756667271456223,-0.09959618490651577,-0.9754241021243828,8927.990118457323,3186.0,Discesa,53.1,30.74977640256807,Giro d'Italia-Giro d'Italia
1734862235.0,46.502333,12.936435,1565.806243,7.8,10.4,POINT (1440077.356880282 5861217.126697551),2.0,22.203844414993682,-1.0643760000000384,22.229341040044847,-2.7444618861038705,11.114670520022424,2.573065963753516,1.286532981876758,-0.04789989610800615,-0.46971831244077716,8943.277244341114,3188.0,Discesa,53.13333333333333,40.01281387208073,Giro d'Italia-Giro d'Italia
1734862238.0,46.502345,12.936624,1562.999013,8.7,10.2,POINT (1440098.3962640418 5861219.067399926),3.0,21.128700733686152,-2.8072299999998904,21.314373905103782,-7.568184144007863,7.104791301701261,-4.009879218321163,-1.3366264061070543,-0.1320897317101659,-1.2920354321739969,8957.845949364022,3191.0,Discesa,53.18333333333333,25.57724868612454,Giro d'Italia-Giro d'Italia
1734862240.0,46.502374,12.936751,1561.739745,8.6,10.2,POINT (1440112.5338393727 5861223.757432431),2.0,14.89521537740162,-1.25926800000002,14.94835098045954,-4.832396083710924,7.47417549022977,0.3693841885285094,0.1846920942642547,-0.08434122242123514,-0.8264068121058012,8968.113563839164,3193.0,Discesa,53.21666666666667,26.907031764827174,Giro d'Italia-Giro d'Italia
1734862243.0,46.502357,12.936898,1560.067939,7.1,10.3,POINT (1440128.8978045192 5861221.008102728),3.0,16.593317002049357,-1.6718060000000605,16.677323059536157,-5.753236537214932,5.559107686512053,-1.9150678037177178,-0.6383559345725726,-0.10041292022043785,-0.9833962441965634,8979.554324742132,3196.0,Discesa,53.266666666666666,20.01278767144339,Giro d'Italia-Giro d'Italia
1734862246.0,46.502407,12.937064,1558.209989,6.8,10.4,POINT (1440147.376839991 5861229.094369013),3.0,20.170831772557896,-1.8579500000000735,20.25621960286103,-5.2627058809192615,6.752073200953677,1.1929655144416245,0.39765517148054147,-0.09185154518610973,-0.8997971910526866,8993.455814672685,3199.0,Discesa,53.31666666666667,24.30746352343324,Giro d'Italia-Giro d'Italia
1734862248.0,46.50242,12.93724,1556.118269,6.8,10.5,POINT (1440166.9690703705 5861231.196799466),2.0,19.704712762648924,-2.0917199999998957,19.815423225782965,-6.0594429164303865,9.907711612891482,3.1556384119378054,1.5778192059689027,-0.10575722972835785,-1.0355455427921187,9007.042502760472,3201.0,Discesa,53.35,35.66776180640934,Giro d'Italia-Giro d'Italia
1734862251.0,46.502458,12.937393,1553.210825,6.7,10.4,POINT (1440184.000952462 5861237.342368285),3.0,18.106712116854386,-2.9074439999999413,18.338654647922706,-9.122269370879811,6.112884882640902,-3.7948267302505805,-1.2649422434168602,-0.15921363577568445,-1.5552954231149247,9019.52322034437,3204.0,Discesa,53.4,22.00638557750725,Giro d'Italia-Giro d'Italia
1734862253.0,46.502455,12.937524,1551.396752,6.6,10.4,POINT (1440198.5838057557 5861236.857191644),2.0,14.590922059977443,-1.8140730000000076,14.703260434667728,-7.087152466030089,7.351630217333864,1.238745334692962,0.619372667346481,-0.12369414512306064,-1.2103476102511301,9029.584195540967,3206.0,Discesa,53.43333333333333,26.46586878240191,Giro d'Italia-Giro d'Italia
1734862256.0,46.50246,12.937685,1548.772708,7.8,10.5,POINT (1440216.5062437735 5861237.665819395),3.0,17.940670649179008,-2.62404400000014,18.13155454604623,-8.321210423534264,6.043851515348744,-1.3077787019851197,-0.4359262339950399,-0.14523251964194475,-1.4197277775950354,9041.954908461388,3209.0,Discesa,53.483333333333334,21.75786545525548,Giro d'Italia-Giro d'Italia
1734862259.0,46.502443,12.937864,1546.588795,6.3,10.4,POINT (1440236.4324326254 5861234.916485344),3.0,20.114965570158255,-2.183913000000075,20.233173648249583,-6.196420333126738,6.744391216083194,0.70053970073445,0.23351323357815001,-0.10814793665058543,-1.0588643631719235,9055.82414053821,3212.0,Discesa,53.53333333333333,24.2798083778995,Giro d'Italia-Giro d'Italia
1734862261.0,46.502445,12.938019,1544.834389,6.9,10.3,POINT (1440253.6869536985 5861235.239936363),2.0,17.25755249225139,-1.7544059999997899,17.346499890054115,-5.804757439212765,8.673249945027058,1.9288587289438635,0.9644293644719317,-0.10131212959389735,-0.9921726555260855,9067.723886347787,3214.0,Discesa,53.56666666666667,31.223699802097407,Giro d'Italia-Giro d'Italia
1734862264.0,46.502481,12.938215,1542.130828,7.7,10.3,POINT (1440275.505573894 5861241.062056765),3.0,22.58205644324056,-2.703561000000036,22.74331803599518,-6.827050865714568,7.5811060119983935,-1.0921439330286642,-0.3640479776762214,-0.11915451580784847,-1.166141781424543,9083.291804683158,3217.0,Discesa,53.61666666666667,27.291981643194216,Giro d'Italia-Giro d'Italia
1734862267.0,46.502446,12.938339,1539.101883,8.6,10.4,POINT (1440289.3091907525 5861235.4016618775),3.0,14.91911219407805,-3.0289450000000215,15.223482402936375,-11.476460106274581,5.074494134312125,-2.506611877686269,-0.8355372925620896,-0.2003020153282698,-1.95184975838832,9093.574406817028,3220.0,Discesa,53.666666666666664,18.26817888352365,Giro d'Italia-Giro d'Italia
1734862271.0,46.50245,12.938484,1537.637464,7.0,11.1,POINT (1440305.4505169175 5861236.048563967),4.0,16.154284034917914,-1.4644190000001345,16.220524519520485,-5.179822052805462,4.055131129880121,-1.0193630044320035,-0.25484075110800086,-0.09040494948886689,-0.8856649717284242,9104.713361468841,3224.0,Discesa,53.733333333333334,14.598472067568437,Giro d'Italia-Giro d'Italia
1734862275.0,46.502401,12.938646,1535.427474,6.8,11.5,POINT (1440323.484274426 5861228.124016666),4.0,19.698092796277113,-2.2099899999998343,19.821677921176185,-6.401421558395483,4.955419480294046,0.9002883504139252,0.2250720876034813,-0.11172588300214763,-1.0937521024310901,9118.288985729327,3228.0,Discesa,53.8,17.839510129058567,Giro d'Italia-Giro d'Italia
1734862278.0,46.502383,12.938783,1533.30469,6.6,11.5,POINT (1440338.7350446647 5861225.212960268),3.0,15.526114846372673,-2.122784000000138,15.670560109115772,-7.785404539562239,5.223520036371924,0.2681005560778775,0.08936685202595918,-0.1358809428150742,-1.3288938554204877,9128.993664807478,3231.0,Discesa,53.85,18.804672130938926,Giro d'Italia-Giro d'Italia
1734862282.0,46.502373,12.938945,1530.762055,6.8,11.4,POINT (1440356.7688021732 5861223.59570713),4.0,18.106129282371377,-2.5426350000000184,18.28378818333803,-7.9937454381151305,4.570947045834507,-0.6525729905374167,-0.16314324763435417,-0.13951717746138564,-1.364227648006276,9141.478249434615,3235.0,Discesa,53.916666666666664,16.455409365004225,Giro d'Italia-Giro d'Italia
1734862286.0,46.50234,12.939332,1526.027072,7.6,12.0,POINT (1440399.84944511 5861218.258773884),4.0,43.40996028925689,-4.734982999999829,43.66743313185637,-6.22498249650882,10.916858282964093,6.345911237129585,1.5864778092823963,-0.10864644044309532,-1.063725982925062,9171.411409590912,3239.0,Discesa,53.983333333333334,39.30068981867073,Giro d'Italia-Giro d'Italia
1734862288.0,46.502264,12.939514,1522.924746,6.3,12.7,POINT (1440420.1095924345 5861205.967667215),2.0,23.69693804621437,-3.1023260000001756,23.899148507350617,-7.45855876141439,11.949574253675308,1.032715970711216,0.516357985355608,-0.1301764078401513,-1.2734268775576356,9187.737444318302,3241.0,Discesa,54.016666666666666,43.01846731323111,Giro d'Italia-Giro d'Italia
1734862290.0,46.502226,12.939745,1521.589785,7.2,12.7,POINT (1440445.8243948077 5861199.822120325),2.0,26.43896381608557,-1.3349610000000212,26.472644910167233,-2.8905342192280528,13.236322455083616,1.286748201408308,0.643374100704154,-0.05044933926709311,-0.4946981102356908,9205.965082526829,3243.0,Discesa,54.05,47.65076083830102,Giro d'Italia-Giro d'Italia
1734862292.0,46.502166,12.939944,1519.757688,7.6,12.4,POINT (1440467.9769734757 5861190.11863398),2.0,24.18458990522458,-1.832096999999976,24.25388563305475,-4.332151678941887,12.126942816527375,-1.1093796385562413,-0.5546898192781207,-0.07561031049333623,-0.7410306060611248,9222.632847802852,3245.0,Discesa,54.083333333333336,43.65699413949855,Giro d'Italia-Giro d'Italia
1734862295.0,46.502144,12.940158,1516.666399,8.5,11.5,POINT (1440491.7993445054 5861186.560691668),3.0,24.086600320024434,-3.0912889999999607,24.284159088964188,-7.31339646341522,8.094719696321397,-4.032223120205979,-1.3440743734019929,-0.1276428477903046,-1.2487788841649001,9239.240439438085,3248.0,Discesa,54.13333333333333,29.14099090675703,Giro d'Italia-Giro d'Italia
1734862297.0,46.502077,12.940312,1515.113023,8.4,11.3,POINT (1440508.9425460875 5861175.725148956),2.0,20.280491767629364,-1.5533759999998438,20.339894870285292,-4.379994817584719,10.169947435142646,2.0752277388212494,1.0376138694106247,-0.07644533078714177,-0.7491984917906672,9253.212027390902,3250.0,Discesa,54.166666666666664,36.61181076651353,Giro d'Italia-Giro d'Italia
1734862300.0,46.502,12.940456,1511.150614,7.1,10.9,POINT (1440524.9725527617 5861163.272377554),3.0,20.298586885836514,-3.962409000000207,20.681714499652507,-11.045587416563855,6.893904833217502,-3.276042601925144,-1.0920142006417146,-0.19278186823589372,-1.8794975769854643,9267.19205235673,3253.0,Discesa,54.21666666666667,24.818057399583008,Giro d'Italia-Giro d'Italia
1734862302.0,46.501914,12.940523,1508.83217,6.9,10.7,POINT (1440532.430958645 5861149.364108266),2.0,15.781881158716283,-2.3184439999999995,15.951268146733037,-8.357283043624097,7.9756340733665185,1.0817292401490164,0.5408646200745082,-0.1458621056323334,-1.4258387126830516,9278.047482853442,3255.0,Discesa,54.25,28.712282664119467,Giro d'Italia-Giro d'Italia
1734862304.0,46.501869,12.940636,1506.470518,6.7,10.7,POINT (1440545.0100611045 5861142.086534266),2.0,14.532615112695881,-2.361651999999822,14.723257186603101,-9.230278208790793,7.361628593301551,-0.6140054800649679,-0.30700274003248396,-0.16109874561848395,-1.5735516826452618,9288.060402943926,3257.0,Discesa,54.28333333333333,26.501862935885583,Giro d'Italia-Giro d'Italia
1734862306.0,46.501812,12.940766,1504.66355,6.8,10.8,POINT (1440559.4815949078 5861132.868282515),2.0,17.158130899883744,-1.8069680000000972,17.253016818242823,-6.011809782555959,8.626508409121412,1.264879815819861,0.6324399079099305,-0.10492587470920585,-1.027435159122875,9299.880880201,3259.0,Discesa,54.31666666666667,31.055430272837082,Giro d'Italia-Giro d'Italia
1734862308.0,46.501745,12.940871,1503.053236,6.4,10.9,POINT (1440571.1701414408 5861122.032805969),2.0,15.938308317530819,-1.6103140000000167,16.019450152963056,-5.769254900039523,8.009725076481528,-0.6167833326398835,-0.30839166631994175,-0.10069249339250601,-0.9861250036149474,9310.854948642816,3261.0,Discesa,54.35,28.835010275333502,Giro d'Italia-Giro d'Italia
1734862311.0,46.501743,12.941071,1500.108718,6.5,10.6,POINT (1440593.4340395997 5861121.709359113),3.0,22.266247530712644,-2.9445180000000164,22.460097180361686,-7.533159816557694,7.486699060120562,-0.5230260163609666,-0.17434200545365552,-0.1314784418778638,-1.2860906766359326,9326.20858610726,3264.0,Discesa,54.4,26.952116616434022,Giro d'Italia-Giro d'Italia
1734862314.0,46.501802,12.941265,1496.890281,7.6,10.7,POINT (1440615.0300208135 5861131.2510463605),3.0,23.609959765105206,-3.2184369999999944,23.828313763941743,-7.762538223655121,7.942771254647248,0.4560721945266861,0.15202406484222872,-0.13548185031469384,-1.325014740144041,9342.48032713529,3267.0,Discesa,54.45,28.59397651673009,Giro d'Italia-Giro d'Italia
1734862316.0,46.501926,12.941425,1493.251988,6.8,10.6,POINT (1440632.8411393405 5861151.304795682),2.0,26.82142436661031,-3.638292999999976,27.067064506659122,-7.724950605942029,13.533532253329561,5.590760998682313,2.7953804993411566,-0.13482582262761944,-1.3186377976532622,9360.942062007873,3269.0,Discesa,54.483333333333334,48.72071611198642,Giro d'Italia-Giro d'Italia
1734862318.0,46.502002,12.941597,1491.612819,6.2,10.4,POINT (1440651.9880917568 5861163.5958259385),2.0,22.752477042888955,-1.639169000000038,22.811446394250193,-4.120671514080753,11.405723197125097,-2.1278090562044643,-1.0639045281022321,-0.07191928531384902,-0.7049201357987335,9376.616368620258,3271.0,Discesa,54.516666666666666,41.06060350965035,Giro d'Italia-Giro d'Italia
1734862320.0,46.502098,12.941739,1487.722453,6.8,10.3,POINT (1440667.7954594495 5861179.121362399),2.0,22.156605240152533,-3.890365999999858,22.49555741434094,-9.958760475499723,11.24777870717047,-0.15794448995462673,-0.07897224497731337,-0.17381315971494626,-1.6965345537812153,9391.870469028585,3273.0,Discesa,54.55,40.49200334581369,Giro d'Italia-Giro d'Italia
1734862322.0,46.502143,12.94186,1485.671423,7.5,10.4,POINT (1440681.2651178355 5861186.398967051),2.0,15.309971472868819,-2.0510300000000825,15.446745630098185,-7.63030916885651,7.723372815049093,-3.5244058921213774,-1.7622029460606887,-0.13317401794165806,-1.3025788591219858,9402.419773901413,3275.0,Discesa,54.583333333333336,27.804142134176733,Giro d'Italia-Giro d'Italia
1734862325.0,46.502224,12.941999,1483.288234,8.6,10.5,POINT (1440696.7385270558 5861199.498670606),3.0,20.273840931825617,-2.383188999999902,20.413432242978846,-6.704348812105531,6.804477414326282,-0.9188954007228105,-0.3062984669076035,-0.11701296097341218,-1.145279432273827,9416.380888948503,3278.0,Discesa,54.63333333333333,24.496118691574615,Giro d'Italia-Giro d'Italia
1734862329.0,46.502312,12.942094,1480.094944,8.0,10.5,POINT (1440707.313878681 5861213.730469429),4.0,17.73082512843231,-3.193290000000161,18.01608339121319,-10.209424467990976,4.5040208478032975,-2.3004565665229846,-0.5751141416307461,-0.17818807170011297,-1.7387894038767606,9428.581970154723,3282.0,Discesa,54.7,16.21447505209187,Giro d'Italia-Giro d'Italia
1734862332.0,46.502413,12.942099,1475.866601,6.9,10.4,POINT (1440707.8704761353 5861230.064721466),3.0,16.34373244818429,-4.228342999999995,16.881838610278237,-14.505146900094271,5.627279536759413,1.1232586889561151,0.3744195629853717,-0.253162571892094,-2.457080996186369,9439.815802257499,3285.0,Discesa,54.75,20.258206332333884,Giro d'Italia-Giro d'Italia
1734862334.0,46.502529,12.942118,1474.243843,6.7,10.4,POINT (1440709.9855464604 5861248.824889962),2.0,18.87902127926465,-1.6227579999999762,18.948635517880735,-4.912818822388239,9.474317758940368,3.847038222180955,1.9235191110904775,-0.08574486400462528,-0.8401267713961611,9452.79270721388,3287.0,Discesa,54.78333333333333,34.10754393218532,Giro d'Italia-Giro d'Italia
1734862336.0,46.502642,12.942159,1469.938056,7.1,10.2,POINT (1440714.5496455827 5861267.099920172),2.0,18.83634067426798,-4.305787000000009,19.322203075385875,-12.875977767980494,9.661101537692938,0.18678377875257013,0.09339188937628506,-0.22472820646485012,-2.1860742434597635,9465.742158820516,3289.0,Discesa,54.81666666666667,34.77996553569458,Giro d'Italia-Giro d'Italia
1734862338.0,46.502775,12.942101,1468.470283,6.3,10.4,POINT (1440708.0931151167 5861288.609517668),2.0,22.45772851611659,-1.467772999999852,22.505642129988754,-3.739370262155198,11.252821064994377,1.5917195273014393,0.7958597636507196,-0.06526432302577172,-0.6397885937594325,9481.182359339144,3291.0,Discesa,54.85,40.51015583397976,Giro d'Italia-Giro d'Italia
1734862340.0,46.502914,12.942138,1465.21727,6.6,10.7,POINT (1440712.211936276 5861311.089529181),2.0,22.85422510926722,-3.25301300000001,23.084577079150254,-8.100921703289677,11.542288539575127,0.28946747458074995,0.14473373729037498,-0.14138775616867202,-1.382397321838862,9496.892601112817,3293.0,Discesa,54.88333333333333,41.55223874247046,Giro d'Italia-Giro d'Italia
1734862342.0,46.503,12.942199,1463.399633,7.5,11.0,POINT (1440719.0024252145 5861324.998054294),2.0,15.477655211440249,-1.8176370000001043,15.58401793851614,-6.697920081136182,7.79200896925807,-3.7502795703170566,-1.8751397851585283,-0.11690075845127212,-1.1441862451872176,9507.537528894118,3295.0,Discesa,54.916666666666664,28.051232289329054,Giro d'Italia-Giro d'Italia
1734862344.0,46.503065,12.942297,1461.655886,7.6,10.8,POINT (1440729.911735312 5861335.510326244),2.0,15.1499474704113,-1.7437469999999848,15.249969244435567,-6.565806512372263,7.6249846222177835,-0.1670243470402868,-0.0835121735201434,-0.11459494168978179,-1.1217175455118753,9517.967903530129,3297.0,Discesa,54.95,27.44994463998402,Giro d'Italia-Giro d'Italia
1734862346.0,46.503151,12.942403,1460.014009,6.7,10.8,POINT (1440741.7116013363 5861349.418889988),2.0,18.239654152889443,-1.6418770000000222,18.313403389325156,-5.143724688786023,9.156701694662578,1.5317170724447946,0.7658585362223973,-0.08977493163543675,-0.8795095607072603,9530.52144604931,3299.0,Discesa,54.983333333333334,32.96412610078528,Giro d'Italia-Giro d'Italia
1734862351.0,46.503246,12.942419,1455.80175,7.6,10.7,POINT (1440743.4927131888 5861364.783026676),5.0,15.467031246579857,-4.212258999999904,16.03035188215648,-15.234352394233042,3.2060703764312963,-5.950631318231282,-1.1901262636462564,-0.2658896086884478,-2.5777513240988315,9541.152928815314,3304.0,Discesa,55.06666666666667,11.541853355152668,Giro d'Italia-Giro d'Italia
1734862362.0,46.503329,12.942366,1455.728295,6.9,10.6,POINT (1440737.5927801768 5861378.206452282),11.0,14.66279525048609,-0.07345500000019456,14.662979240069273,-0.28702755549284614,1.3329981127335702,-1.8730722636977262,-0.17027929669979328,-0.005009575887300901,-0.049143733903186264,9551.236381897184,3315.0,Discesa,55.25,4.798793205840853,Giro d'Italia-Giro d'Italia
1734862365.0,46.503442,12.942343,1454.73547,6.8,10.4,POINT (1440735.0324318886 5861396.481751414),3.0,18.453778521376105,-0.9928249999998116,18.480466530816443,-3.0795803122586602,6.160155510272148,4.827157397538578,1.6090524658461927,-0.053748816028508714,-0.5270220442626384,9563.92104737436,3318.0,Discesa,55.3,22.17655983697973,Giro d'Italia-Giro d'Italia
1734862367.0,46.503533,12.942355,1454.029046,6.5,10.4,POINT (1440736.368265778 5861411.199055318),2.0,14.777803841443433,-0.70642399999997,14.794678815167169,-2.736829238676823,7.397339407583584,1.2371838973114366,0.6185919486557183,-0.0477666812797603,-0.4684129697290358,9574.078561123126,3320.0,Discesa,55.333333333333336,26.630421867300903,Giro d'Italia-Giro d'Italia
1734862369.0,46.503631,12.942348,1452.845994,6.6,10.3,POINT (1440735.5890293426 5861427.048487073),2.0,15.868575751445622,-1.1830520000000888,15.912614757294673,-4.263691965153646,7.956307378647336,0.5589679710637521,0.27948398553187603,-0.07441546308275845,-0.7293421161145475,9584.985596541937,3322.0,Discesa,55.36666666666667,28.64270656313041,Giro d'Italia-Giro d'Italia
1734862371.0,46.503729,12.942281,1451.588904,6.8,10.2,POINT (1440728.1306234596 5861442.8979474),2.0,17.51665524509719,-1.257090000000062,17.561705106386768,-4.104817958879983,8.780852553193384,0.8245451745460475,0.41227258727302374,-0.07164258857744892,-0.7022127307852208,9597.03227971375,3324.0,Discesa,55.4,31.61106919149618,Giro d'Italia-Giro d'Italia
1734862373.0,46.503855,12.942254,1450.500287,7.0,10.2,POINT (1440725.1249972081 5861463.2758669425),2.0,20.59838328724483,-1.0886169999998856,20.6271297329739,-3.025246433651432,10.31356486648695,1.5327123132935654,0.7663561566467827,-0.05280051095143367,-0.5177323703417264,9611.191080388708,3326.0,Discesa,55.43333333333333,37.128833519353016,Giro d'Italia-Giro d'Italia
1734862375.0,46.50397,12.942218,1448.334343,7.6,10.2,POINT (1440721.1174955396 5861481.87480299),2.0,19.025784917283403,-2.1659440000000814,19.148676328401006,-6.494736808746182,9.574338164200503,-0.7392267022864463,-0.36961335114322313,-0.11335454136309012,-1.109628168318154,9624.26985347751,3328.0,Discesa,55.46666666666667,34.46761739112181,Giro d'Italia-Giro d'Italia
1734862377.0,46.504075,12.942194,1446.341851,5.8,10.2,POINT (1440718.4458277605 5861498.85647461),2.0,17.190549140060245,-1.9924920000000839,17.305635039110538,-6.611437396971694,8.652817519555269,-0.9215206446452342,-0.4607603223226171,-0.11539135086663944,-1.129478720418309,9636.086254835978,3330.0,Discesa,55.5,31.15014307039897,Giro d'Italia-Giro d'Italia
1734862379.0,46.504194,12.942157,1444.420604,7.2,10.2,POINT (1440714.327006601 5861518.102408764),2.0,19.681734405286253,-1.921246999999994,19.77528404941981,-5.575305774393165,9.887642024709905,1.234824505154636,0.617412252577318,-0.09730744256861289,-0.9530802704476403,9649.615863552282,3332.0,Discesa,55.53333333333333,35.595511288955656,Giro d'Italia-Giro d'Italia
1734862381.0,46.504285,12.942185,1442.416544,7.6,10.2,POINT (1440717.4439523434 5861532.819916247),2.0,15.04394819474223,-2.0040599999999813,15.176845316787277,-7.587908500878998,7.588422658393639,-2.299219366316266,-1.149609683158133,-0.13243398668040557,-1.295383077947949,9659.957318975337,3334.0,Discesa,55.56666666666667,27.3183215702171,Giro d'Italia-Giro d'Italia
1734862384.0,46.504368,12.942268,1441.277969,8.4,10.1,POINT (1440726.6834700792 5861546.2435984025),3.0,16.296132381355577,-1.1385749999999462,16.33585882717192,-3.996635590295977,5.445286275723973,-2.143136382669666,-0.7143787942232219,-0.06975445005305193,-0.6837363660012196,9671.169499634552,3337.0,Discesa,55.61666666666667,19.603030592606302,Giro d'Italia-Giro d'Italia
1734862387.0,46.50446,12.942258,1440.198575,8.2,10.0,POINT (1440725.5702751714 5861561.1228845),3.0,14.920869869745603,-1.079394000000093,14.959861265303177,-4.137639134854878,4.986620421767726,-0.4586658539562469,-0.15288861798541564,-0.0722154261625873,-0.7078177365561498,9681.425091165938,3340.0,Discesa,55.666666666666664,17.951833518363813,Giro d'Italia-Giro d'Italia
1734862393.0,46.504564,12.942233,1438.850921,6.7,10.5,POINT (1440722.7872879014 5861577.942977365),6.0,17.048769519861715,-1.3476539999999204,17.101950574278995,-4.5196612425603195,2.8503250957131656,-2.1362953260545603,-0.35604922100909336,-0.07888296975745565,-0.7730396414478343,9693.144025229905,3346.0,Discesa,55.766666666666666,10.261170344567397,Giro d'Italia-Giro d'Italia
1734862398.0,46.504649,12.942179,1437.776179,6.7,10.2,POINT (1440716.7760353985 5861591.690192546),5.0,15.004035519721342,-1.0747420000000147,15.042478261364504,-4.097110192070886,3.008495652272901,0.15817055655973533,0.031634111311947065,-0.07150806266865424,-0.7008964106054004,9703.461851671995,3351.0,Discesa,55.85,10.830584348182443,Giro d'Italia-Giro d'Italia
1734863200.0,46.500565,12.927962,1765.258649,4.8,3.8,POINT (1439134.1468347907 5860931.2012284035),3.0,17.539517759677572,-0.9280059999998684,17.564050739453034,-3.028663355505402,5.854683579817678,5.312243711667143,1.7707479038890475,-0.05286014748806879,-0.5183165885275853,10913.158788353381,4153.0,Discesa,69.21666666666667,21.076860887343642,Giro d'Italia-Valvan
1734863202.0,46.500662,12.927852,1764.421078,4.8,3.9,POINT (1439121.9016908032 5860946.8880747305),2.0,19.9002688163242,-0.8375710000000254,19.917887040095554,-2.410066779640944,9.958943520047777,4.104259940230099,2.0521299701150495,-0.04206360049767111,-0.4125222466348936,10926.854138797646,4155.0,Discesa,69.25,35.852196672172,Giro d'Italia-Valvan
1734863204.0,46.500793,12.927798,1762.80166,4.8,4.2,POINT (1439115.8904383003 5860968.073447696),2.0,22.021698034831264,-1.619417999999996,22.08116163149066,-4.205811153088647,11.04058081574533,1.0816372956975524,0.5408186478487762,-0.07340525233849618,-0.7194590051523252,10941.994711018844,4157.0,Discesa,69.28333333333333,39.74609093668319,Giro d'Italia-Valvan
1734863206.0,46.500889,12.927809,1761.124294,4.8,4.3,POINT (1439117.114952699 5860983.598638919),2.0,15.573406757390137,-1.67736600000012,15.66347837260553,-6.14746173647842,7.831739186302765,-3.2088416294425643,-1.6044208147212822,-0.10729344794191643,-1.050530416588687,10952.699529952288,4159.0,Discesa,69.31666666666666,28.194261070689954,Giro d'Italia-Valvan
1734863208.0,46.500987,12.927798,1759.505081,4.4,4.0,POINT (1439115.8904383003 5860999.447299901),2.0,15.895895396039561,-1.6192129999999452,15.978151995183941,-5.816292272190855,7.9890759975919705,0.1573368112892055,0.07866840564460276,-0.10151345040803265,-0.9941374656335279,10963.625992531357,4161.0,Discesa,69.35,28.760673591331095,Giro d'Italia-Valvan
1734863210.0,46.501072,12.927748,1758.279053,3.9,4.0,POINT (1439110.3244637607 5861013.193610623),2.0,14.830412368442383,-1.226028000000042,14.881003853061559,-4.7258871300452014,7.4405019265307795,-0.548574071061191,-0.2742870355305955,-0.0824822904969142,-0.8082340948743159,10973.824448210407,4163.0,Discesa,69.38333333333334,26.785806935510806,Giro d'Italia-Valvan
1734863212.0,46.501152,12.927685,1756.099292,3.6,4.0,POINT (1439103.311335841 5861026.13133446),2.0,14.71627199129593,-2.1797609999998713,14.876828268785035,-8.425340564548172,7.438414134392517,-0.0020877921382620457,-0.0010438960691310228,-0.14704993345320344,-1.4373665558045114,10983.947186310434,4165.0,Discesa,69.41666666666667,26.778290883813064,Giro d'Italia-Valvan
1734863214.0,46.501249,12.927648,1754.386245,4.2,4.2,POINT (1439099.1925146815 5861041.818350151),2.0,16.21872834190121,-1.7130470000001878,16.308944755949085,-6.029313728576244,8.154472377974542,0.7160582435820251,0.35802912179101254,-0.10523137619935118,-1.0304155984017183,10995.097591017326,4167.0,Discesa,69.45,29.356100560708352,Giro d'Italia-Valvan
1734863216.0,46.501354,12.927602,1752.878226,4.2,4.6,POINT (1439094.071818105 5861058.799171876),2.0,17.736116820900477,-1.5080189999998765,17.80011126900586,-4.8599032122867225,8.90005563450293,0.7455832565283877,0.3727916282641939,-0.08482131238265225,-0.8310996581104528,11007.291915918777,4169.0,Discesa,69.48333333333333,32.04020028421055,Giro d'Italia-Valvan
1734863218.0,46.501448,12.927575,1752.552182,5.7,5.3,POINT (1439091.0661918535 5861074.001078192),2.0,15.496184846707967,-0.3260440000001381,15.499614494989148,-1.2053411475064464,7.749807247494574,-1.1502483870083564,-0.5751241935041782,-0.02103717163375413,-0.20635943178040916,11017.94461643693,4171.0,Discesa,69.51666666666667,27.899306090980467,Giro d'Italia-Valvan
1734863220.0,46.501538,12.927523,1750.461523,5.1,5.2,POINT (1439085.2775783325 5861088.556119506),2.0,15.66388438897161,-2.0906589999999596,15.802788652809015,-7.602338138052672,7.901394326404508,0.15158707890993384,0.07579353945496692,-0.13268583135895434,-1.2978319991866738,11028.715988662947,4173.0,Discesa,69.55,28.44501957505623,Giro d'Italia-Valvan
1734863222.0,46.501639,12.92753,1747.633304,5.6,4.7,POINT (1439086.0568147681 5861104.890139008),2.0,16.35259620073709,-2.82821899999999,16.595367583043227,-9.812367369218407,8.297683791521614,0.39628946511710605,0.19814473255855303,-0.1712581180081153,-1.6718417504863794,11039.95611167408,4175.0,Discesa,69.58333333333333,29.87166164947781,Giro d'Italia-Valvan
1734863224.0,46.501728,12.927622,1744.151961,5.4,4.2,POINT (1439096.2982079207 5861119.283508075),2.0,17.665084398857093,-3.4813429999999244,18.004859230285383,-11.148686872684499,9.002429615142692,0.704745823621078,0.352372911810539,-0.19458129320221437,-1.8968198747454434,11052.111323277823,4177.0,Discesa,69.61666666666666,32.40874661451369,Giro d'Italia-Valvan
1734863226.0,46.501815,12.927773,1741.635996,5.9,4.1,POINT (1439113.1074510308 5861133.353453419),2.0,21.92062991585887,-2.515965000000051,22.06454386089303,-6.547536515564403,11.032271930446514,2.0298423153038225,1.0149211576519113,-0.11427607009115578,-1.1186098749925193,11067.206840599825,4179.0,Discesa,69.65,39.71617894960745,Giro d'Italia-Valvan
1734863228.0,46.50182,12.927945,1738.916183,3.8,4.0,POINT (1439132.254403447 5861134.162071652),2.0,19.16401967953171,-2.719812999999931,19.356059336353752,-8.077637168972501,9.678029668176876,-1.3542422622696382,-0.6771211311348191,-0.1409813643800437,-1.3784502861017525,11080.421260592815,4181.0,Discesa,69.68333333333334,34.84090680543675,Giro d'Italia-Valvan
1734863230.0,46.501806,12.928122,1737.259109,4.4,4.1,POINT (1439151.9579533176 5861131.897940788),2.0,19.83320866795383,-1.657073999999966,19.902312938653004,-4.775996953194512,9.951156469326502,0.2731268011496262,0.1365634005748131,-0.08335687189846175,-0.8167842597042329,11094.096627419001,4183.0,Discesa,69.71666666666667,35.82416328957541,Giro d'Italia-Valvan
1734863232.0,46.501815,12.928288,1734.625826,4.8,4.2,POINT (1439170.4369887894 5861133.353453419),2.0,18.53626901472576,-2.6332830000001195,18.72237827692764,-8.085400391787156,9.36118913846382,-0.5899673308626827,-0.29498366543134136,-0.14111685817872535,-1.3797662801117332,11106.878009699602,4185.0,Discesa,69.75,33.70028089846975,Giro d'Italia-Valvan
1734863234.0,46.5018,12.928493,1731.604961,3.5,4.8,POINT (1439193.2574844018 5861130.9275991665),2.0,22.94906945505904,-3.020864999999958,23.147038994250398,-7.498926786266138,11.573519497125199,2.2123303586613794,1.1061651793306897,-0.1308809627863412,-1.2802797652589901,11122.701915638323,4187.0,Discesa,69.78333333333333,41.664670189650714,Giro d'Italia-Valvan
1734863236.0,46.5018,12.928655,1731.368658,3.8,5.1,POINT (1439211.29124191 5861130.9275991665),2.0,18.033757508266717,-0.23630299999990712,18.035305624656743,-0.7507248434496149,9.017652812328372,-2.555866684796827,-1.2779333423984136,-0.013102620294714765,-0.12853302728787047,11135.13704535278,4189.0,Discesa,69.81666666666666,32.46355012438214,Giro d'Italia-Valvan
1734863238.0,46.501784,12.928843,1729.612141,3.8,4.9,POINT (1439232.2193061796 5861128.340022036),2.0,21.087423490661408,-1.7565170000000307,21.160453242919626,-4.7615685890902135,10.580226621459813,1.5625738091314414,0.7812869045657207,-0.08310504943916518,-0.8143224330871084,11149.677128687756,4191.0,Discesa,69.85,38.088815837255325,Giro d'Italia-Valvan
1734863240.0,46.501779,12.929006,1727.7217,3.9,4.5,POINT (1439250.3643831788 5861127.531404339),2.0,18.163085692889428,-1.8904410000000098,18.26120064677363,-5.942035065535256,9.130600323386815,-1.4496262980729977,-0.7248131490364988,-0.10370807616254725,-1.015553498848207,11162.201361669511,4193.0,Discesa,69.88333333333334,32.87016116419254,Giro d'Italia-Valvan
1734863242.0,46.501769,12.929179,1725.878346,3.7,6.9,POINT (1439269.622655086 5861125.914169168),2.0,19.3260571884134,-1.8433540000000903,19.413769351136878,-5.448491228998785,9.706884675568439,0.5762843521816237,0.28814217609081183,-0.09509411121206114,-0.9314678882255248,11175.527302993243,4195.0,Discesa,69.91666666666667,34.94478483204638,Giro d'Italia-Valvan
1734863244.0,46.501747,12.929349,1722.913108,4.6,8.7,POINT (1439288.5469685209 5861122.356252837),2.0,19.25586683585466,-2.9652379999999994,19.482839731333094,-8.75429197379412,9.741419865666547,0.034535190098107904,0.017267595049053952,-0.15279121862362052,-1.4930567197151403,11188.803704512438,4197.0,Discesa,69.95,35.06911151639957,Giro d'Italia-Valvan
1734863246.0,46.501747,12.929491,1724.555403,5.2,10.9,POINT (1439304.3543362136 5861122.356252837),2.0,15.807367692701519,1.6422950000001038,15.892451234447412,5.931423234073092,7.946225617223706,-1.795194248442841,-0.8975971242214205,0.10352286476386577,1.0137463197042933,11199.703643619425,4199.0,Discesa,69.98333333333333,28.606412222005343,Giro d'Italia-Valvan
1734863248.0,46.501732,12.929637,1723.242718,5.4,11.2,POINT (1439320.6069818693 5861119.930401619),2.0,16.432688305501888,-1.3126850000001014,16.48503523972587,-4.567234445813344,8.242517619862936,0.2962920026392295,0.14814600131961475,-0.07971327878994139,-0.7811593765337401,11211.033988097264,4201.0,Discesa,70.01666666666667,29.67306343150657,Giro d'Italia-Valvan
1734863250.0,46.501709,12.929764,1722.004071,5.0,11.0,POINT (1439334.7445572002 5861116.210764384),2.0,14.61871189246578,-1.2386469999999008,14.671093476136303,-4.843117457808737,7.335546738068151,-0.9069708817947841,-0.45348544089739207,-0.08452834569958002,-0.8282359518575626,11221.1122226516,4203.0,Discesa,70.05,26.407968257045347,Giro d'Italia-Valvan
1734863253.0,46.501648,12.929903,1720.613455,5.9,10.4,POINT (1439350.2179664203 5861106.345647168),3.0,18.350665671020597,-1.3906160000001364,18.40328077895434,-4.333599396992604,6.134426926318113,-1.2011198117500381,-0.40037327058334604,-0.07563557793996178,-0.7412777712766313,11233.75427678145,4206.0,Discesa,70.1,22.083936934745207,Giro d'Italia-Valvan
1734863255.0,46.5016,12.930016,1719.943266,6.6,10.2,POINT (1439362.79706888 5861098.5829397645),2.0,14.78152376877919,-0.6701889999999366,14.796709033521779,-2.595992275374639,7.3983545167608895,1.2639275904427762,0.6319637952213881,-0.045308612561626764,-0.44432542906025935,11243.937932794748,4208.0,Discesa,70.13333333333334,26.634076260339203,Giro d'Italia-Valvan
1734863257.0,46.501526,12.930105,1719.578664,4.7,10.0,POINT (1439372.7045035604 5861086.615445939),2.0,15.536349970760252,-0.36460200000010445,15.540627562371673,-1.3443519327782945,7.770313781185837,0.3719592644249472,0.1859796322124736,-0.02346336753253072,-0.23015451632476894,11254.630808174557,4210.0,Discesa,70.16666666666667,27.973129612269013,Giro d'Italia-Valvan
1734863260.0,46.501467,12.930252,1718.135679,4.8,9.9,POINT (1439389.0684687071 5861077.07380713),3.0,18.942603477057204,-1.4429849999999078,18.99748489140719,-4.356190175955877,6.332494963802397,-1.43781881738344,-0.4792729391278134,-0.07602986141346119,-0.7451345760196868,11267.68216632269,4213.0,Discesa,70.21666666666667,22.79698186968863,Giro d'Italia-Valvan
1734863262.0,46.501432,12.930378,1717.60425,4.8,9.9,POINT (1439403.0947245471 5861071.413517814),2.0,15.125300923404204,-0.5314289999998891,15.134633950167839,-2.0122653341953405,7.567316975083919,1.2348220112815227,0.6174110056407613,-0.03512065550545273,-0.34446280677578583,11278.107201629278,4215.0,Discesa,70.25,27.24234111030211,Giro d'Italia-Valvan
1734863265.0,46.501333,12.930494,1715.702507,4.1,9.9,POINT (1439416.007785479 5861055.403004908),3.0,20.568997694336478,-1.901743000000124,20.656725117686705,-5.282364953687795,6.885575039228901,-0.6817419358550181,-0.2272473119516727,-0.0921946607338098,-0.9031489127009533,11292.263271941149,4218.0,Discesa,70.3,24.788070141224043,Giro d'Italia-Valvan
1734863268.0,46.50124,12.930631,1715.708929,4.1,10.0,POINT (1439431.2585557178 5861040.362852671),3.0,21.41943445052012,0.00642199999992954,21.419435413245893,0.017178487408410277,7.139811804415298,0.2542367651863966,0.08474558839546553,0.0002998211657891472,0.0029412455923254334,11307.009964114206,4221.0,Discesa,70.35,25.703322495895073,Giro d'Italia-Valvan
1734863271.0,46.501193,12.930768,1713.300049,4.3,10.2,POINT (1439446.5093259567 5861032.761925306),3.0,17.039955683297,-2.4088799999999537,17.209380945958674,-8.046389191630025,5.736460315319558,-1.4033514890957397,-0.4677838296985799,-0.1404359842908289,-1.373152984073428,11318.752513752226,4224.0,Discesa,70.4,20.65125713515041,Giro d'Italia-Valvan
1734863275.0,46.501166,12.930904,1713.300049,5.5,10.5,POINT (1439461.6487767044 5861028.395438092),4.0,15.756559889031479,0.0,15.756559889031479,0.0,3.9391399722578697,-1.7973203430616884,-0.4493300857654221,0.0,0.0,11329.614879436753,4228.0,Discesa,70.46666666666667,14.180903900128332,Giro d'Italia-Valvan
1734863291.0,46.501177,12.931059,1713.300049,2.1,10.7,POINT (1439478.9032977773 5861030.174377065),16.0,17.34598285840156,0.0,17.34598285840156,0.0,1.0841239286500974,-2.8550160436077725,-0.17843850272548578,0.0,0.0,11341.575493978733,4244.0,Discesa,70.73333333333333,3.902846143140351,Giro d'Italia-Valvan
1734863295.0,46.501232,12.931188,1713.300049,2.6,10.6,POINT (1439493.2635120896 5861039.069077336),4.0,16.891756806451365,0.0,16.891756806451365,0.0,4.222939201612841,3.138815272962744,0.784703818240686,0.0,0.0,11353.213018867395,4248.0,Discesa,70.8,15.20258112580623,Giro d'Italia-Valvan
1734863300.0,46.50132,12.931266,1713.300049,3.2,10.5,POINT (1439501.9464323716 5861053.300616489),5.0,16.671227047660015,0.0,16.671227047660015,0.0,3.334245409532003,-0.8886937920808382,-0.17773875841616765,0.0,0.0,11364.68207569312,4253.0,Discesa,70.88333333333334,12.00328347431521,Giro d'Italia-Valvan
1734863314.0,46.501417,12.931264,1713.300049,2.3,10.0,POINT (1439501.72379339 5861068.987680649),14.0,15.688643985211302,0.0,15.688643985211302,0.0,1.120617427515093,-2.2136279820169102,-0.1581162844297793,0.0,0.0,11375.465796259414,4267.0,Discesa,71.11666666666666,4.034222739054335,Giro d'Italia-Valvan
1734863322.0,46.501511,12.931293,1713.300049,3.1,10.0,POINT (1439504.952058623 5861084.189604584),8.0,15.540919784008315,0.0,15.540919784008315,0.0,1.9426149730010394,0.8219975454859463,0.10274969318574328,0.0,0.0,11386.149426022212,4275.0,Discesa,71.25,6.993413902803741,Giro d'Italia-Valvan
1734863334.0,46.501588,12.931366,1713.300049,3.5,10.0,POINT (1439513.078381451 5861096.642263982),12.0,14.869628401388574,0.0,14.869628401388574,0.0,1.2391357001157146,-0.7034792728853247,-0.05862327274044373,0.0,0.0,11396.37990757823,4287.0,Discesa,71.45,4.460888520416573,Giro d'Italia-Valvan
1734863347.0,46.501688,12.931428,1713.300049,3.8,10.2,POINT (1439519.9801898801 5861112.814575242),13.0,17.583475511491546,0.0,17.583475511491546,0.0,1.3525750393455036,0.113439339229789,0.008726103017676077,0.0,0.0,11408.471943370825,4300.0,Discesa,71.66666666666667,4.869270141643813,Giro d'Italia-Valvan
1734863351.0,46.501784,12.931476,1713.300049,3.9,10.2,POINT (1439525.323525438 5861128.340022036),4.0,16.41921840521569,0.0,16.41921840521569,0.0,4.104804601303923,2.752229561958419,0.6880573904896048,0.0,0.0,11419.761569589491,4304.0,Discesa,71.73333333333333,14.777296564694122,Giro d'Italia-Valvan
1734863355.0,46.501902,12.93148,1711.200963,4.3,10.1,POINT (1439525.7688034014 5861147.423421278),4.0,19.088593428698665,-2.099085999999943,19.20366009701155,-6.275343272717727,4.8009150242528875,0.6961104229489647,0.1740276057372412,-0.10952540180180079,-1.0722973410263572,11432.882174785427,4308.0,Discesa,71.8,17.283294087310395,Giro d'Italia-Valvan
1734863358.0,46.501989,12.93144,1711.195833,4.4,10.0,POINT (1439521.3160237696 5861161.493411651),3.0,14.757773394114613,-0.005130000000008295,14.757774285742995,-0.019916780751010464,4.919258095247665,0.11834307099477748,0.03944769033159249,-0.00034761340050296156,-0.0034100873902576903,11443.028893557233,4311.0,Discesa,71.85,17.709329142891594,Giro d'Italia-Valvan
1734863362.0,46.502068,12.931371,1710.230308,5.0,10.4,POINT (1439513.6349789049 5861174.269629311),4.0,14.907387024814083,-0.9655250000000706,14.938621972364801,-3.7057699280501084,3.7346554930912004,-1.1846026021564646,-0.29615065053911616,-0.06467788656586776,-0.6340477901859174,11453.284177328498,4315.0,Discesa,71.91666666666667,13.444759775128322,Giro d'Italia-Valvan
1734863368.0,46.502161,12.931363,1709.410955,4.9,10.8,POINT (1439512.7444229785 5861189.3100106),6.0,15.066723571470694,-0.8193529999998646,15.088986000315575,-3.1127718184834157,2.5148310000525957,-1.2198244930386046,-0.20330408217310078,-0.05432811709582689,-0.5326966921322988,11463.640384001297,4321.0,Discesa,72.01666666666667,9.053391600189345,Giro d'Italia-Valvan
1734863379.0,46.50211,12.931249,1708.501701,4.2,11.3,POINT (1439500.054001028 5861181.062056386),11.0,15.135242251077246,-0.9092540000001463,15.162529499899088,-3.437928413930395,1.378411772718099,-1.1364192273344969,-0.10331083884859062,-0.06000317027095188,-0.588277947954581,11474.066932034917,4332.0,Discesa,72.2,4.9622823817851565,Giro d'Italia-Valvan
1734863397.0,46.502186,12.931147,1707.154207,4.1,10.0,POINT (1439488.699412967 5861193.353128238),18.0,16.73311439322317,-1.3474939999998696,16.78728260847264,-4.604013002421845,0.9326268115818134,-0.4457849611362855,-0.024765831174238084,-0.08035518569689086,-0.787436325955879,11485.585332525521,4350.0,Discesa,72.5,3.357456521694528,Giro d'Italia-Valvan
1734863401.0,46.502254,12.931047,1706.166462,3.5,10.3,POINT (1439477.5674638876 5861204.350417618),4.0,15.648024284757092,-0.9877450000001318,15.679167841482307,-3.6118702708437276,3.919791960370577,2.9871651487887636,0.7467912871971909,-0.0630390283811224,-0.618003362676244,11496.35835374248,4354.0,Discesa,72.56666666666666,14.111251057334076,Giro d'Italia-Valvan
1734863404.0,46.502355,12.930956,1705.272675,4.5,10.4,POINT (1439467.4373902257 5861220.684652231),3.0,19.220447778035016,-0.8937869999999748,19.24121794454655,-2.662443588050522,6.41373931484885,2.493947354478273,0.8313157848260909,-0.046468406760093166,-0.4556910324112222,11509.581186849271,4357.0,Discesa,72.61666666666666,23.08946153345586,Giro d'Italia-Valvan
1734863407.0,46.502485,12.930861,1703.409538,4.7,11.1,POINT (1439456.8620386003 5861241.708959268),3.0,23.534220794781046,-1.8631369999998242,23.607855215971504,-4.526502345227119,7.869285071990501,1.4555457571416515,0.48518191904721714,-0.07900236952345825,-0.7742073052715529,11525.767753040307,4360.0,Discesa,72.66666666666667,28.329426259165803,Giro d'Italia-Valvan
1734863409.0,46.502576,12.930758,1702.547086,4.5,12.5,POINT (1439445.3961310487 5861256.426004107),2.0,18.65632452456357,-0.8624520000000757,18.676248772656038,-2.6468077201214673,9.338124386328019,1.4688393143375178,0.7344196571687589,-0.046195509383324174,-0.4530167820632169,11538.606535185196,4362.0,Discesa,72.7,33.61724779078087,Giro d'Italia-Valvan
1734863411.0,46.5026,12.930571,1700.964668,4.8,14.1,POINT (1439424.5793862701 5861260.307426632),2.0,21.175511894508745,-1.5824179999999615,21.23455558096767,-4.273694339293868,10.617277790483834,1.2791534041558155,0.6395767020779077,-0.07459003744452168,-0.7310499398401918,11553.206283293277,4364.0,Discesa,72.73333333333333,38.22220004574181,Giro d'Italia-Valvan
1734863413.0,46.502657,12.930413,1699.857582,5.0,14.5,POINT (1439406.990906725 5861269.525811994),2.0,19.85782569657328,-1.1070859999999811,19.888662117067653,-3.190971708291096,9.944331058533827,-0.6729467319500078,-0.3364733659750039,-0.05569296264766767,-0.5460655722377503,11566.889606068391,4366.0,Discesa,72.76666666666667,35.79959181072178,Giro d'Italia-Valvan
1734863415.0,46.502748,12.930318,1699.097449,5.0,14.6,POINT (1439396.4155550995 5861284.242903392),2.0,18.122660985649215,-0.7601329999999962,18.138595408092137,-2.4017940531096778,9.069297704046068,-0.8750333544877584,-0.4375166772438792,-0.04191921418158343,-0.4111070654717416,11579.359616116755,4368.0,Discesa,72.8,32.64947173456585,Giro d'Italia-Valvan
1734863418.0,46.502808,12.930205,1697.679182,4.9,13.9,POINT (1439383.8364526401 5861293.946493616),3.0,15.886896548039912,-1.4182670000000144,15.95007721647176,-5.101428528419667,5.316692405490587,-3.7526052985554816,-1.2508684328518271,-0.08903672437609232,-0.8722966717447538,11590.30119226539,4371.0,Discesa,72.85,19.14009265976611,Giro d'Italia-Valvan
1734863423.0,46.50286,12.930092,1696.508433,5.6,12.9,POINT (1439371.2573501803 5861302.356280472),5.0,15.131369193001095,-1.1707490000001144,15.176593388369602,-4.424292272261302,3.0353186776739203,-2.2813737278166664,-0.45627474556333325,-0.07721846722150111,-0.7567605849414502,11600.724543129576,4376.0,Discesa,72.93333333333334,10.927147239626112,Giro d'Italia-Valvan
1734863426.0,46.502927,12.929913,1695.623819,5.5,12.8,POINT (1439351.3311613284 5861313.19197924),3.0,22.681829069644547,-0.884614000000056,22.6990729298262,-2.233460693887465,7.5663576432754,4.53103896560148,1.51034632186716,-0.03898124282221345,-0.38230915274948174,11616.353077780796,4379.0,Discesa,72.98333333333333,27.23888751579144,Giro d'Italia-Valvan
1734863428.0,46.502982,12.929794,1695.193707,5.5,12.3,POINT (1439338.0841419238 5861322.086965822),2.0,15.956325059303627,-0.43011200000000827,15.962120965921319,-1.5440670780719397,7.981060482960659,0.41470283968525923,0.20735141984262961,-0.026949054384003687,-0.2643382247890729,11627.344615900622,4381.0,Discesa,73.01666666666667,28.731817738658375,Giro d'Italia-Valvan
1734863431.0,46.503037,12.929624,1693.617869,3.1,11.6,POINT (1439319.159828489 5861330.981961402),3.0,20.910537663026417,-1.575837999999976,20.969831920144003,-4.309718052032503,6.989943973381334,-0.9911165095793253,-0.3303721698597751,-0.07521876984060347,-0.7372005097069757,11641.754808587542,4384.0,Discesa,73.06666666666666,25.163798304172804,Giro d'Italia-Valvan
1734863435.0,46.503131,12.929528,1692.146658,4.0,10.7,POINT (1439308.4731573728 5861346.184338316),4.0,18.582712487325892,-1.4712110000000393,18.64086009799813,-4.526719163730223,4.660215024499532,-2.329728948881802,-0.5824322372204505,-0.07900615372021667,-0.7742443124472741,11654.540886321089,4388.0,Discesa,73.13333333333334,16.776774088198316,Giro d'Italia-Valvan
1734863443.0,46.503229,12.929557,1687.407416,4.2,10.4,POINT (1439311.701422606 5861362.033652874),8.0,16.17474786061036,-4.7392419999998765,16.854758470203073,-16.330717852552713,2.106844808775384,-2.553370215724148,-0.3191712769655185,-0.2850247957412627,-2.758388030430117,11665.659776623785,4396.0,Discesa,73.26666666666667,7.584641311591383,Giro d'Italia-Valvan
1734863447.0,46.503428,12.929746,1684.110869,4.1,10.6,POINT (1439332.7408063656 5861394.217552999),4.0,38.45073596520274,-3.2965469999999186,38.591790816039406,-4.900230922316824,9.647947704009852,7.541102895234467,1.8852757238086169,-0.08552516370246707,-0.8379794092519416,11692.149353278395,4400.0,Discesa,73.33333333333333,34.732611734435466,Giro d'Italia-Valvan
1734863449.0,46.503452,12.929898,1682.581946,3.9,10.5,POINT (1439349.6613689663 5861398.099036354),2.0,17.360050453753367,-1.528923000000077,17.42724755366698,-5.033129935293721,8.71362377683349,-0.9343239271763615,-0.46716196358818074,-0.08784468905156459,-0.860648509399568,11704.117668396077,4402.0,Discesa,73.36666666666666,31.369045596600564,Giro d'Italia-Valvan
1734863451.0,46.503502,12.930027,1680.628048,4.7,10.4,POINT (1439364.0215832787 5861406.185465507),2.0,16.480476071754783,-1.953897999999981,16.595897352842535,-6.761331507041488,8.297948676421267,-0.4156751004122228,-0.2078375502061114,-0.11800749661670414,-1.1549685426752037,11715.472690366043,4404.0,Discesa,73.4,29.872615235116562,Giro d'Italia-Valvan
1734863453.0,46.503574,12.930121,1679.009105,4.7,10.4,POINT (1439374.4856154132 5861417.829936555),2.0,15.655340126832225,-1.6189429999999447,15.738826224469602,-5.904059191597456,7.869413112234801,-0.42853556418646654,-0.21426778209323327,-0.10304527212601035,-1.009086103594404,11726.248450143388,4406.0,Discesa,73.43333333333334,28.329887204045285,Giro d'Italia-Valvan
1734863455.0,46.503588,12.930297,1677.698968,4.5,10.4,POINT (1439394.0778457928 5861420.09414105),2.0,19.72262947084968,-1.310137000000168,19.76609653429826,-3.800466808131832,9.88304826714913,2.013635154914329,1.0068175774571646,-0.06633065891466007,-0.6502267125782778,11739.84712339101,4408.0,Discesa,73.46666666666667,35.57897376173687,Giro d'Italia-Valvan
1734863457.0,46.503598,12.930478,1674.597211,4.7,10.4,POINT (1439414.2266736266 5861421.711430332),2.0,20.213631234810183,-3.101756999999907,20.45022699590257,-8.723919370209083,10.225113497951286,0.3420652308021559,0.17103261540107795,-0.15226111668865863,-1.4879167931043369,11753.784637514551,4410.0,Discesa,73.5,36.81040859262463,Giro d'Italia-Valvan
1734863459.0,46.503621,12.930666,1671.087419,2.8,10.4,POINT (1439435.1547378956 5861425.43119681),2.0,21.256070584640614,-3.5097920000000613,21.54388954164239,-9.376051013304918,10.771944770821195,0.546831272869909,0.2734156364349545,-0.1636429610171215,-1.5981821413189334,11768.43979201197,4412.0,Discesa,73.53333333333333,38.7790011749563,Giro d'Italia-Valvan
1734863461.0,46.50362,12.93086,1666.991563,4.1,10.4,POINT (1439456.7507191093 5861425.269467799),2.0,21.59658678719142,-4.0958559999999125,21.98155129260504,-10.738773177719443,10.99077564630252,0.2188308754813253,0.10941543774066265,-0.18742694957605843,-1.8279122717565655,11783.331161494156,4414.0,Discesa,73.56666666666666,39.566792326689075,Giro d'Italia-Valvan
1734863463.0,46.503603,12.931076,1663.19805,3.9,10.5,POINT (1439480.7957291207 5861422.520075085),2.0,24.201687270654336,-3.7935130000000754,24.497191831467575,-8.908387677992918,12.248595915733787,1.2578202694312672,0.6289101347156336,-0.1554806960250688,-1.5191276937382463,11800.018132170324,4416.0,Discesa,73.6,44.09494529664163,Giro d'Italia-Valvan
1734863465.0,46.503631,12.931253,1658.920877,4.0,10.7,POINT (1439500.4992789913 5861427.048487073),2.0,20.217230093036164,-4.277172999999948,20.664718761858232,-11.945401252185045,10.332359380929116,-1.9162365348046713,-0.9581182674023356,-0.20848658232248252,-2.0304688204828203,11813.956182537166,4418.0,Discesa,73.63333333333334,37.19649377134482,Giro d'Italia-Valvan
1734863467.0,46.503694,12.931397,1654.294821,3.9,10.6,POINT (1439516.5292856656 5861437.237422574),2.0,18.99409172962713,-4.626056000000062,19.549320058473295,-13.688028031663226,9.774660029236648,-0.5576993516924684,-0.2788496758462342,-0.23890115725780192,-2.3213906787684304,11827.041079605593,4420.0,Discesa,73.66666666666667,35.18877610525193,Giro d'Italia-Valvan
1734863469.0,46.503763,12.931572,1650.871486,4.1,10.7,POINT (1439536.0101965542 5861448.396746432),2.0,22.450754954367078,-3.423334999999952,22.71025364330532,-8.669791030113315,11.35512682165266,1.5804667924160132,0.7902333962080066,-0.15131639893534818,-1.4787556703444977,11842.509232314427,4422.0,Discesa,73.7,40.87845655794958,Giro d'Italia-Valvan
1734863471.0,46.503811,12.931785,1646.67554,4.1,10.9,POINT (1439559.7212480933 5861456.159762687),2.0,24.94951675799384,-4.195946000000049,25.299888325688947,-9.546523288107798,12.649944162844474,1.2948173411918127,0.6474086705959063,-0.1666182634957963,-1.6269728043900202,11859.707185405741,4424.0,Discesa,73.73333333333333,45.53979898624011,Giro d'Italia-Valvan
1734863472.0,46.503848,12.931906,1643.414289,4.3,11.1,POINT (1439573.1909064793 5861462.143759062),1.0,14.739060677157896,-3.261250999999902,15.095551256245747,-12.476580475929655,15.095551256245747,2.4456070934012732,2.4456070934012732,-0.21775740869501362,-2.1193576681581647,11869.864762841136,4425.0,Discesa,73.75,54.34398452248469,Giro d'Italia-Valvan
1734863473.0,46.503889,12.932041,1641.405338,4.1,11.2,POINT (1439588.2190377363 5861468.774678721),1.0,16.426010611521807,-2.0089510000000246,16.54840502073321,-6.9728189477794915,16.54840502073321,1.4528537644874628,1.4528537644874628,-0.12169864878419868,-1.1909189607885877,11881.184978737021,4426.0,Discesa,73.76666666666667,59.57425807463956,Giro d'Italia-Valvan
1734863474.0,46.503927,12.932176,1639.348526,4.2,11.5,POINT (1439603.2471689936 5861474.920413601),1.0,16.236218349808667,-2.0568120000000363,16.36597879462172,-7.219800000884077,16.36597879462172,-0.18242622611148818,-0.18242622611148818,-0.12600928135091666,-1.2328823086726193,11892.375089113126,4427.0,Discesa,73.78333333333333,58.917523660638196,Giro d'Italia-Valvan
1734863475.0,46.50397,12.93232,1636.269647,4.4,11.8,POINT (1439619.2771756677 5861481.87480299),1.0,17.473541305115177,-3.0788789999999153,17.74272080708612,-9.993074231008581,17.74272080708612,1.3767420124643976,1.3767420124643976,-0.17441204772730018,-1.7023208175567033,11904.417382543566,4428.0,Discesa,73.8,63.87379490551003,Giro d'Italia-Valvan
1734863476.0,46.504012,12.932464,1635.149298,4.2,12.1,POINT (1439635.3071823418 5861488.667467701),1.0,17.409807806328104,-1.120349000000033,17.44581868916114,-3.681998182272739,17.44581868916114,-0.29690211792497934,-0.29690211792497934,-0.0642629913331056,-0.6299861236565902,11916.41597882389,4429.0,Discesa,73.81666666666666,62.8049472809801,Giro d'Italia-Valvan
1734863477.0,46.504042,12.932606,1633.441584,4.1,12.1,POINT (1439651.1145500345 5861493.51937428),1.0,16.535231199577744,-1.7077140000001236,16.62318134200808,-5.896448359651801,16.62318134200808,-0.8226373471530586,-0.8226373471530586,-0.10291243804974269,-1.0077899046716101,11927.814218298914,4430.0,Discesa,73.83333333333333,59.843452831229094,Giro d'Italia-Valvan
1734863478.0,46.50408,12.932748,1632.226625,4.1,12.3,POINT (1439666.9219177272 5861499.665126458),1.0,16.960045495234265,-1.214958999999908,17.00350753733173,-4.097471915664397,17.00350753733173,0.3803261953236472,0.3803261953236472,-0.07151437593634315,-0.7009581854703283,11939.503607359995,4431.0,Discesa,73.85,61.212627134394225,Giro d'Italia-Valvan
1734863479.0,46.504102,12.932875,1630.988546,4.7,12.2,POINT (1439681.059493058 5861503.223195471),1.0,14.578439262565022,-1.2380789999999706,14.630916954946409,-4.854216221205195,14.630916954946409,-2.3725905823853193,-2.3725905823853193,-0.08472205566374803,-0.8301294462541223,11949.553806376947,4432.0,Discesa,73.86666666666666,52.671301037807076,Giro d'Italia-Valvan
1734863481.0,46.504134,12.933039,1629.33827,4.7,11.6,POINT (1439699.315889548 5861508.398571151),2.0,18.975787895083915,-1.6502760000000762,19.047412871972654,-4.970362516435746,9.523706435986327,-5.107210518960082,-2.553605259480041,-0.08674919092951455,-0.8499425968669154,11962.634861467026,4434.0,Discesa,73.9,34.28534316955078,Giro d'Italia-Valvan
1734863483.0,46.504129,12.933184,1628.684091,4.8,11.0,POINT (1439715.457215713 5861507.5899185),2.0,16.161569523954316,-0.6541789999998855,16.17480385172104,-2.317921257296626,8.08740192586052,-1.4363045101258063,-0.7181522550629031,-0.040455357741792757,-0.3967588138211666,11973.778463873765,4436.0,Discesa,73.93333333333334,29.114646933097873,Giro d'Italia-Valvan
1734863486.0,46.504106,12.933354,1626.95933,4.7,10.4,POINT (1439734.3815291477 5861503.870117264),3.0,19.286434616256646,-1.7247610000001714,19.363402611996275,-5.110293495960305,6.454467537332092,-1.6329343885284286,-0.5443114628428095,-0.08919144724775886,-0.873808480309098,11987.075236624807,4439.0,Discesa,73.98333333333333,23.236083134395532,Giro d'Italia-Valvan
1734863488.0,46.504067,12.933478,1626.435493,4.7,10.3,POINT (1439748.1851460063 5861497.562631807),2.0,15.176436049437989,-0.5238369999999577,15.185473860411795,-1.9768632359113267,7.592736930205898,1.1382693928738057,0.5691346964369028,-0.034502772328282055,-0.33840504532403387,11997.5339238055,4441.0,Discesa,74.01666666666667,27.33385294874123,Giro d'Italia-Valvan
1734863490.0,46.503987,12.933602,1624.873311,3.0,10.1,POINT (1439761.9887628646 5861484.624214265),2.0,18.919368035989454,-1.5621819999998934,18.98375356673024,-4.720234223922689,9.49187678336512,1.8991398531592223,0.9495699265796111,-0.08238362867277021,-0.8072695089582609,12010.559789675006,4443.0,Discesa,74.05,34.17075642011443,Giro d'Italia-Valvan
1734863492.0,46.503894,12.933746,1623.272235,3.9,10.1,POINT (1439778.018769539 5861469.583327802),2.0,21.981569087818897,-1.6010760000001483,22.03980090473441,-4.165907619526349,11.019900452367205,1.528023669002085,0.7640118345010425,-0.07270880429465401,-0.7126450746035324,12025.69396066819,4445.0,Discesa,74.08333333333333,39.67164162852194,Giro d'Italia-Valvan
1734863494.0,46.50379,12.933827,1620.470347,4.0,10.1,POINT (1439787.035648293 5861452.763442232),2.0,19.08435623860568,-2.8018879999999626,19.288940598346798,-8.35226491230413,9.644470299173399,-1.3754301531938058,-0.6877150765969029,-0.14577452271850252,-1.4249886425776763,12038.820513974408,4447.0,Discesa,74.11666666666666,34.72009307702424,Giro d'Italia-Valvan
1734863501.0,46.503677,12.933916,1616.759806,4.2,3.8,POINT (1439796.9430829736 5861434.488026118),7.0,20.788172024053534,-3.710540999999921,21.116728217560656,-10.120310986549814,3.0166754596515224,-6.627794839521877,-0.9468278342174109,-0.17663274804104984,-1.7237711654463914,12053.119188154342,4454.0,Discesa,74.23333333333333,10.86003165474548,Giro d'Italia-Valvan
1734863503.0,46.503576,12.933936,1616.29618,4.1,3.8,POINT (1439799.1694727894 5861418.153394305),2.0,16.485660680430104,-0.46362599999997656,16.492178665602527,-1.6109037897565246,8.246089332801263,5.229413873149741,2.6147069365748705,-0.028115575064105856,-0.27577745501180007,12064.450932280579,4456.0,Discesa,74.26666666666667,29.685921598084548,Giro d'Italia-Valvan
1734863505.0,46.503462,12.933971,1614.271361,4.2,3.8,POINT (1439803.0656549672 5861399.716321588),2.0,18.84425339344269,-2.0248189999999795,18.95272481568382,-6.132913205785954,9.47636240784191,1.230273075040646,0.615136537520323,-0.10703952818000545,-1.0480537539152321,12077.404942172481,4458.0,Discesa,74.3,34.11490466823088,Giro d'Italia-Valvan
1734863507.0,46.503354,12.933974,1612.678094,4.0,3.8,POINT (1439803.3996134398 5861382.249656782),2.0,17.469857117528626,-1.593266999999969,17.542360372542646,-5.211011857665156,8.771180186271323,-0.7051822215705865,-0.35259111078529326,-0.09094931427672308,-0.8909832507182865,12089.412554615601,4460.0,Discesa,74.33333333333333,31.576248670576764,Giro d'Italia-Valvan
1734863509.0,46.503278,12.934054,1611.49576,4.7,3.9,POINT (1439812.3051727032 5861369.958320867),2.0,15.178469104364293,-1.1823340000000826,15.224448694113608,-4.454087566531204,7.612224347056804,-1.158955839214519,-0.5794779196072595,-0.07773849320811149,-0.7618467356709828,12099.85670462837,4462.0,Discesa,74.36666666666666,27.404007649404495,Giro d'Italia-Valvan
1734863511.0,46.503206,12.934172,1608.874626,4.7,4.1,POINT (1439825.4408726168 5861358.313913218),2.0,17.553883949957225,-2.6211339999999836,17.748498110390123,-8.492619860904892,8.874249055195062,1.2620247081382576,0.6310123540691288,-0.1482241786930532,-1.4487605869562021,12111.943681563898,4464.0,Discesa,74.4,31.947296598702223,Giro d'Italia-Valvan
1734863513.0,46.503181,12.934303,1607.763294,4.6,4.2,POINT (1439840.0237259108 5861354.270719725),2.0,15.132978022049189,-1.1113319999999476,15.173730017040889,-4.200133915675793,7.586865008520444,-1.2873840466746174,-0.6436920233373087,-0.07330616585322447,-0.7184895808582192,12122.375952571292,4466.0,Discesa,74.43333333333334,27.3127140306736,Giro d'Italia-Valvan
1734863516.0,46.503129,12.934438,1605.682942,4.7,4.1,POINT (1439855.0518571679 5861345.8608832145),3.0,17.221210155130752,-2.0803520000001754,17.346410108465765,-6.888052836863708,5.782136702821922,-1.8047283056985224,-0.6015761018995075,-0.12021920105460755,-1.176511623580354,12134.241495072074,4469.0,Discesa,74.48333333333333,20.81569213015892,Giro d'Italia-Valvan
1734863527.0,46.503043,12.934505,1601.931098,4.1,3.9,POINT (1439862.510263051 5861331.952325099),11.0,15.782135697197951,-3.751843999999892,16.22196475662258,-13.372544027515918,1.474724068783871,-4.307412634038051,-0.3915829667307319,-0.23339492264805597,-2.2688737272082378,12145.096876802476,4480.0,Discesa,74.66666666666667,5.309006647621936,Giro d'Italia-Valvan
1734863530.0,46.502951,12.934596,1599.696336,4.1,4.0,POINT (1439872.6403367133 5861317.073426824),3.0,18.000000174599972,-2.234762000000046,18.138196367948034,-7.077253471392871,6.046065455982678,4.571341387198807,1.5237804623996023,-0.12352137507400392,-1.2086656674828244,12157.481477974472,4483.0,Discesa,74.71666666666667,21.76583564153764,Giro d'Italia-Valvan
1734863532.0,46.502873,12.934673,1597.35394,4.1,4.0,POINT (1439881.2119375041 5861304.458728441),2.0,15.251326349276686,-2.342396000000008,15.430157952300986,-8.731621872282577,7.715078976150493,1.6690135201678151,0.8345067600839076,-0.15239555071048277,-1.4892203197811984,12167.974887477485,4485.0,Discesa,74.75,27.774284314141774,Giro d'Italia-Valvan
1734863540.0,46.50284,12.934818,1590.960027,4.8,3.9,POINT (1439897.3532636694 5861299.121746113),8.0,17.000758534503237,-6.393912999999884,18.163367369517477,-20.61106691021458,2.2704209211896846,-5.444658054960808,-0.680582256870101,-0.35973097993209885,-3.453340190391425,12179.69381662537,4493.0,Discesa,74.88333333333334,8.173515316282865,Giro d'Italia-Valvan
1734863544.0,46.502721,12.935132,1586.404095,4.8,4.1,POINT (1439932.3075837784 5861279.876291288),4.0,39.90228095841526,-4.555931999999984,40.161530624130016,-6.513666249562119,10.040382656032504,7.76996173484282,1.942490433710705,-0.11368492243088964,-1.112848345803504,12207.1875199701,4497.0,Discesa,74.95,36.14537756171701,Giro d'Italia-Valvan
1734863546.0,46.502682,12.93532,1581.799533,2.9,4.3,POINT (1439953.2356480476 5861273.568966518),2.0,21.857864026724844,-4.604561999999987,22.337596357321793,-11.89595306506317,11.168798178660897,1.1284155226283925,0.5642077613141963,-0.20762354864806354,-2.022185041641414,12222.255314398553,4499.0,Discesa,74.98333333333333,40.20767344317923,Giro d'Italia-Valvan
1734863548.0,46.50263,12.935534,1580.227841,3.6,4.4,POINT (1439977.0580190774 5861265.159207198),2.0,25.263202752328702,-1.571692000000212,25.31204513760461,-3.5599369338845244,12.656022568802305,1.4872243901414084,0.7436121950707042,-0.062132620659636636,-0.6091289121911381,12239.669080088463,4501.0,Discesa,75.01666666666667,45.5616812476883,Giro d'Italia-Valvan
1734863550.0,46.502592,12.935724,1577.881902,4.1,4.7,POINT (1439998.208722328 5861259.013618933),2.0,22.025451257989616,-2.3459389999998166,22.150032345569983,-6.079673707717519,11.075016172784991,-1.5810063960173135,-0.7905031980086568,-0.1061103236466021,-1.0389899766715667,12254.852687903993,4503.0,Discesa,75.05,39.87005822202597,Giro d'Italia-Valvan
1734863552.0,46.502564,12.93594,1575.59152,4.2,4.7,POINT (1440022.2537323392 5861254.485293489),2.0,24.467697843589534,-2.290382000000136,24.574663527119156,-5.347782431137353,12.287331763559578,1.2123155907745868,0.6061577953872934,-0.09333641110365373,-0.9143013248261265,12271.722246937972,4505.0,Discesa,75.08333333333333,44.23439434881448,Giro d'Italia-Valvan
1734863554.0,46.502508,12.9361,1574.210518,4.2,4.6,POINT (1440040.0648508663 5861245.428649595),2.0,19.981459951852134,-1.381001999999853,20.029126499462585,-3.953662943210511,10.014563249731292,-2.272768513828286,-1.136384256914143,-0.069004435873113,-0.6763964279901106,12285.49122585734,4507.0,Discesa,75.11666666666666,36.052427699032656,Giro d'Italia-Valvan
1734863556.0,46.502475,12.93624,1572.711099,4.3,4.3,POINT (1440055.6495795774 5861240.091703096),2.0,16.473213618660786,-1.499418999999989,16.54131265237412,-5.200824850627142,8.27065632618706,-1.7439069235442322,-0.8719534617721161,-0.09077151746298591,-0.8892462586933036,12296.846353219596,4509.0,Discesa,75.15,29.774362774273417,Giro d'Italia-Valvan
1734863559.0,46.502408,12.936372,1571.439073,4.1,6.0,POINT (1440070.343752362 5861229.256094416),3.0,18.257303451171968,-1.2720260000000962,18.301562213451945,-3.9854809851849096,6.100520737817315,-2.170135588369745,-0.7233785294565817,-0.06955976546710402,-0.6818311417606193,12309.421380708533,4512.0,Discesa,75.2,21.961874656142335,Giro d'Italia-Valvan
1734863562.0,46.502324,12.93651,1570.235365,4.3,8.5,POINT (1440085.7058420915 5861215.671171052),3.0,20.507168103877415,-1.203708000000006,20.542464715558143,-3.3592325373943224,6.847488238519381,0.7469675007020662,0.24898916690068873,-0.058629668117654465,-0.5748275897515264,12323.542163670954,4515.0,Discesa,75.25,24.650957658669775,Giro d'Italia-Valvan
1734863565.0,46.502251,12.936635,1569.566148,4.8,10.0,POINT (1440099.6207784407 5861203.865242795),3.0,18.248435429383346,-0.6692169999998896,18.26070225959183,-2.100242219024062,6.086900753197277,-0.7605874853221044,-0.2535291617740348,-0.03665614181136177,-0.35951622652138143,12336.10846350368,4518.0,Discesa,75.3,21.912842711510198,Giro d'Italia-Valvan
1734863570.0,46.502236,12.93681,1568.284907,3.2,10.1,POINT (1440119.1016893294 5861201.43936909),5.0,19.63137163533545,-1.2812410000001364,19.67313728881936,-3.734111849873825,3.9346274577638716,-2.1522732954334054,-0.43045465908668107,-0.06517254641803445,-0.6388901793078291,12349.644456838032,4523.0,Discesa,75.38333333333334,14.164658847949937,Giro d'Italia-Valvan
1734863573.0,46.502238,12.936949,1564.954172,3.4,10.2,POINT (1440134.5750985497 5861201.762818878),3.0,15.476789481845469,-3.330735000000004,15.831134144640036,-12.145292202588076,5.277044714880012,1.3424172571161406,0.44747241903871354,-0.2119753375519561,-2.0639399585318206,12360.316335704738,4526.0,Discesa,75.43333333333334,18.997360973568043,Giro d'Italia-Valvan
1734863582.0,46.502236,12.937085,1560.78875,4.3,9.9,POINT (1440149.7145492977 5861201.43936909),9.0,15.142905557251163,-4.165422000000035,15.705359886163464,-15.38020139466182,1.745039987351496,-3.5320047275285162,-0.39244496972539067,-0.26843515395667256,-2.6018372145677957,12370.757987313686,4535.0,Discesa,75.58333333333333,6.282143954465385,Giro d'Italia-Valvan
1734863590.0,46.50226,12.937255,1559.210476,4.4,10.0,POINT (1440168.6388627326 5861205.320767341),8.0,19.318252803141,-1.5782739999999649,19.382616959150305,-4.670611205745103,2.422827119893788,0.6777871325422922,0.08472339156778652,-0.08151754362079434,-0.7988017290250571,12384.077018960743,4543.0,Discesa,75.71666666666667,8.722177631617637,Giro d'Italia-Valvan
1734863593.0,46.502268,12.937442,1555.251047,3.6,10.1,POINT (1440189.4556075109 5861206.614567138),3.0,20.856912069623508,-3.959429,21.2294102387713,-10.748993795305601,7.076470079590433,4.653642959696645,1.5512143198988817,-0.18760533300452414,-1.829631537246513,12398.45854920592,4546.0,Discesa,75.76666666666667,25.475292286525562,Giro d'Italia-Valvan
1734863595.0,46.502242,12.937594,1554.48175,4.9,10.3,POINT (1440206.3761701116 5861202.409718492),2.0,17.435199765477762,-0.7692970000000514,17.45216343999577,-2.5264350889105223,8.726081719997884,1.6496116404074508,0.8248058202037254,-0.04409461063940429,-0.4324279677959706,12410.478622363213,4548.0,Discesa,75.8,31.413894191992384,Giro d'Italia-Valvan
1734863597.0,46.502238,12.937751,1551.189967,4.9,10.5,POINT (1440223.8533301658 5861201.762818878),2.0,17.489128127880043,-3.2917829999998958,17.79621976691941,-10.65943650772449,8.898109883459705,0.17202816346182104,0.08601408173091052,-0.1860422634670783,-1.8145646464776661,12422.538054610583,4550.0,Discesa,75.83333333333333,32.03319558045494,Giro d'Italia-Valvan
1734863599.0,46.502208,12.937938,1547.635228,3.4,10.5,POINT (1440244.6700749444 5861196.911073296),2.0,21.374664871291326,-3.554738999999927,21.668236377659717,-9.442225251496586,10.834118188829859,1.9360083053701533,0.9680041526850767,-0.16479791935356505,-1.6093598473917718,12437.274370416633,4552.0,Discesa,75.86666666666666,39.00282547978749,Giro d'Italia-Valvan
1734863601.0,46.502202,12.93814,1544.91063,3.5,10.5,POINT (1440267.1566120845 5861195.9407245),2.0,22.50746385843054,-2.7245980000000145,22.67177460191771,-6.902246946308146,11.335887300958856,0.5017691121289971,0.25088455606449855,-0.12046693499880143,-1.1789243166584458,12452.794125578326,4554.0,Discesa,75.9,40.80919428345188,Giro d'Italia-Valvan
1734863603.0,46.502187,12.938322,1542.059879,3.3,10.6,POINT (1440287.4167594088 5861193.514852981),2.0,20.404862710411503,-2.850751000000173,20.6030386956571,-7.953279311251212,10.30151934782855,-1.034367953130305,-0.5171839765651525,-0.13881091031208054,-1.357366149872669,12466.863510839654,4556.0,Discesa,75.93333333333334,37.08546965218278,Giro d'Italia-Valvan
1734863605.0,46.502166,12.938505,1541.014543,4.4,10.5,POINT (1440307.788226224 5861190.11863398),2.0,20.65262607292738,-1.0453359999999066,20.679064076042117,-2.8975623937514032,10.339532038021058,0.03801269019250775,0.019006345096253874,-0.05057200405293036,-0.49589991705087844,12481.103152255924,4558.0,Discesa,75.96666666666667,37.22231533687581,Giro d'Italia-Valvan
1734863607.0,46.502172,12.938691,1538.427871,4.5,10.5,POINT (1440328.4936515116 5861191.088982132),2.0,20.728150228059196,-2.5866719999999077,20.888922516792817,-7.1131857313206375,10.444461258396409,0.10492922037535024,0.05246461018767512,-0.12414851131742587,-1.214770761852349,12495.39599709289,4560.0,Discesa,76.0,37.600060530227076,Giro d'Italia-Valvan
1734863609.0,46.502176,12.938871,1537.055962,4.4,10.4,POINT (1440348.5311598545 5861191.735880959),2.0,20.047947991823303,-1.371909000000187,20.09483398754848,-3.914726894633978,10.04741699377424,-0.3970442646221688,-0.1985221323110844,-0.06832487362773605,-0.669745632053551,12509.219865984896,4562.0,Discesa,76.03333333333333,36.17070117758726,Giro d'Italia-Valvan
1734863611.0,46.502152,12.939048,1535.025837,4.3,10.1,POINT (1440368.2347097248 5861187.854488706),2.0,20.082208128335573,-2.030124999999998,20.18456070429605,-5.772461677828442,10.092280352148025,0.04486335837378519,0.022431679186892595,-0.10074846222330247,-0.9866712752267723,12523.06576301972,4564.0,Discesa,76.06666666666666,36.33220926773289,Giro d'Italia-Valvan
1734863613.0,46.502167,12.939213,1533.912646,4.5,10.0,POINT (1440386.6024257056 5861190.280358664),2.0,18.527218771428327,-1.1131909999999152,18.56063117479702,-3.4384308109562025,9.28031558739851,-0.811964764749515,-0.4059823823747575,-0.06001193875320445,-0.5883638119390946,12535.840377386767,4566.0,Discesa,76.1,33.409136114634634,Giro d'Italia-Valvan
1734863615.0,46.502173,12.939375,1532.021429,4.4,10.0,POINT (1440404.6361832141 5861191.250706834),2.0,18.05984455764885,-1.891217000000097,18.158598161409053,-5.978193476287722,9.079299080704526,-0.20101650669398374,-0.10050825334699187,-0.1043391594824663,-1.0217109605646622,12548.293296630287,4568.0,Discesa,76.13333333333334,32.6854766905363,Giro d'Italia-Valvan
1734863617.0,46.502144,12.939524,1530.595912,4.5,10.1,POINT (1440421.2227873425 5861186.560691668),2.0,17.236927764796913,-1.4255169999998998,17.295773399478712,-4.727678913731126,8.647886699739356,-0.43141238096517043,-0.21570619048258521,-0.08251356302171711,-0.8085398349645642,12560.17609970672,4570.0,Discesa,76.16666666666667,31.13239211906168,Giro d'Italia-Valvan
1734863619.0,46.502171,12.93971,1528.573565,4.8,10.4,POINT (1440441.9282126299 5861190.927257432),2.0,21.160849059088296,-2.0223470000000816,21.257267469971943,-5.459189736114338,10.628633734985971,1.9807470352466154,0.9903735176233077,-0.09528083538627559,-0.9332913601442767,12574.765436877306,4572.0,Discesa,76.2,38.263081445949496,Giro d'Italia-Valvan
1734863621.0,46.502141,12.939889,1527.120398,4.6,10.6,POINT (1440461.854401482 5861186.075517829),2.0,20.508349015673485,-1.453166999999894,20.5597683274536,-4.053052285235603,10.2798841637268,-0.3487495712591713,-0.17437478562958564,-0.07073910713284164,-0.6933720284660698,12588.904306917875,4574.0,Discesa,76.23333333333333,37.007582989416484,Giro d'Italia-Valvan
1734863623.0,46.50211,12.940099,1523.754407,3.9,10.8,POINT (1440485.2314945485 5861181.062056386),2.0,23.908644375519877,-3.365991000000122,24.1444231922645,-8.01374758880943,12.07221159613225,1.7923274324054503,0.8961637162027252,-0.13986628084848124,-1.3676189920569488,12605.388047071337,4576.0,Discesa,76.26666666666667,43.459961746076104,Giro d'Italia-Valvan
1734863625.0,46.502031,12.94025,1521.424164,5.3,10.8,POINT (1440502.0407376583 5861168.285828856),2.0,21.11356539820366,-2.330242999999882,21.241767258476198,-6.298079523998758,10.620883629238099,-1.4513279668941514,-0.7256639834470757,-0.10992222424621555,-1.0761667591888826,12619.9298267297,4578.0,Discesa,76.3,38.23518106525716,Giro d'Italia-Valvan
1734863627.0,46.501949,12.940368,1518.358814,5.3,10.6,POINT (1440515.1764375719 5861155.024447764),2.0,18.665766544012616,-3.0653500000000804,18.91579264260637,-9.32604621886975,9.457896321303185,-1.1629873079349142,-0.5814936539674571,-0.16277021271244488,-1.5897342537086177,12632.78004907519,4580.0,Discesa,76.33333333333333,34.04842675669147,Giro d'Italia-Valvan
1734863634.0,46.501859,12.94036,1512.441137,3.6,10.2,POINT (1440514.2858816455 5861140.469296419),7.0,14.582370196230235,-5.917676999999912,15.737357516947748,-22.08782419283995,2.2481939309925356,-7.20970239031065,-1.0299574843300927,-0.38550525676671604,-3.688828401304464,12642.803378428436,4587.0,Discesa,76.45,8.093498151573128,Giro d'Italia-Valvan
1734863638.0,46.501786,12.940509,1511.590045,4.6,10.2,POINT (1440530.8724857739 5861128.663469136),4.0,20.359101020281166,-0.8510920000001079,20.376882782861507,-2.3937993647054716,5.094220695715377,2.846026764722841,0.7115066911807103,-0.041779680546259024,-0.4097394389991474,12656.826926942147,4591.0,Discesa,76.51666666666667,18.339194504575357,Giro d'Italia-Valvan
1734863640.0,46.501725,12.940645,1510.353337,4.5,10.1,POINT (1440546.0119365219 5861118.798337948),2.0,18.069969073320426,-1.2367079999999078,18.112239756253793,-3.9152156062158148,9.056119878126896,3.9618991824115195,1.9809495912057598,-0.06833340325393174,-0.6698291124271433,12669.27522869006,4593.0,Discesa,76.55,32.60203156125683,Giro d'Italia-Valvan
1734863642.0,46.501686,12.940788,1509.203873,4.9,10.1,POINT (1440561.930623705 5861112.491128725),2.0,17.12266012666296,-1.14946400000008,17.1611991801421,-3.8405696424297164,8.58059959007105,-0.4755202880558471,-0.23776014402792356,-0.06703058541253987,-0.6570777322513086,12681.077041821281,4595.0,Discesa,76.58333333333333,30.890158524255778,Giro d'Italia-Valvan
1734863644.0,46.50172,12.940911,1507.699466,4.8,10.0,POINT (1440575.6229210726 5861117.989721128),2.0,14.755118624229622,-1.504406999999901,14.83161373676973,-5.821663599314748,7.415806868384865,-1.164792721686184,-0.582396360843092,-0.10160719775154625,-0.9950523882247029,12691.246921600128,4597.0,Discesa,76.61666666666666,26.696904726185515,Giro d'Italia-Valvan
1734863646.0,46.501761,12.941073,1506.46958,4.7,10.0,POINT (1440593.6566785811 5861124.620381244),2.0,19.214111050428418,-1.2298860000000786,19.253433019365445,-3.6624787300165185,9.626716509682723,2.2109096412978575,1.1054548206489287,-0.06392231262304872,-0.6266509275444748,12704.490960232442,4599.0,Discesa,76.65,34.656179434857805,Giro d'Italia-Valvan
1734863648.0,46.501849,12.941201,1503.788632,5.1,10.0,POINT (1440607.9055734028 5861138.852058867),2.0,20.138809587195635,-2.680947999999944,20.316474442383612,-7.582828193810169,10.158237221191806,0.5315207115090832,0.2657603557545416,-0.13234531859504214,-1.2945208557018621,12718.355565377919,4601.0,Discesa,76.68333333333334,36.569653996290505,Giro d'Italia-Valvan
1734863650.0,46.5019,12.941376,1501.50298,5.1,9.9,POINT (1440627.3864842916 5861147.099973489),2.0,21.15499904669159,-2.2856520000000273,21.278115276749165,-6.166494271512653,10.639057638374583,0.4808204171827768,0.2404102085913884,-0.10762562834326497,-1.053770309464453,12732.93587061969,4603.0,Discesa,76.71666666666667,38.3006074981485,Giro d'Italia-Valvan
1734863652.0,46.501968,12.941548,1497.467108,4.1,10.0,POINT (1440646.533436708 5861158.097205016),2.0,22.080418657600454,-4.035871999999927,22.446227988134076,-10.358214925264196,11.223113994067038,0.5840563556924554,0.2920281778462277,-0.1807849550750786,-1.7638555725678748,12748.149320294882,4605.0,Discesa,76.75,40.40321037864134,Giro d'Italia-Valvan
1734863654.0,46.502039,12.94171,1494.80133,3.9,10.1,POINT (1440664.5671942167 5861169.579623203),2.0,21.379016284760418,-2.6657780000000457,21.544574947056518,-7.10760235097602,10.772287473528259,-0.45082652053877936,-0.22541326026938968,-0.12405106294702115,-1.2138221452158802,12762.877589098416,4607.0,Discesa,76.78333333333333,38.780234904701736,Giro d'Italia-Valvan
1734863656.0,46.502123,12.94182,1492.210775,3.9,10.2,POINT (1440676.8123382037 5861183.164475352),2.0,18.289115866183284,-2.590554999999995,18.471673837925522,-8.062008241976395,9.235836918962761,-1.5364505545654978,-0.7682252772827489,-0.14070858814540782,-1.3758008490720526,12775.466604440267,4609.0,Discesa,76.81666666666666,33.24901290826594,Giro d'Italia-Valvan
1734863658.0,46.50221,12.941953,1491.237963,4.0,10.2,POINT (1440691.6178304793 5861197.234522918),2.0,20.42471150474195,-0.9728119999999763,20.44786549347589,-2.7268894931614,10.223932746737946,0.9880958277751848,0.4940479138875924,-0.04759319999370583,-0.4667130524232299,12789.529060309234,4611.0,Discesa,76.85,36.80615788825661,Giro d'Italia-Valvan
1734863660.0,46.502309,12.941974,1487.5889,4.1,10.2,POINT (1440693.9555397858 5861213.2452940885),2.0,16.180533930254224,-3.6490630000000692,16.586902635696568,-12.708836184311165,8.293451317848284,-1.930481428889662,-0.965240714444831,-0.22181103551282275,-2.1581671283800463,12800.651440285745,4613.0,Discesa,76.88333333333334,29.85642474425382,Giro d'Italia-Valvan
1734863662.0,46.502406,12.942052,1485.452926,3.9,10.2,POINT (1440702.6384600678 5861228.932643615),2.0,17.93003178416703,-2.135974000000033,18.056811033787667,-6.793531963533028,9.028405516893834,0.7349541990455499,0.36747709952277496,-0.1185695006031267,-1.1604432754372658,12812.984807458566,4615.0,Discesa,76.91666666666667,32.5022598608178,Giro d'Italia-Valvan
1734863664.0,46.502518,12.942167,1481.546587,4.4,10.2,POINT (1440715.440201509 5861247.045906749),2.0,22.18050687623933,-3.906338999999889,22.52186425831175,-9.98826789027749,11.260932129155876,2.232526612262042,1.116263306131021,-0.1743281612565699,-1.7015103701220637,12828.246684322312,4617.0,Discesa,76.95,40.53935566496116,Giro d'Italia-Valvan
1734863666.0,46.502664,12.942196,1478.184452,5.2,10.2,POINT (1440718.668466742 5861270.657895074),2.0,23.831653092099977,-3.3621350000000803,24.067647181650806,-8.030209687959548,12.033823590825403,0.772891461669527,0.3864457308347635,-0.14015359868044056,-1.3704099989942808,12844.628156165816,4619.0,Discesa,76.98333333333333,43.321764926971454,Giro d'Italia-Valvan
1734863668.0,46.502823,12.942218,1476.107027,4.1,10.2,POINT (1440721.1174955396 5861296.372392844),2.0,25.83085630838831,-2.0774249999999483,25.91425924573629,-4.598068649546423,12.957129622868145,0.923306032042742,0.461653016021371,-0.08025143716731437,-0.7864218327349092,12862.38326536326,4621.0,Discesa,77.01666666666667,46.645666642325324,Giro d'Italia-Valvan
1734863670.0,46.502982,12.942227,1471.300733,4.0,10.3,POINT (1440722.1193709567 5861322.086965822),2.0,25.734082803840543,-4.80629399999998,26.17906567792971,-10.579114050603064,13.089532838964855,0.13240321609671035,0.06620160804835518,-0.18464037212701748,-1.8010476279048202,12880.071382290309,4623.0,Discesa,77.05,47.12231822027348,Giro d'Italia-Valvan
1734863672.0,46.503131,12.942277,1469.761789,4.1,10.6,POINT (1440727.6853454963 5861346.184338316),2.0,24.731830375468327,-1.5389440000001287,24.779664694181683,-3.560652587616448,12.389832347090842,-0.6997004918740135,-0.34985024593700675,-0.062145111173562896,-0.6092512076463279,12897.07323221536,4625.0,Discesa,77.08333333333333,44.60339644952703,Giro d'Italia-Valvan
1734863674.0,46.503267,12.942346,1466.215412,4.1,10.7,POINT (1440735.3663903612 5861368.179313145),2.0,23.29758287710954,-3.546376999999893,23.56595335949547,-8.6551681086086,11.782976679747735,-0.6068556673431065,-0.30342783367155324,-0.15106118080883021,-1.476280540798956,12913.092041849777,4627.0,Discesa,77.11666666666666,42.41871604709185,Giro d'Italia-Valvan
1734863676.0,46.503412,12.942376,1463.42123,4.0,10.7,POINT (1440738.7059750848 5861391.629898383),2.0,23.68718586410138,-2.7941820000000916,23.851419815382247,-6.727620729666351,11.925709907691123,0.14273322794338839,0.07136661397169419,-0.11741913255810119,-1.1492366338008548,12929.374066864011,4629.0,Discesa,77.15,42.93255566768804,Giro d'Italia-Valvan
1734863678.0,46.503551,12.942394,1461.874733,4.5,10.7,POINT (1440740.7097259192 5861414.110173294),2.0,22.569399138704465,-1.5464969999998175,22.622321508924816,-3.9198855768975815,11.311160754462408,-0.6145491532287153,-0.30727457661435764,-0.06841490961830017,-0.6706268215670523,12944.887115877355,4631.0,Discesa,77.18333333333334,40.72017871606467,Giro d'Italia-Valvan
1734863680.0,46.503683,12.942427,1459.688763,4.2,10.6,POINT (1440744.3832691154 5861435.458401239),2.0,21.661988735403092,-2.1859699999999975,21.772005438489824,-5.7623651424978375,10.886002719244912,-0.4251580352174962,-0.2125790176087481,-0.1005722444387395,-0.9849513293841721,12959.777414700637,4633.0,Discesa,77.21666666666667,39.18960978928168,Giro d'Italia-Valvan
1734863682.0,46.503809,12.942503,1457.257468,3.4,10.4,POINT (1440752.8435504155 5861455.83630354),2.0,22.06434367633701,-2.431295000000091,22.197893081203414,-6.288118381262062,11.098946540601707,0.21294382135679513,0.10647191067839756,-0.10974836950819909,-1.0744715213624167,12974.949988037783,4635.0,Discesa,77.25,39.95620754616615,Giro d'Italia-Valvan
1734863684.0,46.503947,12.942564,1455.122027,3.1,10.5,POINT (1440759.634039354 5861478.155012632),2.0,23.328855856379324,-2.135441000000128,23.42638734060814,-5.230078141619912,11.71319367030407,0.6142471297023633,0.30712356485118164,-0.09128208370785375,-0.8942341772727402,12990.988872733993,4637.0,Discesa,77.28333333333333,42.167497213094656,Giro d'Italia-Valvan
1734863686.0,46.504083,12.942558,1452.680305,3.2,10.6,POINT (1440758.966122409 5861500.150317603),2.0,22.005443731330143,-2.4417219999997997,22.14049593252193,-6.331633923159795,11.070247966260965,-0.6429457040431057,-0.32147285202155285,-0.11050785899010407,-1.0818769775076857,13006.113803967255,4639.0,Discesa,77.31666666666666,39.852892678539476,Giro d'Italia-Valvan
1734863688.0,46.504212,12.942548,1451.532221,3.4,10.7,POINT (1440757.8529275013 5861521.0135621345),2.0,20.892921655221627,-1.1480840000001535,20.92444197971084,-3.1452890334623542,10.46222098985542,-0.6080269764055455,-0.30401348820277274,-0.054895649560788184,-0.5382558851950398,13020.47412236039,4641.0,Discesa,77.35,37.66399556347951,Giro d'Italia-Valvan
1734863690.0,46.504352,12.94259,1449.928962,3.3,10.6,POINT (1440762.5283461146 5861543.655899042),2.0,23.120012107593084,-1.60325899999998,23.17553449818001,-3.966829842244899,11.587767249090005,1.1255462592345857,0.5627731296172929,-0.06923424161354073,-0.6786454392771366,13036.367080264097,4643.0,Discesa,77.38333333333334,41.71596209672402,Giro d'Italia-Valvan
1734863692.0,46.50449,12.942627,1448.077217,2.8,10.6,POINT (1440766.647167274 5861565.9748310605),2.0,22.695801686185206,-1.8517449999999371,22.771218099251342,-4.664417008718978,11.385609049625671,-0.20215819946433378,-0.10107909973216689,-0.08140943448817121,-0.7977446955548075,13051.967994574487,4645.0,Discesa,77.41666666666667,40.988192578652416,Giro d'Italia-Valvan
1734863694.0,46.504629,12.942641,1446.963715,4.2,10.6,POINT (1440768.205640145 5861588.455551745),2.0,22.53467639440943,-1.1135019999999258,22.562170261407864,-2.8288454411409885,11.281085130703932,-0.10452391892173907,-0.052261959460869534,-0.0493726669779417,-0.484149108593672,13067.4567192234,4647.0,Discesa,77.45,40.61190647053416,Giro d'Italia-Valvan
1734863696.0,46.504754,12.942681,1446.277839,4.3,10.6,POINT (1440772.658419777 5861608.672076269),2.0,20.701089591282436,-0.6858760000000075,20.712448820785966,-1.8976503432338319,10.356224410392983,-0.9248607203109493,-0.4624303601554747,-0.033120246541030865,-0.3248502201848653,13081.687020667778,4649.0,Discesa,77.48333333333333,37.28240787741474,Giro d'Italia-Valvan
1734863698.0,46.504876,12.942731,1445.498134,4.2,10.5,POINT (1440778.2243943163 5861628.403449028),2.0,20.501393696956335,-0.7797050000001491,20.516215133513935,-2.1780121925983384,10.258107566756967,-0.09811684363601536,-0.04905842181800768,-0.03801348390942188,-0.3728224723821849,13095.781252127124,4651.0,Discesa,77.51666666666667,36.929187240325085,Giro d'Italia-Valvan
1734863700.0,46.505001,12.942766,1444.439837,4.1,10.4,POINT (1440782.1205764941 5861648.620065407),2.0,20.588633111072447,-1.0582970000000387,20.615814461780495,-2.942528157590578,10.307907230890248,0.049799664133280075,0.024899832066640037,-0.051356804682598164,-0.5035888147541925,13109.933712153586,4653.0,Discesa,77.55,37.10846603120489,Giro d'Italia-Valvan
1734863702.0,46.505132,12.942777,1443.671637,4.1,10.4,POINT (1440783.3450908929 5861669.807129259),2.0,21.222419989133712,-0.7681999999999789,21.23631892384323,-2.0730627965128106,10.618159461921614,0.3102522310313667,0.15512611551568334,-0.03618177139974977,-0.3548657385974105,13124.520283059179,4655.0,Discesa,77.58333333333333,38.225374062917815,Giro d'Italia-Valvan
1734863704.0,46.505228,12.942867,1442.122091,4.1,10.3,POINT (1440793.3638450643 5861685.333559613),2.0,18.478243278800413,-1.549545999999964,18.54310026604636,-4.793486484689245,9.27155013302318,-1.3466093288984347,-0.6733046644492173,-0.08366212180767608,-0.8197683257871267,13137.232501664972,4657.0,Discesa,77.61666666666666,33.377580478883445,Giro d'Italia-Valvan
1734863706.0,46.505333,12.942975,1439.48049,4.1,10.2,POINT (1440805.3863500701 5861702.315624207),2.0,20.806997489000516,-2.641601000000037,20.9740125000076,-7.235411447401334,10.4870062500038,1.2154561169806204,0.6077280584903102,-0.1262817524936418,-1.2355340119107385,13151.548597045059,4659.0,Discesa,77.65,37.75322250001368,Giro d'Italia-Valvan
1734863708.0,46.505448,12.9431,1437.609603,4.4,10.2,POINT (1440819.3012864192 5861720.915065923),2.0,23.228531716972622,-1.8708869999998115,23.303753000175128,-4.604812532956333,11.651876500087564,1.164870250083764,0.582435125041882,-0.0803691401371879,-0.7875727772200564,13167.532052839091,4661.0,Discesa,77.68333333333334,41.94675540031523,Giro d'Italia-Valvan
1734863710.0,46.505556,12.943214,1434.123968,4.2,10.3,POINT (1440831.9917083695 5861738.382403535),2.0,21.590615844170816,-3.485635000000002,21.870170184152315,-9.170824206585861,10.935085092076157,-0.7167914080114066,-0.3583957040057033,-0.1600610775265199,-1.5635031214698971,13182.387801290186,4663.0,Discesa,77.71666666666667,39.36630633147417,Giro d'Italia-Valvan
1734863712.0,46.505695,12.94333,1430.562764,3.4,10.3,POINT (1440844.9047693014 5861760.863565054),2.0,25.925851304704672,-3.561204000000089,26.169293834631336,-7.821266836271992,13.084646917315668,2.149561825239511,1.0747809126197554,-0.13650685796998652,-1.3349772240995221,13200.220888851807,4665.0,Discesa,77.75,47.104728902336404,Giro d'Italia-Valvan
1734863714.0,46.505786,12.943476,1428.332788,3.2,10.3,POINT (1440861.1574149574 5861775.58147891),2.0,21.926364930973605,-2.229976000000079,22.039470775107226,-5.807182559653873,11.019735387553613,-2.064911529762055,-1.0324557648810275,-0.1013544559303521,-0.992585746873241,13215.317403563815,4667.0,Discesa,77.78333333333333,39.67104739519301,Giro d'Italia-Valvan
1734863716.0,46.505843,12.94361,1424.863913,3.2,10.4,POINT (1440876.0742267235 5861784.800404537),2.0,17.535674009873517,-3.4688750000000255,17.875484797514687,-11.189680789053646,8.937742398757344,-2.0819929887962694,-1.0409964943981347,-0.1952967720161432,-1.9037057811562994,13227.39756816993,4669.0,Discesa,77.81666666666666,32.17587263552644,Giro d'Italia-Valvan
1734863718.0,46.505861,12.943762,1424.051297,3.4,10.4,POINT (1440892.9947893242 5861787.711646215),2.0,17.16918072697527,-0.8126159999999345,17.18840049565389,-2.709782619744382,8.594200247826945,-0.3435421509303982,-0.1717710754651991,-0.047294628727856974,-0.4637873641596278,13239.23457015394,4671.0,Discesa,77.85,30.939120892177005,Giro d'Italia-Valvan
1734863720.0,46.50588,12.943947,1419.356311,3.3,10.4,POINT (1440913.588895121 5861790.784624589),2.0,20.82211299672929,-4.694985999999972,21.344865499430036,-12.706599370302904,10.672432749715018,2.0782325018880723,1.0391162509440361,-0.22177199574362386,-2.1577935293726536,13253.590337810723,4673.0,Discesa,77.88333333333334,38.42075789897407,Giro d'Italia-Valvan
1734863722.0,46.50589,12.944153,1415.196088,2.9,10.3,POINT (1440936.5207102243 5861792.40198206),2.0,22.988779635408576,-4.160223000000087,23.362179789889165,-10.257661096649553,11.681089894944582,1.0086571452295647,0.5043285726147824,-0.17902995969026697,-1.746916939987922,13269.440753320605,4675.0,Discesa,77.91666666666667,42.0519236218005,Giro d'Italia-Valvan
1734863724.0,46.505911,12.94434,1411.259034,4.2,10.3,POINT (1440957.3374550028 5861795.798433714),2.0,21.09200670899192,-3.937053999999989,21.456307725493595,-10.573206880572323,10.728153862746797,-0.9529360321977851,-0.47646801609889256,-0.18453727256050592,-1.8000534031356226,13283.982398911869,4677.0,Discesa,77.95,38.62135390588847,Giro d'Italia-Valvan
1734863726.0,46.505953,12.944556,1407.018658,4.2,10.3,POINT (1440981.3824650142 5861802.591340962),2.0,24.986118052473984,-4.240375999999969,25.34337948959337,-9.631855143303419,12.671689744796685,1.943535882049888,0.971767941024944,-0.16810758532579492,-1.6413789083291328,13301.206158661576,4679.0,Discesa,77.98333333333333,45.61808308126807,Giro d'Italia-Valvan
1734863728.0,46.505985,12.94477,1403.608187,4.0,10.4,POINT (1441005.2048360438 5861807.766892865),2.0,24.37809875633513,-3.410470999999916,24.615503476782045,-7.963933213767912,12.307751738391023,-0.36393800640566276,-0.18196900320283138,-0.13899685598918346,-1.3591727076212918,13318.012319697935,4681.0,Discesa,78.01666666666667,44.30790625820768,Giro d'Italia-Valvan
1734863730.0,46.50602,12.944985,1399.68409,4.3,10.4,POINT (1441029.1385265645 5861813.427656248),2.0,24.594019273352846,-3.9240970000000743,24.90510632949518,-9.065411030952728,12.45255316474759,0.14480142635656712,0.07240071317828356,-0.15822127053673868,-1.5456826829287833,13334.966899052759,4683.0,Discesa,78.05,44.82919139309132,Giro d'Italia-Valvan
1734863732.0,46.506074,12.945192,1397.615445,4.1,10.4,POINT (1441052.1816611586 5861822.1614126135),2.0,24.642738325307622,-2.0686450000000605,24.729412534583396,-4.798467999938646,12.364706267291698,-0.08784689745589169,-0.043923448727945846,-0.08374906565051644,-0.8206182585866457,13351.951127988572,4685.0,Discesa,78.08333333333333,44.51294256225012,Giro d'Italia-Valvan
1734863734.0,46.506164,12.945412,1393.497972,4.1,10.2,POINT (1441076.6719491333 5861836.717692506),2.0,28.489638280985904,-4.117473000000018,28.78564005345628,-8.22374617402282,14.39282002672814,2.028113759436442,1.014056879718221,-0.14353144758498476,-1.4032138960603124,13371.578226372008,4687.0,Discesa,78.11666666666666,51.81415209622131,Giro d'Italia-Valvan
1734863736.0,46.506257,12.945612,1390.185521,4.2,10.2,POINT (1441098.935847292 5861851.759207045),2.0,26.86872384114618,-3.3124509999997827,27.072137936985634,-7.028120250338221,13.536068968492817,-0.8567510582353233,-0.42837552911766164,-0.12266383859449007,-1.2003168861519204,13390.085528589003,4689.0,Discesa,78.15,48.72984828657414,Giro d'Italia-Valvan
1734863738.0,46.506357,12.945826,1387.658634,4.3,10.1,POINT (1441122.7582183217 5861867.932907305),2.0,28.793991414527007,-2.5268870000002153,28.904655325580773,-5.015282473636723,14.452327662790386,0.9162586942975697,0.45812934714878484,-0.08753319208252652,-0.857604465121019,13409.918795280064,4691.0,Discesa,78.18333333333334,52.02837958604539,Giro d'Italia-Valvan
1734863739.0,46.506418,12.945927,1385.865372,4.2,10.1,POINT (1441134.0014868916 5861877.798879072),1.0,14.958224729212608,-1.7932619999999133,15.065333572485917,-6.836259826215059,15.065333572485917,0.6130059096955307,0.6130059096955307,-0.11931524248926814,-1.1677073152981854,13420.218065960995,4692.0,Discesa,78.2,54.235200860949305,Giro d'Italia-Valvan
1734863740.0,46.506483,12.946024,1384.39967,4.1,10.1,POINT (1441144.7994774985 5861888.311811995),1.0,15.070446568796344,-1.4657019999999648,15.141553491493184,-5.554928334020891,15.141553491493184,0.07621991900726677,0.07621991900726677,-0.0969517891409879,-0.9496077551142819,13430.592887426183,4693.0,Discesa,78.21666666666667,54.509592569375464,Giro d'Italia-Valvan
1734863741.0,46.506554,12.946114,1381.930775,3.4,10.1,POINT (1441154.81823167 5861899.795183858),1.0,15.239529667773459,-2.468894999999975,15.438222275118735,-9.202307259466798,15.438222275118735,0.2966687836255506,0.2966687836255506,-0.16061056045787175,-1.568824409856703,13441.081381648166,4694.0,Discesa,78.23333333333333,55.57760019042745,Giro d'Italia-Valvan
1734863743.0,46.506691,12.946266,1379.206159,3.2,10.0,POINT (1441171.7387942704 5861921.953281816),2.0,27.87986269409777,-2.724615999999969,28.012680631978093,-5.581621802362591,14.006340315989046,-1.4318819591296883,-0.7159409795648441,-0.09741767805232741,-0.9541565589937719,13460.265547745186,4696.0,Discesa,78.26666666666667,50.422825137560565,Giro d'Italia-Valvan
1734863745.0,46.506829,12.946376,1373.961774,3.1,10.1,POINT (1441183.9839382581 5861944.273174177),2.0,25.458223549151846,-5.244384999999966,25.992782080931896,-11.640080885217385,12.996391040465948,-1.0099492755230983,-0.5049746377615492,-0.20315773664549952,-1.9792962788597028,13477.775679874088,4698.0,Discesa,78.3,46.787007745677414,Giro d'Italia-Valvan
1734863747.0,46.506966,12.94648,1370.57367,3.2,10.2,POINT (1441195.5611653002 5861966.431384234),2.0,25.00036917539625,-3.388104000000112,25.228906191528,-7.717827738477803,12.614453095764,-0.38193794470194753,-0.19096897235097376,-0.13470150513818552,-1.3174293006473012,13494.96992901449,4700.0,Discesa,78.33333333333333,45.4120311447504,Giro d'Italia-Valvan
1734863749.0,46.507083,12.946604,1364.534747,3.5,10.4,POINT (1441209.364782159 5861985.354863312),2.0,23.423020702130614,-6.038923000000068,24.188974550657765,-14.457157882767454,12.094487275328882,-0.5199658204351181,-0.25998291021755904,-0.25232500553494447,-2.4491255098860614,13511.086136580348,4702.0,Discesa,78.36666666666666,43.54015419118398,Giro d'Italia-Valvan
1734863752.0,46.507139,12.946736,1355.370171,2.9,7.7,POINT (1441224.0589549434 5861994.412269422),3.0,17.26138231012926,-9.164575999999897,19.54340739267893,-27.9651482783469,6.5144691308929765,-5.580018144435906,-1.860006048145302,-0.48808391326557704,-4.600246454140731,13522.977101834922,4705.0,Discesa,78.41666666666667,23.452088871214716,Giro d'Italia-Valvan
1734863754.0,46.507263,12.946782,1353.390845,4.2,5.1,POINT (1441229.17965152 5862014.467987583),2.0,20.69911506294779,-1.9793260000001283,20.793534952081348,-5.462226249960537,10.396767476040674,3.8822983451476976,1.9411491725738488,-0.09533383255067415,-0.9338089028512048,13537.2060743647,4707.0,Discesa,78.45,37.428362913746426,Giro d'Italia-Valvan
1734863756.0,46.507387,12.946857,1350.07843,4.2,4.2,POINT (1441237.5286133294 5862034.523751494),2.0,21.724153132626515,-3.3124149999998735,21.975234298228326,-8.669465404850897,10.987617149114163,0.5908496730734889,0.29542483653674445,-0.15131071570239132,-1.4787005548613663,13552.143772476686,4709.0,Discesa,78.48333333333333,39.555421736810985,Giro d'Italia-Valvan
1734863758.0,46.507551,12.946914,1346.202447,4.0,4.4,POINT (1441243.8738243047 5862061.049186936),2.0,27.27380478983358,-3.875983000000133,27.5478433262976,-8.088357277386923,13.7739216631488,2.7863045140346365,1.3931522570173183,-0.1411684655680461,-1.3802675142160252,13570.891798462011,4711.0,Discesa,78.51666666666667,49.586117987335676,Giro d'Italia-Valvan
1734863760.0,46.507715,12.946941,1343.876331,4.3,4.5,POINT (1441246.8794505561 5862087.574702406),2.0,26.69525725943338,-2.3261159999999563,26.796409755651712,-4.979942618346042,13.398204877825856,-0.3757167853229433,-0.18785839266147164,-0.0869163952505258,-0.8515766913583154,13589.23964435872,4713.0,Discesa,78.55,48.23353756017308,Giro d'Italia-Valvan
1734863762.0,46.507869,12.946955,1342.099067,4.1,4.5,POINT (1441248.4379234272 5862112.482881257),2.0,24.956887052750012,-1.7772639999998319,25.020089502026497,-4.07334897596284,12.510044751013249,-0.8881601268126076,-0.4440800634063038,-0.07109335121329091,-0.6968384281193802,13606.392164609846,4715.0,Discesa,78.58333333333333,45.03616110364769,Giro d'Italia-Valvan
1734863764.0,46.508001,12.94697,1340.61685,4.2,4.6,POINT (1441250.1077157892 5862133.832805011),2.0,21.415122013162126,-1.4822169999999915,21.466355491179915,-3.95933096270274,10.733177745589957,-1.7768670054232913,-0.8884335027116457,-0.06910336147531962,-0.6773645752756834,13621.110543412646,4717.0,Discesa,78.61666666666666,38.639439884123846,Giro d'Italia-Valvan
1734863766.0,46.508111,12.946905,1339.680231,4.2,4.9,POINT (1441242.8719488874 5862151.624447744),2.0,19.20674032192771,-0.9366190000000643,19.229563930186377,-2.7918239550247725,9.614781965093188,-1.118395780496769,-0.5591978902483845,-0.04872652015123237,-0.4778180318263503,13634.316829067518,4719.0,Discesa,78.65,34.61321507433548,Giro d'Italia-Valvan
1734863768.0,46.508194,12.946805,1339.297628,4.2,4.9,POINT (1441231.7399998081 5862165.04907473),2.0,17.43963589080829,-0.38260300000001735,17.44383229280704,-1.256793506887574,8.72191614640352,-0.8928658186896676,-0.4464329093448338,-0.021935184712874197,-0.21516690638833172,13646.318224373777,4721.0,Discesa,78.68333333333334,31.398898127052675,Giro d'Italia-Valvan
1734863770.0,46.50831,12.946659,1337.782124,4.1,5.1,POINT (1441215.4873541524 5862183.811238355),2.0,24.822716908246232,-1.5155039999999644,24.868936991374383,-3.4937487218055385,12.434468495687192,3.712552349283671,1.8562761746418355,-0.06097741843285005,-0.597817841798232,13663.401544772154,4723.0,Discesa,78.71666666666667,44.764086584473894,Giro d'Italia-Valvan
1734863773.0,46.50855,12.946409,1333.264145,3.2,5.3,POINT (1441187.657481454 5862222.629635045),3.0,47.76368637373648,-4.517978999999968,47.97688891803116,-5.403544599264603,15.992296306010386,3.557827810323195,1.185942603441065,-0.0943096445355249,-0.9238067534083558,13696.33417875546,4726.0,Discesa,78.76666666666667,57.57226670163739,Giro d'Italia-Valvan
1734863775.0,46.508703,12.946273,1330.238929,3.2,5.0,POINT (1441172.518030706 5862247.376452396),2.0,29.010479794793447,-3.0252160000000003,29.1677882221257,-5.953292985254552,14.58389411106285,-1.408402194947536,-0.704201097473768,-0.10390456392857417,-1.0174706677789078,13716.28947930761,4728.0,Discesa,78.8,52.50201879982626,Giro d'Italia-Valvan
1734863777.0,46.508885,12.946165,1327.836151,3.4,5.3,POINT (1441160.4955257005 5862276.813933685),2.0,31.79789193158219,-2.4027780000001258,31.888544548314908,-4.321289791214251,15.944272274157454,1.3603781630946035,0.6801890815473017,-0.075420734789507,-0.7391761685544477,13738.15304192018,4730.0,Discesa,78.83333333333333,57.39938018696684,Giro d'Italia-Valvan
1734863778.0,46.508994,12.946114,1326.561164,3.5,5.6,POINT (1441154.81823167 5862294.444120771),1.0,18.521748410738795,-1.27498700000001,18.56557987354217,-3.9378741657570417,18.56557987354217,2.621307599384716,2.621307599384716,-0.06872886972168532,-0.6736995318861398,13750.88617977357,4731.0,Discesa,78.85,66.83608754475182,Giro d'Italia-Valvan
1734863779.0,46.509104,12.94611,1325.575157,3.3,6.0,POINT (1441154.372953707 5862312.236088537),1.0,17.79753885879804,-0.9860069999999723,17.824830973517678,-3.1710197221361565,17.824830973517678,-0.7407489000244922,-0.7407489000244922,-0.05534473479695165,-0.5426547205059329,13763.117771700061,4732.0,Discesa,78.86666666666666,64.16939150466364,Giro d'Italia-Valvan
1734863780.0,46.509195,12.946138,1325.009235,3.0,6.0,POINT (1441157.489899449 5862326.954925447),1.0,15.045248776456317,-0.5659220000000005,15.05588849771226,-2.1541460230835012,15.05588849771226,-2.7689424758054173,-2.7689424758054173,-0.03759694067154887,-0.3687391030322511,13773.459195443524,4733.0,Discesa,78.88333333333334,54.20119859176414,Giro d'Italia-Valvan
1734863782.0,46.509349,12.946219,1322.546099,3.0,5.9,POINT (1441166.5067782032 5862351.863782512),2.0,26.49066369051451,-2.463136000000077,26.60493002656538,-5.312161647041075,13.30246501328269,-1.75342348442957,-0.876711742214785,-0.09271471113903164,-0.9082288183383046,13791.671884012227,4735.0,Discesa,78.91666666666667,47.88887404781769,Giro d'Italia-Valvan
1734863784.0,46.509467,12.946335,1320.246765,4.0,5.4,POINT (1441179.4198391354 5862370.949837628),2.0,23.043971934577815,-2.299333999999817,23.158401917342335,-5.698128550776757,11.579200958671167,-1.7232640546115228,-0.8616320273057614,-0.0994511044129473,-0.9740079052305691,13807.524913222536,4737.0,Discesa,78.95,41.68512345121621,Giro d'Italia-Valvan
1734863786.0,46.509575,12.94647,1319.903628,4.1,4.8,POINT (1441194.4479703924 5862388.418466764),2.0,23.043388053004044,-0.34313700000006975,23.045942722355672,-0.8531231991496979,11.522971361177836,-0.05622959749333134,-0.02811479874666567,-0.014889808750309517,-0.14606362649401766,13823.383137721343,4739.0,Discesa,78.98333333333333,41.482696900240214,Giro d'Italia-Valvan
1734863788.0,46.509666,12.946596,1319.404265,3.9,4.5,POINT (1441208.4742262324 5862403.137431221),2.0,20.331841224783112,-0.49936300000013034,20.33797263729989,-1.4069380669835696,10.168986318649946,-1.3539850425278903,-0.6769925212639452,-0.024555701640507816,-0.24086722493750223,13837.377535084679,4741.0,Discesa,79.01666666666667,36.60835074713981,Giro d'Italia-Valvan
1734863790.0,46.509744,12.946725,1318.907383,4.2,4.4,POINT (1441222.834440545 5862415.753706083),2.0,19.115076418539218,-0.4968819999999141,19.121533364469443,-1.4890252730968743,9.560766682234721,-0.6082196364152246,-0.3041098182076123,-0.025988393660948197,-0.254917444489913,13850.53812296266,4743.0,Discesa,79.05,34.418760056044995,Giro d'Italia-Valvan
1734863792.0,46.509801,12.946836,1318.254923,4.1,4.4,POINT (1441235.1909040227 5862424.973303009),2.0,15.416976265022091,-0.6524600000000191,15.430776429196767,-2.423361697572199,7.715388214598383,-1.8453784676363378,-0.9226892338181689,-0.04229564058935395,-0.414796535311695,13861.155220596496,4745.0,Discesa,79.08333333333333,27.77539757255418,Giro d'Italia-Valvan
1734863795.0,46.509894,12.946973,1316.836224,4.2,4.3,POINT (1441250.4416742616 5862440.015824012),3.0,21.4210978015902,-1.4186990000000606,21.468025942733853,-3.7891115813977314,7.156008647577951,-0.5593795670204322,-0.18645985567347742,-0.06613247282083953,-0.6482867696883486,13875.9007465335,4748.0,Discesa,79.13333333333334,25.761631131280623,Giro d'Italia-Valvan
1734863797.0,46.509986,12.947094,1315.297114,4.2,4.4,POINT (1441263.9113326475 5862454.896622805),2.0,20.07161851312435,-1.539109999999937,20.130542201552743,-4.384911652981859,10.065271100776371,2.90926245319842,1.45463122659921,-0.07653114575360047,-0.7500378752259721,13889.714826054907,4750.0,Discesa,79.16666666666667,36.23497596279494,Giro d'Italia-Valvan
1734863799.0,46.510089,12.947197,1313.540305,4.1,4.6,POINT (1441275.3772401991 5862471.556677424),2.0,20.224353040421235,-1.7568089999999756,20.300513140462154,-4.9645940782087035,10.150256570231077,0.08498546945470586,0.04249273472735293,-0.08664851268975475,-0.8489586529539032,13903.628276029016,4752.0,Discesa,79.2,36.54092365283188,Giro d'Italia-Valvan
1734863801.0,46.510198,12.947322,1312.890339,4.8,4.7,POINT (1441289.2921765484 5862489.187255046),2.0,22.460247569622098,-0.6499659999999494,22.46965012388647,-1.6575916298208915,11.234825061943235,1.084568491712158,0.542284245856079,-0.028930431593873582,-0.28376794586673554,13919.082968072578,4754.0,Discesa,79.23333333333333,40.44537022299565,Giro d'Italia-Valvan
1734863803.0,46.510311,12.947442,1310.083693,3.2,4.8,POINT (1441302.6505154436 5862507.464863669),2.0,22.6388205304205,-2.8066460000000006,22.81213398123693,-7.0671799842569785,11.406066990618465,0.17124192867522936,0.08562096433761468,-0.1233455595563253,-1.2069540395758753,13934.65873161502,4756.0,Discesa,79.26666666666667,41.06184116622647,Giro d'Italia-Valvan
1734863806.0,46.510377,12.94759,1309.366401,3.2,4.8,POINT (1441319.125800081 5862518.140298672),3.0,19.631605038430436,-0.7172920000000431,19.644704736854443,-2.0925202166856236,6.548234912284815,-4.85783207833365,-1.61927735944455,-0.036521367445709316,-0.3581949748931247,13948.180810992448,4759.0,Discesa,79.31666666666666,23.573645684225333,Giro d'Italia-Valvan
1734863809.0,46.510434,12.947756,1308.795425,3.3,4.6,POINT (1441337.6048355526 5862527.360002974),3.0,20.651336503389448,-0.5709759999999733,20.65922827621597,-1.5837320166568112,6.886409425405323,0.3381745131205083,0.1127248377068361,-0.027641338159911034,-0.27112699879734764,13962.409620048802,4762.0,Discesa,79.36666666666666,24.791073931459163,Giro d'Italia-Valvan
1734863812.0,46.510493,12.947922,1308.331999,3.5,4.2,POINT (1441356.0838710242 5862536.9032158535),3.0,20.79778026669863,-0.46342600000002676,20.80294276489158,-1.2764804894428812,6.9343142549638594,0.04790482955853648,0.01596827651951216,-0.022278787378246994,-0.21853682488002343,13976.738801730813,4765.0,Discesa,79.41666666666667,24.963531317869894,Giro d'Italia-Valvan
1734863815.0,46.510543,12.94807,1307.686459,4.2,7.2,POINT (1441372.5591556616 5862544.990692505),3.0,18.353263537239922,-0.6455399999999827,18.364612828997526,-2.014436077305827,6.121537609665842,-0.8127766452980172,-0.2709255484326724,-0.03515854211994571,-0.34483424502151727,13989.384414803964,4768.0,Discesa,79.46666666666667,22.037535394797032,Giro d'Italia-Valvan
1734863818.0,46.510596,12.9482,1307.132742,4.0,10.4,POINT (1441387.0306894649 5862553.56342588),3.0,16.82013817250574,-0.553717000000006,16.82924985429457,-1.885489507032985,5.609749951431524,-0.5117876582343186,-0.1705958860781062,-0.03290799990953037,-0.32276921532624964,14000.971257631165,4771.0,Discesa,79.51666666666667,20.195099825153484,Giro d'Italia-Valvan
1734863821.0,46.510642,12.948327,1307.004871,4.1,10.3,POINT (1441401.1682647958 5862561.003918225),3.0,15.975980801612552,-0.1278709999999137,15.976492530156104,-0.45858293563348035,5.325497510052035,-0.2842524413794889,-0.09475081379316297,-0.00800378212026546,-0.0785162642946447,14011.978078981876,4774.0,Discesa,79.56666666666666,19.171791036187326,Giro d'Italia-Valvan
1734863824.0,46.510686,12.948446,1306.704476,4.0,10.1,POINT (1441414.4152842 5862568.120916798),3.0,15.037792117992366,-0.3003949999999804,15.040792164642736,-1.1443885348567118,5.0135973882142455,-0.31190012183778926,-0.10396670727926309,-0.019973347855323516,-0.1959255149424376,14022.338283262168,4777.0,Discesa,79.61666666666666,18.048950597571285,Giro d'Italia-Valvan
1734863831.0,46.510736,12.948568,1305.464879,3.2,9.9,POINT (1441427.9962620768 5862576.208422169),7.0,15.806666416976826,-1.2395970000000034,15.85519801011618,-4.484096084710121,2.265028287159454,-2.7485691010547915,-0.39265272872211304,-0.07826224065397817,-0.7669690761503728,14033.226880252296,4784.0,Discesa,79.73333333333333,8.154101833774035,Giro d'Italia-Valvan
1734863839.0,46.51078,12.948687,1305.60649,3.1,10.2,POINT (1441441.243281481 5862583.325433048),8.0,15.03779794234318,0.14161099999978433,15.038464703222258,0.5395386236233489,1.8798080879027823,-0.3852201992566717,-0.048152524907083966,0.009416725423905897,0.09237671114792873,14043.587070691987,4792.0,Discesa,79.86666666666666,6.767309116450017,Giro d'Italia-Valvan
1734863842.0,46.510822,12.948823,1305.181247,4.3,10.3,POINT (1441456.3827322293 5862590.118948808),3.0,16.59381888935079,-0.42524299999990944,16.59926675915608,-1.467974179628746,5.533088919718693,3.653280831815911,1.2177602772719702,-0.025620982768784287,-0.2513143436108741,14055.021312774677,4795.0,Discesa,79.91666666666667,19.919120110987297,Giro d'Italia-Valvan
1734863845.0,46.51089,12.948995,1304.008116,4.3,10.3,POINT (1441475.5296846454 5862601.117985456),3.0,22.08131775989239,-1.1731310000000121,22.112458713505834,-3.041137438642056,7.370819571168611,1.8377306514499177,0.6125768838166392,-0.05307786130997091,-0.5204493656316481,14070.23289396414,4798.0,Discesa,79.96666666666667,26.534950456207,Giro d'Italia-Valvan
1734863847.0,46.51093,12.949152,1303.394702,4.2,10.2,POINT (1441493.0068447 5862607.588013441),2.0,18.636318995601307,-0.6134139999999206,18.64641151646091,-1.8852086183543904,9.323205758230454,1.952386187061843,0.9761930935309215,-0.032903097477257316,-0.3227211485001787,14083.076451059644,4800.0,Discesa,80.0,33.563540729629636,Giro d'Italia-Valvan
1734863849.0,46.510966,12.949311,1302.221815,4.4,10.3,POINT (1441510.7066437362 5862613.4110427005),2.0,18.633050090458205,-1.172886999999946,18.669928215938416,-3.6018219324829004,9.334964107969208,0.011758349738753893,0.005879174869376946,-0.06286365179237151,-0.6162863261668485,14095.918679898621,4802.0,Discesa,80.03333333333333,33.60587078868915,Giro d'Italia-Valvan
1734863851.0,46.511014,12.949493,1301.144466,4.3,10.5,POINT (1441530.9667910605 5862621.175087711),2.0,21.696865315628667,-1.0773490000001402,21.723596511451127,-2.8426638322262003,10.861798255725564,1.5268341477563556,0.7634170738781778,-0.04961384339970688,-0.48651215209370435,14110.871088475371,4804.0,Discesa,80.06666666666666,39.10247372061203,Giro d'Italia-Valvan
1734863853.0,46.511092,12.949687,1299.637503,4.3,10.8,POINT (1441552.5627722745 5862633.791675477),2.0,25.011291279385542,-1.5069630000000416,25.0566483980926,-3.4479773515390875,12.5283241990463,1.6665259433207371,0.8332629716603686,-0.06017855731855105,-0.5899953894522367,14128.100687197162,4806.0,Discesa,80.1,45.101967116566684,Giro d'Italia-Valvan
1734863855.0,46.511162,12.949921,1298.77547,4.7,11.2,POINT (1441578.61153312 5862645.114269658),2.0,28.40315265195056,-0.862032999999883,28.41623095104442,-1.7383878743162402,14.20811547552221,1.6797912764759086,0.8398956382379543,-0.03034059208356376,-0.29759554476340705,14147.672768050183,4808.0,Discesa,80.13333333333334,51.149215711879954,Giro d'Italia-Valvan
1734863857.0,46.511208,12.950122,1296.471603,4.5,11.3,POINT (1441600.9867507697 5862652.554839489),2.0,23.579916121112976,-2.303867000000082,23.692198028726946,-5.580350925812528,11.846099014363473,-2.3620164611587366,-1.1810082305793683,-0.09739549707214244,-0.9539399950395915,14163.92429565138,4810.0,Discesa,80.16666666666667,42.6459564517085,Giro d'Italia-Valvan
1734863859.0,46.511258,12.95036,1294.749218,3.7,10.9,POINT (1441627.4807895783 5862660.642422534),2.0,27.700958320883615,-1.7223850000000311,27.754453732393227,-3.5579458669123216,13.877226866196613,2.0311278518331406,1.0155639259165703,-0.06209786998534399,-0.6087886655207224,14183.016941936581,4812.0,Discesa,80.2,49.95801671830781,Giro d'Italia-Valvan
1734863860.0,46.511307,12.95048,1293.373357,3.5,10.7,POINT (1441640.8391284735 5862668.568261137),1.0,15.532679601774179,-1.3758609999999862,15.593496371971638,-5.0619611340318675,15.593496371971638,1.7162695057750241,1.7162695057750241,-0.08834788839684207,-0.8655657517745832,14193.716736232891,4813.0,Discesa,80.21666666666667,56.136586939097896,Giro d'Italia-Valvan
1734863861.0,46.511354,12.950598,1292.443615,3.5,10.7,POINT (1441653.974828387 5862676.170602838),1.0,15.177029074985425,-0.9297420000000329,15.205480318934914,-3.505548091978711,15.205480318934914,-0.3880160530367238,-0.3880160530367238,-0.06118335629203353,-0.5998343247758187,14204.171843788736,4814.0,Discesa,80.23333333333333,54.739729148165694,Giro d'Italia-Valvan
1734863863.0,46.511405,12.950804,1289.558511,3.5,10.6,POINT (1441676.9066434903 5862684.41995978),2.0,24.37047463421591,-2.8851039999999557,24.54065726478769,-6.751549358996078,12.270328632393845,-2.9351516865410687,-1.4675758432705344,-0.1178367659253942,-1.1533053061545386,14220.967371298655,4816.0,Discesa,80.26666666666667,44.173183076617846,Giro d'Italia-Valvan
1734866632.0,46.50608,12.932135,1757.265539,2.1,3.8,POINT (1439598.683069871 5861823.131830524),6.0,14.9213371597163,-0.02271599999994578,14.921354450939985,-0.08722609160207567,2.4868924084899975,-0.2182466961741727,-0.036374449362362116,-0.001522382492102396,-0.01493456647867713,15935.982678287673,7585.0,Discesa,126.41666666666667,8.952812670563992,Valvan-Valvan
1734866709.0,46.506043,12.932274,1755.442893,1.9,4.2,POINT (1439614.1564790912 5861817.147588453),77.0,16.59028468866472,-1.822646000000077,16.690104388297257,-6.2695002229387935,0.21675460244541891,-2.2701378060445787,-0.029482309169410113,-0.10942342134480047,-1.0713029016485924,15947.41684126365,7662.0,Discesa,127.7,0.7803165688035081,Valvan-Valvan
1734866717.0,46.505992,12.932394,1754.00453,2.1,4.7,POINT (1439627.5148179864 5861808.899045249),8.0,15.699798821180629,-1.4383629999999812,15.765550137731116,-5.234634284831598,1.9706937672163896,1.7539391647709706,0.21924239559637132,-0.09136160340809005,-0.8950110149489837,15958.232260170955,7670.0,Discesa,127.83333333333333,7.0944975619790025,Valvan-Valvan
1734866721.0,46.505933,12.932504,1753.545898,1.8,6.4,POINT (1439639.7599619736 5861799.356622571),4.0,15.52421920226416,-0.45863199999985227,15.530992407163527,-1.692196989351165,3.882748101790882,1.9120543345744923,0.47801358364362306,-0.029534409056513253,-0.2896904332992492,15968.923269215584,7674.0,Discesa,127.9,13.977893166447174,Valvan-Valvan
1734866724.0,46.505887,12.932675,1751.678144,1.8,6.4,POINT (1439658.7955948992 5861791.916774786),3.0,20.43787307774156,-1.8677540000001045,20.52303975892435,-5.22158016366797,6.841013252974784,2.9582651511839018,0.9860883837279673,-0.09113376601283048,-0.8927852284666309,15983.009153775287,7677.0,Discesa,127.95,24.627647710709223,Valvan-Valvan
1734866727.0,46.50583,12.93283,1750.343791,1.5,6.2,POINT (1439676.050115972 5861782.6978417),3.0,19.56290430114248,-1.3343529999999646,19.60835848877381,-3.902005631835798,6.536119496257936,-0.30489375671684726,-0.10163125223894909,-0.06810284570689634,-0.667572603667663,15996.488177526988,7680.0,Discesa,128.0,23.53003018652857,Valvan-Valvan
1734866730.0,46.505749,12.932906,1749.230489,1.5,4.9,POINT (1439684.5103972724 5861769.597269206),3.0,15.594914534810401,-1.113301999999976,15.634602671358317,-4.083348747675955,5.2115342237861055,-1.3245852724718308,-0.44152842415727694,-0.07126788015413257,-0.6985462214532195,16007.21668495404,7683.0,Discesa,128.05,18.76152320562998,Valvan-Valvan
1734866733.0,46.505644,12.932958,1747.525504,1.4,3.8,POINT (1439690.2990107937 5861752.615074654),3.0,17.941654837478968,-1.7049850000000788,18.02248462774924,-5.428482891046502,6.0074948759164135,0.795960652130308,0.2653202173767693,-0.09474489983694208,-0.9280575456420633,16019.552155137695,7686.0,Discesa,128.1,21.62698155329909,Valvan-Valvan
1734866737.0,46.505556,12.932882,1744.205092,1.4,3.8,POINT (1439681.8387294936 5861738.382403535),4.0,16.557333325950623,-3.320412000000033,16.88698974703246,-11.33969366746681,4.221747436758115,-1.7857474391582988,-0.4464368597895747,-0.19791499066484683,-1.9288956888082678,16030.941589272124,7690.0,Discesa,128.16666666666666,15.198290772329214,Valvan-Valvan
1734866740.0,46.505452,12.932822,1742.724348,1.3,3.8,POINT (1439675.159560046 5861721.5620037345),3.0,18.097987566372304,-1.4807439999999588,18.158462400382426,-4.677416483816566,6.052820800127475,1.8310733633693603,0.6103577877897868,-0.08163631812965515,-0.7999630320953645,16043.385863663738,7693.0,Discesa,128.21666666666667,21.79015488045891,Valvan-Valvan
1734866743.0,46.505385,12.932939,1739.613561,1.3,3.8,POINT (1439688.1839404686 5861710.725801675),3.0,16.94277900689936,-3.110787000000073,17.225990718562436,-10.4039426558402,5.741996906187478,-0.31082389393999676,-0.10360796464666559,-0.18158305453309476,-1.771556769568923,16055.052742780072,7696.0,Discesa,128.26666666666668,20.67118886227492,Valvan-Valvan
1734866746.0,46.505388,12.933108,1737.840596,1.3,3.8,POINT (1439706.996934413 5861711.211004467),3.0,18.819249796447984,-1.7729649999998855,18.90258098229795,-5.381960847668817,6.300860327432649,0.5588634212451709,0.18628780708172363,-0.09393293700524584,-0.9201276093612308,16068.02862587648,7699.0,Discesa,128.31666666666666,22.68309717875754,Valvan-Valvan
1734866750.0,46.505441,12.933285,1734.28333,1.5,3.8,POINT (1439726.700484283 5861719.782924867),4.0,21.487384597341812,-3.557266000000027,21.779849361940922,-9.40013637861564,5.4449623404852305,-0.8558979869474186,-0.21397449673685465,-0.16406332994333922,-1.6022507263516916,16082.836719186034,7703.0,Discesa,128.38333333333333,19.60186442574683,Valvan-Valvan
1734866752.0,46.505464,12.933436,1732.291042,1.5,3.8,POINT (1439743.509727393 5861723.502817453),2.0,17.215930261828547,-1.9922879999999168,17.330824165488714,-6.601106430561191,8.665412082744357,3.2204497422591265,1.6102248711295633,-0.11521104148786322,-1.1277216301644966,16094.705362177985,7705.0,Discesa,128.41666666666666,31.195483497879685,Valvan-Valvan
1734866754.0,46.505529,12.933571,1730.192237,2.3,3.8,POINT (1439758.53785865 5861734.015565879),2.0,18.340191071623643,-2.098805000000084,18.45989141278163,-6.528384261806836,9.229945706390815,0.564533623646458,0.282266811823229,-0.11394180020390877,-1.1153520131621582,16107.337725969071,7707.0,Discesa,128.45,33.22780454300693,Valvan-Valvan
1734866756.0,46.50556,12.933708,1728.40675,2.3,3.8,POINT (1439773.7886288885 5861739.029342632),2.0,16.05378304936972,-1.7854869999998755,16.152767998810578,-6.346302460158573,8.076383999405289,-1.153561706985526,-0.576780853492763,-0.11076387325718336,-1.0843731223830215,16118.403378367406,7709.0,Discesa,128.48333333333332,29.074982397859042,Valvan-Valvan
1734866761.0,46.505651,12.933788,1724.681477,2.5,3.8,POINT (1439782.6941881522 5861753.747219937),5.0,17.202467792932346,-3.7252730000000156,17.60120896675577,-12.218987806155598,3.520241793351154,-4.556142206054135,-0.911228441210827,-0.21326156847845382,-2.07627374909441,16130.236846678648,7714.0,Discesa,128.56666666666666,12.672870456064155,Valvan-Valvan
1734866763.0,46.505735,12.933855,1723.317398,2.7,3.9,POINT (1439790.1525940353 5861767.332974703),2.0,15.498404785065212,-1.3640790000001743,15.558318109614989,-5.029878366572082,7.7791590548074945,4.25891726145634,2.12945863072817,-0.08778793847151713,-0.8600939314727033,16140.896844422561,7716.0,Discesa,128.6,28.00497259730698,Valvan-Valvan
1734866766.0,46.505848,12.933918,1719.558734,1.9,3.9,POINT (1439797.1657219552 5861785.609082683),3.0,19.57549708478537,-3.7586639999999534,19.933079069259122,-10.86900115847756,6.644359689753041,-1.1347993650544534,-0.37826645501815115,-0.18969985661851144,-1.8498142565874063,16154.356654131805,7719.0,Discesa,128.65,23.91969488311095,Valvan-Valvan
1734866768.0,46.505934,12.933973,1716.300049,1.8,3.8,POINT (1439803.288293949 5861799.5183584625),2.0,15.197165542630094,-3.258685000000014,15.542614595341691,-12.10250512818497,7.7713072976708455,1.1269476079178045,0.5634738039589022,-0.2112285622263261,-2.056777490936515,16164.807105399921,7721.0,Discesa,128.68333333333334,27.976706271615043,Valvan-Valvan
1734866770.0,46.506028,12.934059,1714.399727,1.7,3.8,POINT (1439812.861770157 5861814.721545532),2.0,17.9663113572155,-1.90032199999996,18.0665316950458,-6.037805733452192,9.0332658475229,1.2619585498520545,0.6309792749260272,-0.10537958964453188,-1.0318615180085537,16177.16656073302,7723.0,Discesa,128.71666666666667,32.51975705108244,Valvan-Valvan
1734866772.0,46.506063,12.934213,1710.885622,1.6,3.8,POINT (1439830.0049717394 5861820.382313391),2.0,18.05363268833791,-3.5141049999999723,18.392460063744814,-11.01478300482276,9.196230031872407,0.16296418434950688,0.08148209217475344,-0.19224422982687162,-1.8743207776731063,16189.610537052595,7725.0,Discesa,128.75,33.106428114740666,Valvan-Valvan
1734866774.0,46.505942,12.934336,1706.182792,1.4,3.8,POINT (1439843.697269107 5861800.8122457),2.0,23.884441727986278,-4.702829999999949,24.34303117252393,-11.13900732872481,12.171515586261965,2.9752855543895578,1.4876427771947789,-0.1944123532900263,-1.8951938225372682,16206.04355382492,7727.0,Discesa,128.78333333333333,43.81745611054308,Valvan-Valvan
1734866776.0,46.505834,12.934413,1702.77804,1.4,3.8,POINT (1439852.2688698978 5861783.344784057),2.0,19.45724945516293,-3.404752000000144,19.752895801424742,-9.925483619429356,9.876447900712371,-2.2950676855495935,-1.1475338427747968,-0.17323236901180608,-1.6909225591921713,16219.424843778375,7729.0,Discesa,128.81666666666666,35.55521244256454,Valvan-Valvan
1734866779.0,46.505746,12.93451,1698.868485,1.5,3.8,POINT (1439863.066860505 5861769.112063191),3.0,17.86524403406476,-3.909554999999955,18.288016969991883,-12.343778767994284,6.096005656663961,-3.78044224404841,-1.2601474146828033,-0.2154395816392695,-2.0971510805644544,16231.718007379135,7732.0,Discesa,128.86666666666667,21.945620363990262,Valvan-Valvan
1734866782.0,46.505638,12.934589,1696.280117,1.6,3.8,POINT (1439871.8611002776 5861751.644664528),3.0,19.55629487489898,-2.588367999999946,19.72684257901968,-7.539545498585918,6.575614193006561,0.4796085363425995,0.15986951211419984,-0.13158989305424174,-1.2871745682709914,16245.167811725381,7735.0,Discesa,128.91666666666666,23.67221109482362,Valvan-Valvan
1734866785.0,46.505514,12.934552,1693.881368,1.6,3.8,POINT (1439867.7422791182 5861731.589545895),3.0,20.473701939499552,-2.3987489999999525,20.613744634890296,-6.6824480676305775,6.871248211630099,0.295634018623538,0.09854467287451267,-0.11663072087368628,-1.1415552150660844,16259.241315174904,7738.0,Discesa,128.96666666666667,24.736493561868357,Valvan-Valvan
1734866787.0,46.505437,12.934479,1691.059191,1.6,3.8,POINT (1439859.6159562902 5861719.135987188),2.0,14.870381541465699,-2.8221770000000106,15.135816139478335,-10.746083330120415,7.567908069739167,0.6966598581090686,0.3483299290545343,-0.18755453580427797,-1.8291419580466908,16269.471580744425,7740.0,Discesa,129.0,27.244469051061003,Valvan-Valvan
1734866789.0,46.505355,12.934395,1688.808471,1.6,3.8,POINT (1439850.265119064 5861705.873775231),2.0,16.227274041710693,-2.250720000000001,16.382617719497016,-7.896534631420029,8.191308859748508,0.6234007900093408,0.3117003950046704,-0.13782052881603638,-1.347743295854547,16280.636544412597,7742.0,Discesa,129.03333333333333,29.48871189509463,Valvan-Valvan
1734866791.0,46.505249,12.934309,1686.335708,1.4,3.8,POINT (1439840.6916428555 5861688.729969908),2.0,19.6357201974108,-2.4727629999999863,19.790807576376853,-7.177581210268163,9.895403788188426,1.7040949284399183,0.8520474642199591,-0.12527242444845887,-1.225710721322712,16294.14260001825,7744.0,Discesa,129.06666666666666,35.623453637478335,Valvan-Valvan
1734866793.0,46.505131,12.934214,1683.695017,1.5,3.8,POINT (1439830.1162912303 5861669.645395753),2.0,21.81877706606251,-2.6406910000000607,21.97799539575929,-6.900851105187768,10.988997697879645,1.0935939096912186,0.5467969548456093,-0.12044257297541609,-1.1786870569187153,16309.150126902923,7746.0,Discesa,129.1,39.56039171236672,Valvan-Valvan
1734866795.0,46.505035,12.934178,1681.983206,1.4,3.8,POINT (1439826.1087895613 5861654.1189931035),2.0,16.03525019637856,-1.7118109999998978,16.126361826530474,-6.093418770984062,8.063180913265237,-2.9258167846144083,-1.4629083923072042,-0.1063502202564982,-1.0413300960649425,16320.173538319103,7748.0,Discesa,129.13333333333333,29.027451287754854,Valvan-Valvan
1734866797.0,46.504965,12.934078,1680.404209,1.4,3.8,POINT (1439814.976840482 5861642.797675123),2.0,15.877422054860721,-1.5789970000000721,15.955743875927155,-5.679345662500054,7.977871937963577,-0.08530897530165937,-0.04265448765082969,-0.09912328116948459,-0.9708077975211683,16331.103429198174,7750.0,Discesa,129.16666666666666,28.72033897666888,Valvan-Valvan
1734866799.0,46.504866,12.934004,1678.333289,1.4,3.8,POINT (1439806.7391981634 5861626.786121726),2.0,18.00634869063807,-2.0709200000001147,18.125046284499355,-6.560792772019998,9.062523142249677,1.0846512042861,0.54232560214305,-0.11450743541279468,-1.1208647349703738,16343.487716211723,7752.0,Discesa,129.2,32.62508331209884,Valvan-Valvan
1734866801.0,46.504767,12.933899,1676.103087,1.4,3.8,POINT (1439795.0506516304 5861610.774597487),2.0,19.824001324104323,-2.230201999999963,19.949055853821598,-6.418792013287923,9.974527926910799,0.9120047846611214,0.4560023923305607,-0.11202905463258987,-1.096707622672201,16357.128184015239,7754.0,Discesa,129.23333333333332,35.908300536878876,Valvan-Valvan
1734866803.0,46.504651,12.933819,1673.519628,1.4,3.8,POINT (1439786.1450923667 5861592.013656691),2.0,20.767327352734636,-2.583458999999948,20.927401792394605,-7.091174716986576,10.463700896197302,0.48917296928650345,0.24458648464325172,-0.12376434664559283,-1.2110310224563978,16371.410293657415,7756.0,Discesa,129.26666666666668,37.66932322631029,Valvan-Valvan
1734866805.0,46.504528,12.93379,1670.790988,1.5,3.8,POINT (1439782.9168271339 5861572.120633884),2.0,20.153264072826325,-2.7286400000000413,20.337146531376337,-7.71064211709902,10.168573265688169,-0.2951276305091337,-0.14756381525456685,-0.13457609238632406,-1.3162101359058682,16385.263122968245,7758.0,Discesa,129.3,36.60686375647741,Valvan-Valvan
1734866807.0,46.504413,12.93379,1669.907377,1.5,3.8,POINT (1439782.9168271339 5861553.521506934),2.0,18.59912694990635,-0.8836109999999735,18.62010450287682,-2.7199740967773534,9.31005225143841,-0.8585210142497584,-0.4292605071248792,-0.0474725035577237,-0.4655303577195548,16398.046657638086,7760.0,Discesa,129.33333333333334,33.51618810517828,Valvan-Valvan
1734866809.0,46.504275,12.933851,1668.095907,1.5,3.8,POINT (1439789.7073160722 5861531.202606527),2.0,23.3290388874525,-1.8114700000000994,23.39926235959526,-4.440034753190478,11.69963117979763,2.389578928359219,1.1947894641796095,-0.07749322534614764,-0.759447901686263,16414.085531855275,7762.0,Discesa,129.36666666666667,42.11867224727147,Valvan-Valvan
1734866811.0,46.504127,12.933842,1666.195454,1.6,3.8,POINT (1439788.705440655 5861507.266457459),2.0,23.957107224491494,-1.9004529999999704,24.032367926839658,-4.535622327161019,12.016183963419829,0.31655278362219974,0.15827639181109987,-0.07916154323592722,-0.7757639191757909,16430.551881495303,7764.0,Discesa,129.4,43.258262268311384,Valvan-Valvan
1734866813.0,46.504003,12.93389,1664.526537,1.7,3.8,POINT (1439794.048776213 5861487.211896249),2.0,20.754196207217614,-1.668916999999965,20.821189787343442,-4.597460099312126,10.410594893671721,-1.6055890697481079,-0.8027945348740539,-0.08024081596206209,-0.786317974007025,16444.81976528045,7766.0,Discesa,129.43333333333334,37.4781416172182,Valvan-Valvan
1734866815.0,46.503889,12.933972,1662.281297,1.6,3.8,POINT (1439803.1769744582 5861468.774678721),2.0,20.573161968355542,-2.245239999999967,20.695315799324995,-6.228292452172171,10.347657899662497,-0.06293699400922392,-0.03146849700461196,-0.10870421006751585,-1.0642893596587726,16458.9691267152,7768.0,Discesa,129.46666666666667,37.25156843878499,Valvan-Valvan
1734866817.0,46.503776,12.933978,1660.20586,1.7,3.8,POINT (1439803.8448914029 5861450.499229325),2.0,18.28765057832349,-2.0754369999999653,18.40504285286574,-6.474706403330986,9.20252142643287,-1.145136473229627,-0.5725682366148135,-0.11300494483808565,-1.1062205686106032,16471.538777457914,7770.0,Discesa,129.5,33.12907713515833,Valvan-Valvan
1734866819.0,46.503672,12.93404,1657.414406,1.8,3.8,POINT (1439810.7466998321 5861433.679380265),2.0,18.180821818411427,-2.7914539999999306,18.39387119197426,-8.72893526802732,9.19693559598713,-0.005585830445740569,-0.0027929152228702847,-0.15234866062053043,-1.488765657549443,16484.040730853718,7772.0,Discesa,129.53333333333333,33.10896814555367,Valvan-Valvan
1734866821.0,46.503595,12.934119,1655.948524,1.9,3.8,POINT (1439819.5409396049 5861421.226243517),2.0,15.245303146773407,-1.4658820000001924,15.315615497750775,-5.492277885097254,7.6578077488753875,-1.5391278471117422,-0.7695639235558711,-0.09585833252941788,-0.9389307548308296,16494.53042327892,7774.0,Discesa,129.56666666666666,27.568107895951396,Valvan-Valvan
1734866823.0,46.503498,12.93419,1654.292405,1.7,3.8,POINT (1439827.444623451 5861405.538550901),2.0,17.566215242838123,-1.6561189999999897,17.64411086169772,-5.385848892950948,8.82205543084886,1.164247681973472,0.582123840986736,-0.09400079619688566,-0.9207903712092556,16506.61203565486,7776.0,Discesa,129.6,31.759399551055896,Valvan-Valvan
1734866825.0,46.50337,12.934266,1650.875761,1.7,3.8,POINT (1439835.9049047513 5861384.837308638),2.0,22.363313505166644,-3.4166439999999056,22.622803697886436,-8.686421324704394,11.311401848943218,2.4893464180943585,1.2446732090471793,-0.15160665233153914,-1.4815704581802331,16521.990091601063,7778.0,Discesa,129.63333333333333,40.72104665619558,Valvan-Valvan
1734866827.0,46.503287,12.934385,1648.869702,1.7,3.8,POINT (1439849.151924156 5861371.413872908),2.0,18.859272252659146,-2.00605900000005,18.965664307147282,-6.071715725971255,9.482832153573641,-1.828569695369577,-0.9142848476847885,-0.10597143066331619,-1.0376350899864988,16534.97313630966,7780.0,Discesa,129.66666666666666,34.13819575286511,Valvan-Valvan
1734866829.0,46.503188,12.934473,1646.6186,1.6,3.8,POINT (1439858.9480393457 5861355.402813716),2.0,18.77013290474186,-2.251101999999946,18.904638305878187,-6.83881949146369,9.452319152939094,-0.030513000634547538,-0.015256500317273769,-0.11935991707560563,-1.1681424559777436,16547.88572987375,7782.0,Discesa,129.7,34.028348950580735,Valvan-Valvan
1734866831.0,46.503094,12.93455,1644.822835,1.6,3.8,POINT (1439867.5196401367 5861340.200420862),2.0,17.45236627516684,-1.795765000000074,17.544510837803546,-5.87478687387787,8.772255418901773,-0.6800637340373203,-0.34003186701866017,-0.10253437380211368,-1.0041006450885004,16559.89061512124,7784.0,Discesa,129.73333333333332,31.580119508046383,Valvan-Valvan
1734866833.0,46.502989,12.934589,1641.164595,1.6,3.8,POINT (1439871.8611002776 5861323.219055668),2.0,17.527550884072852,-3.658239999999978,17.905243921582382,-11.789174211523527,8.952621960791191,0.18036654188941803,0.09018327094470902,-0.20575990608229197,-2.004291846409442,16571.94031236414,7786.0,Discesa,129.76666666666668,32.22943905884829,Valvan-Valvan
1734866835.0,46.502898,12.934697,1637.534526,1.6,3.8,POINT (1439883.8836052832 5861308.50189903),2.0,19.003560880223272,-3.6300690000000486,19.347163282329365,-10.814387579615396,9.673581641164683,0.7209596803734915,0.3604798401867457,-0.18874666985106905,-1.840630399937007,16585.018894365163,7788.0,Discesa,129.8,34.824893908192855,Valvan-Valvan
1734866837.0,46.502813,12.934829,1633.332734,1.6,3.8,POINT (1439898.5777780681 5861294.755126618),2.0,20.121939906136515,-4.201791999999841,20.555960731559882,-11.794815321192413,10.277980365779941,0.6043987246152582,0.3021993623076291,-0.20585836201948013,-2.0052373157491683,16598.873062249855,7790.0,Discesa,129.83333333333334,37.000729316807785,Valvan-Valvan
1734866839.0,46.502722,12.934974,1629.258349,1.7,3.8,POINT (1439914.719104233 5861280.038017622),2.0,21.843436257816016,-4.07438500000012,22.220178232352172,-10.565776077166184,11.110089116176086,0.8321087503961451,0.41605437519807253,-0.18440758057500037,-1.7988027113034586,16613.913135369578,7792.0,Discesa,129.86666666666667,39.99632081823391,Valvan-Valvan
1734866841.0,46.502637,12.935146,1624.715681,1.6,3.8,POINT (1439933.8660566495 5861266.291289714),2.0,23.570708835707592,-4.542668000000049,24.00446099323891,-10.90858988789322,12.002230496619456,0.8921413804433698,0.4460706902216849,-0.1903908102934958,-1.856470474073642,16630.14841586923,7794.0,Discesa,129.9,43.20802978783004,Valvan-Valvan
1734866843.0,46.502584,12.935358,1621.830764,1.6,3.8,POINT (1439957.4657886976 5861257.719811426),2.0,25.10811806557663,-2.8849169999998594,25.273312780318765,-6.5545285573457015,12.636656390159382,0.6344258935399267,0.31721294676996337,-0.11439810424167646,-1.1197992133440322,16647.454981766838,7796.0,Discesa,129.93333333333334,45.491963004573776,Valvan-Valvan
1734866845.0,46.502528,12.935547,1619.849176,1.7,3.8,POINT (1439978.5051724575 5861248.663164199),2.0,22.90586230594153,-1.9815880000001016,22.99141620215026,-4.9443525365793315,11.49570810107513,-1.1409482890842533,-0.5704741445421266,-0.0862952311426427,-0.8455059100788641,16663.24159096233,7798.0,Discesa,129.96666666666667,41.38454916387047,Valvan-Valvan
1734866847.0,46.502474,12.935727,1617.806082,1.5,3.8,POINT (1439998.5426808002 5861239.929977496),2.0,21.85795714549288,-2.0430939999998827,21.953234924881542,-5.340001478797975,10.976617462440771,-0.5190906386343581,-0.25954531931717906,-0.09320060786639082,-0.9129748854134763,16678.305845823226,7800.0,Discesa,130.0,39.51582286478678,Valvan-Valvan
1734866849.0,46.502415,12.93591,1616.571355,1.5,3.8,POINT (1440018.9141476154 5861230.38817231),2.0,22.49539300429864,-1.2347270000000208,22.529253364955913,-3.141697953045326,11.264626682477957,0.28800922003718554,0.14400461001859277,-0.05483297338380715,-0.5376419570495566,16693.808429879256,7802.0,Discesa,130.03333333333333,40.55265605692065,Valvan-Valvan
1734866851.0,46.502373,12.936092,1614.874132,1.5,3.8,POINT (1440039.17429494 5861223.59570713),2.0,21.368461639419525,-1.6972230000001218,21.435757946643108,-4.541271955459571,10.717878973321554,-0.5467477091564028,-0.2733738545782014,-0.0792601478512508,-0.7767281974094407,16708.5381034861,7804.0,Discesa,130.06666666666666,38.58436430395759,Valvan-Valvan
1734866853.0,46.502354,12.93627,1613.387046,1.5,3.8,POINT (1440058.9891643012 5861220.522926985),2.0,20.051708795473754,-1.487085999999863,20.106776230661023,-4.241436808888714,10.053388115330511,-0.6644908579910425,-0.33224542899552123,-0.07402703733038957,-0.7255421502007263,16722.363531443414,7806.0,Discesa,130.1,36.19219721518984,Valvan-Valvan
1734866855.0,46.502343,12.936461,1611.605157,1.4,3.8,POINT (1440080.2511870426 5861218.7439495),2.0,21.336315800720524,-1.781889000000092,21.41059318086254,-4.773942711880524,10.70529659043127,0.6519084751007593,0.32595423755037967,-0.08332101862390216,-0.8164337597907082,16737.075458492887,7808.0,Discesa,130.13333333333333,38.53906772555258,Valvan-Valvan
1734866857.0,46.502311,12.936642,1610.166645,1.4,3.8,POINT (1440100.4000148764 5861213.568744312),2.0,20.802836629017154,-1.438511999999946,20.8525137234752,-3.9556947596765517,10.4262568617376,-0.2790397286936699,-0.13951986434683494,-0.06903989776024165,-0.6767434807685934,16751.4170393178,7810.0,Discesa,130.16666666666666,37.53452470225536,Valvan-Valvan
1734866859.0,46.502286,12.93681,1608.482054,1.4,3.8,POINT (1440119.1016893294 5861209.525617379),2.0,19.133726838855473,-1.6845909999999549,19.20774191781062,-5.031519214261328,9.60387095890531,-0.8223859028322913,-0.41119295141614565,-0.0878165766662182,-0.8603737899391374,16764.60865712807,7812.0,Discesa,130.2,34.57393545205912,Valvan-Valvan
1734866861.0,46.502268,12.936976,1606.362099,1.5,3.8,POINT (1440137.5807248012 5861206.614567138),2.0,18.706922928979235,-2.119955000000118,18.82666127258879,-6.465439397074825,9.413330636294395,-0.19054032261091436,-0.09527016130545718,-0.11284320506711273,-1.1046440071814958,16777.50686077332,7814.0,Discesa,130.23333333333332,33.88799029065982,Valvan-Valvan
1734866863.0,46.502225,12.937146,1602.911421,1.5,3.8,POINT (1440156.505038236 5861199.660395465),2.0,20.161600696474228,-3.4506779999999253,20.454762802431944,-9.71212786294924,10.227381401215972,0.8140507649215767,0.40702538246078834,-0.16950860858314484,-1.6549275837104591,16791.40386818684,7816.0,Discesa,130.26666666666668,36.8185730443775,Valvan-Valvan
1734866865.0,46.502201,12.937318,1599.147936,1.6,3.8,POINT (1440175.6519906523 5861195.778999713),2.0,19.536402427570742,-3.763484999999946,19.895598487032668,-10.903865338326034,9.947799243516334,-0.2795821576996378,-0.1397910788498189,-0.19030835134787474,-1.855676162446817,16804.873350823524,7818.0,Discesa,130.3,35.812077276658805,Valvan-Valvan
1734866867.0,46.502178,12.937501,1596.424791,1.6,3.8,POINT (1440196.0234574676 5861192.059330391),2.0,20.708273710596917,-2.7231450000001587,20.88655353963466,-7.491430281045559,10.44327676981733,0.49547752630099673,0.24773876315049836,-0.13075012408784914,-1.279007204290959,16819.151119965652,7820.0,Discesa,130.33333333333334,37.595796371342395,Valvan-Valvan
1734866869.0,46.502161,12.937697,1592.633252,1.6,3.8,POINT (1440217.842077663 5861189.3100106),2.0,21.99115609836485,-3.7915389999998297,22.315615934389292,-9.78230674109942,11.157807967194646,0.7145311973773154,0.3572655986886577,-0.1707334610722214,-1.6667699291543778,16834.314207455005,7822.0,Discesa,130.36666666666667,40.168108681900726,Valvan-Valvan
1734866871.0,46.502151,12.937903,1589.267479,1.5,3.8,POINT (1440240.7738927666 5861187.692764065),2.0,22.988771831067638,-3.36577299999999,23.233855861402297,-8.32946289123946,11.616927930701149,0.4591199635065024,0.2295599817532512,-0.14537655237481492,-1.4211258487168332,16850.16570138951,7824.0,Discesa,130.4,41.820940550524135,Valvan-Valvan
1734866873.0,46.502145,12.938119,1585.398146,1.5,3.8,POINT (1440264.8189027777 5861186.722416286),2.0,24.064581468406796,-3.869333000000097,24.373670612250375,-9.134379656928,12.186835306125188,0.5699073754240391,0.28495368771201957,-0.15942500014058364,-1.5573426478867292,16866.759178174598,7826.0,Discesa,130.43333333333334,43.87260710205068,Valvan-Valvan
1734866875.0,46.502128,12.938336,1583.516858,1.6,3.8,POINT (1440288.9752322799 5861183.973098165),2.0,24.312280953160233,-1.8812880000000405,24.384959497287298,-4.42473887650351,12.192479748643649,0.00564444251846119,0.002822221259230595,-0.07722626193598102,-0.7568368232087271,16883.522862371177,7828.0,Discesa,130.46666666666667,43.89292709511714,Valvan-Valvan
1734866877.0,46.502148,12.938591,1580.447973,1.6,3.8,POINT (1440317.3617024324 5861187.207590163),2.0,28.570152715758407,-3.0688849999999093,28.734503325183507,-6.130962500798573,14.367251662591753,2.1747719139481045,1.0873859569740523,-0.10700548195524057,-1.047721671375256,16903.222410964197,7830.0,Discesa,130.5,51.722105985330316,Valvan-Valvan
1734866879.0,46.502138,12.938839,1579.100251,1.5,3.8,POINT (1440344.968936149 5861185.590344016),2.0,27.65456270822205,-1.347721999999976,27.687383285032002,-2.7900545135436774,13.843691642516001,-0.5235600200757524,-0.2617800100378762,-0.048695637571465895,-0.47751543307262323,16922.29121424714,7832.0,Discesa,130.53333333333333,49.8372899130576,Valvan-Valvan
1734866881.0,46.502143,12.939085,1577.127834,1.5,3.8,POINT (1440372.3535308843 5861186.398967051),2.0,27.396530802719937,-1.9724170000001777,27.467441250438164,-4.117912535478421,13.733720625219082,-0.10997101729691927,-0.054985508648459636,-0.07187113205324626,-0.7044489726429498,16941.182249246333,7834.0,Discesa,130.56666666666666,49.4413942507887,Valvan-Valvan
1734866883.0,46.502146,12.939322,1575.224241,1.7,3.8,POINT (1440398.7362502022 5861186.884140911),2.0,26.38718007446137,-1.9035930000000008,26.455754356882363,-4.1262168184246075,13.227877178441181,-0.5058434467779005,-0.25292172338895025,-0.07201606913267443,-0.7058671273587017,16959.377324888053,7836.0,Discesa,130.6,47.62035784238825,Valvan-Valvan
1734866885.0,46.502142,12.939556,1572.860875,1.6,3.8,POINT (1440424.7850110477 5861186.237242439),2.0,26.056792189789324,-2.3633659999998144,26.163751987660735,-5.1825794557340075,13.081875993830367,-0.1460011846108138,-0.0730005923054069,-0.09045307524877415,-0.8861351564153505,16977.34456839715,7838.0,Discesa,130.63333333333333,47.09475357778933,Valvan-Valvan
1734866887.0,46.502142,12.939787,1570.859725,1.5,3.8,POINT (1440450.4998134212 5861186.237242439),2.0,25.714802373433486,-2.0011500000000524,25.792550521948012,-4.449842779691894,12.896275260974006,-0.18560073285636136,-0.09280036642818068,-0.07766440770172021,-0.7611221497189818,16995.076031064753,7840.0,Discesa,130.66666666666666,46.426590939506426,Valvan-Valvan
1734866889.0,46.502066,12.940004,1568.116604,1.5,3.8,POINT (1440474.656142923 5861173.946180534),2.0,27.1034768574339,-2.7431209999999737,27.241937717095233,-5.779180549490204,13.620968858547617,0.7246935975736104,0.3623467987868052,-0.10086572865581915,-0.9878158187371819,17013.752839579953,7842.0,Discesa,130.7,49.03548789077142,Valvan-Valvan
1734866890.0,46.502021,12.940121,1566.322071,1.5,3.8,POINT (1440487.680523346 5861166.668586187),1.0,14.919713967542815,-1.7945330000000013,15.027249035049003,-6.858549372402538,15.027249035049003,1.4062801765013866,1.4062801765013866,-0.11970426845901501,-1.1714964388319002,17024.032861009633,7843.0,Discesa,130.71666666666667,54.09809652617641,Valvan-Valvan
1734866892.0,46.501909,12.940323,1561.772363,1.5,3.8,POINT (1440510.1670604863 5861148.555488635),2.0,28.874359828388396,-4.54970800000001,29.230608929417013,-8.954424066306396,14.615304464708506,-0.4119445703404967,-0.20597228517024835,-0.15628418257686566,-1.5269143242200076,17043.9181246185,7845.0,Discesa,130.75,52.61509607295062,Valvan-Valvan
1734866893.0,46.501856,12.940439,1558.522879,1.5,3.8,POINT (1440523.0801214182 5861139.9841251215),1.0,15.49888431824995,-3.2494839999999385,15.835863139619192,-11.84107728926523,15.835863139619192,1.220558674910686,1.220558674910686,-0.2066657856808033,-2.012990246186604,17054.594930586394,7846.0,Discesa,130.76666666666668,57.0091073026291,Valvan-Valvan
1734866895.0,46.501763,12.940653,1554.311178,1.6,3.8,POINT (1440546.902492448 5861124.9438282065),2.0,28.172963862017728,-4.2117010000001756,28.48603724781598,-8.502433553928599,14.24301862390799,-1.592844515711203,-0.7964222578556015,-0.1483954599480969,-1.4504224104800492,17074.003916753165,7848.0,Discesa,130.8,51.27486704606876,Valvan-Valvan
1734866896.0,46.501731,12.940782,1552.875943,1.4,3.8,POINT (1440561.2627067603 5861119.768678229),1.0,15.264269795262994,-1.4352349999999205,15.33159586891733,-5.37148847501152,15.33159586891733,1.0885772450093398,1.0885772450093398,-0.09375015962188019,-0.9183424524346977,17084.5255182049,7849.0,Discesa,130.81666666666666,55.193745128102385,Valvan-Valvan
1734866898.0,46.501761,12.941035,1548.227975,1.6,3.8,POINT (1440589.426537931 5861124.620381244),2.0,28.578670514144942,-4.647967999999992,28.954170941076544,-9.237570304434536,14.477085470538272,-0.8545103983790572,-0.4272551991895286,-0.1612260166968376,-1.5747840327665272,17104.230079252153,7851.0,Discesa,130.85,52.11750769393778,Valvan-Valvan
1734866900.0,46.501838,12.941259,1546.175489,1.7,3.8,POINT (1440614.3621038687 5861137.073097903),2.0,27.872075646103454,-2.0524860000000444,27.947545502285337,-4.211631206998428,13.973772751142668,-0.5033127193956037,-0.25165635969780187,-0.07350683144186541,-0.7204528089364398,17123.43699962483,7853.0,Discesa,130.88333333333333,50.30558190411361,Valvan-Valvan
1734866902.0,46.501928,12.941467,1541.731681,1.6,3.8,POINT (1440637.5165579536 5861151.628243626),2.0,27.34924150644772,-4.44380799999999,27.707912958555116,-9.228980526875628,13.853956479277558,-0.11981627186511012,-0.05990813593255506,-0.16107609679642074,-1.5733323742284915,17142.278585815468,7855.0,Discesa,130.91666666666666,49.87424332539921,Valvan-Valvan
1734866903.0,46.501991,12.941564,1539.836129,1.7,3.8,POINT (1440648.3145485607 5861161.816859969),1.0,14.846026543577578,-1.8955519999999524,14.966550087355262,-7.2761995135888275,14.966550087355262,1.1125936080777041,1.1125936080777041,-0.12699363854413492,-1.242461690333709,17152.50026025054,7856.0,Discesa,130.93333333333334,53.87958031447894,Valvan-Valvan
1734866905.0,46.502091,12.941775,1536.608074,1.6,3.8,POINT (1440671.802961118 5861177.989291105),2.0,28.517591997414236,-3.2280550000000403,28.699710667775204,-6.458118821845576,14.349855333887602,-0.6166947534676606,-0.3083473767338303,-0.1127154369262224,-1.10339856441679,17172.14429555298,7858.0,Discesa,130.96666666666667,51.65947920199537,Valvan-Valvan
1734866907.0,46.502199,12.94195,1533.641061,1.7,3.8,POINT (1440691.283872007 5861195.4555501435),2.0,26.164405092517907,-2.9670129999999517,26.332095624684825,-6.469637326350306,13.166047812342413,-1.183807521545189,-0.5919037607725945,-0.11291647275473575,-1.1053581889135309,17190.1602094889,7860.0,Discesa,131.0,47.397772124432684,Valvan-Valvan
1734866909.0,46.502332,12.942035,1529.783221,1.7,3.8,POINT (1440700.7460287244 5861216.964972374),2.0,23.498673461211744,-3.857840000000124,23.81324387609252,-9.323232872362768,11.90662193804626,-1.2594258742961522,-0.6297129371480761,-0.16272111055289853,-1.5892589265419816,17206.320318278547,7862.0,Discesa,131.03333333333333,42.86383897696654,Valvan-Valvan
1734866911.0,46.50245,12.942158,1526.520149,1.7,3.8,POINT (1440714.4383260917 5861236.048563967),2.0,23.48749614798365,-3.2630719999999656,23.713078968761742,-7.909363900325626,11.856539484380871,-0.05008245366538944,-0.02504122683269472,-0.13804444179906278,-1.3499190198864002,17222.48187118544,7864.0,Discesa,131.06666666666666,42.683542143771135,Valvan-Valvan
1734866913.0,46.502601,12.942194,1521.666314,1.6,3.8,POINT (1440718.4458277605 5861260.469152608),2.0,24.747226494568284,-4.85383499999989,25.218741708909395,-11.09692824529198,12.609370854454697,0.7528313700738263,0.37641568503691314,-0.193677934737902,-1.8881243917565034,17239.493141189458,7866.0,Discesa,131.1,45.39373507603691,Valvan-Valvan
1734866915.0,46.502765,12.942202,1517.205153,1.5,3.8,POINT (1440719.3363836866 5861286.9922528695),2.0,26.538046976806875,-4.461160999999947,26.910404954424767,-9.542450071491967,13.455202477212383,0.8458316227576859,0.42291581137884293,-0.1665471724547031,-1.6262850553203418,17257.73390670661,7868.0,Discesa,131.13333333333333,48.43872891796458,Valvan-Valvan
1734866917.0,46.502932,12.942222,1513.846278,1.7,3.8,POINT (1440721.5627735027 5861314.000614012),2.0,27.099970169662065,-3.3588750000001255,27.307332796562164,-7.0654274095670475,13.653666398281082,0.19846392106869892,0.09923196053434946,-0.12331497135759889,-1.2066562485424985,17276.361185541613,7870.0,Discesa,131.16666666666666,49.153199033811894,Valvan-Valvan
1734866918.0,46.503021,12.942247,1511.880669,1.7,3.8,POINT (1440724.3457607725 5861328.394325395),1.0,14.660284633460858,-1.9656090000000859,14.791469307508633,-7.636511727424623,14.791469307508633,1.1378029092275508,1.1378029092275508,-0.13328227301071943,-1.303631430328044,17286.43891427385,7871.0,Discesa,131.18333333333334,53.24928950703108,Valvan-Valvan
1734866920.0,46.503166,12.942237,1507.915843,1.7,3.8,POINT (1440723.2325658647 5861351.844804522),2.0,23.47688595548361,-3.9648259999999027,23.80932631086102,-9.585782438173798,11.90466315543051,-2.8868061520781225,-1.4434030760390613,-0.16730346492598255,-1.6336011591498274,17302.57554657709,7873.0,Discesa,131.21666666666667,42.85678735954984,Valvan-Valvan
1734866922.0,46.503333,12.942262,1506.575083,1.7,3.8,POINT (1440726.0155531343 5861378.853364877),2.0,27.151562581791524,-1.3407600000000457,27.184646181448485,-2.827002682523624,13.592323090724243,1.6876599352937323,0.8438299676468661,-0.0493405047727492,-0.4838339815868673,17321.238375521312,7875.0,Discesa,131.25,48.93236312660728,Valvan-Valvan
1734866924.0,46.503503,12.942276,1503.437475,1.6,3.8,POINT (1440727.5740260053 5861406.347194167),2.0,27.537964461582582,-3.137608,27.71613376084495,-6.500109409000586,13.858066880422475,0.26574378969823265,0.13287189484911632,-0.11344831092692297,-1.110542139303835,17340.16630050692,7877.0,Discesa,131.28333333333333,49.88904076952091,Valvan-Valvan
1734866926.0,46.503641,12.942295,1500.816191,1.7,3.8,POINT (1440729.6890963307 5861428.665777635),2.0,22.418579136467105,-2.6212840000000597,22.5713052415383,-6.66900617123665,11.28565262076915,-2.572414259653325,-1.2862071298266624,-0.1163961155239003,-1.1392693406439462,17355.575708365435,7879.0,Discesa,131.31666666666666,40.62834943476894,Valvan-Valvan
1734866928.0,46.503776,12.942288,1499.13355,1.7,3.8,POINT (1440728.909859895 5861450.499229325),2.0,21.847352748762717,-1.682640999999876,21.912053825777043,-4.404116149941946,10.956026912888522,-0.32962570788062884,-0.16481285394031442,-0.07686632745674324,-0.7533163409164557,17370.59208013407,7881.0,Discesa,131.35,39.44169688639868,Valvan-Valvan
1734866930.0,46.503925,12.942293,1496.693122,1.7,3.8,POINT (1440729.466457349 5861474.596953765),2.0,24.10415159037047,-2.440428000000111,24.2273773387617,-5.781218836468101,12.11368866938085,1.1576617564923275,0.5788308782461637,-0.10090130347468398,-0.9881630333010998,17387.159538618373,7883.0,Discesa,131.38333333333333,43.60927920977106,Valvan-Valvan
1734866932.0,46.504081,12.942252,1493.305479,1.7,3.8,POINT (1440724.9023582265 5861499.826856836),2.0,25.639403459945378,-3.387642999999798,25.862233756528198,-7.52669039467436,12.931116878264099,0.8174282088832499,0.4087141044416249,-0.13136552916529906,-1.2849925548913321,17404.78392545974,7885.0,Discesa,131.41666666666666,46.55202076175076,Valvan-Valvan
1734866934.0,46.504232,12.942268,1491.117154,1.7,3.8,POINT (1440726.6834700792 5861524.2481781235),2.0,24.486185755881024,-2.188325000000077,24.583776340854065,-5.10694365432796,12.291888170427033,-0.6392287078370664,-0.3196143539185332,-0.08913298148185407,-0.8732372094650678,17421.61412897361,7887.0,Discesa,131.45,44.25079741353732,Valvan-Valvan
1734866936.0,46.504382,12.942291,1488.583704,1.4,3.8,POINT (1440729.2438183676 5861548.507835966),2.0,24.394392428875236,-2.53345000000013,24.52559379253571,-5.9291281452969224,12.262796896267854,-0.029091274159178226,-0.014545637079589113,-0.10348280790809604,-1.013355464917031,17438.381500734788,7889.0,Discesa,131.48333333333332,44.146068826564274,Valvan-Valvan
1734866938.0,46.504527,12.942292,1487.035472,1.7,4.2,POINT (1440729.3551378583 5861571.9589021765),2.0,23.451330419731658,-1.5482319999998708,23.50238117258026,-3.777125517686443,11.75119058629013,-0.5116063099777239,-0.25580315498886197,-0.06592327654472374,-0.6462390260999784,17454.500053246735,7891.0,Discesa,131.51666666666668,42.30428611064447,Valvan-Valvan
1734866940.0,46.504665,12.942323,1485.884131,1.7,4.5,POINT (1440732.8060420726 5861594.2779060425),2.0,22.584212925606607,-1.1513410000000022,22.613541508738024,-2.9184068065906086,11.306770754369012,-0.44441983192111856,-0.22220991596055928,-0.05093580768761947,-0.49946423498662035,17470.02373698841,7893.0,Discesa,131.55,40.70437471572844,Valvan-Valvan
1734866942.0,46.504785,12.94238,1485.064774,1.7,4.4,POINT (1440739.151253048 5861613.685781543),2.0,20.418798538875155,-0.8193570000000818,20.435231333768144,-2.2979082027752775,10.217615666884072,-1.08915508748494,-0.54457754374247,-0.04010606404701409,-0.39333502218389915,17484.062234888424,7895.0,Discesa,131.58333333333334,36.78341640078266,Valvan-Valvan
1734866945.0,46.504865,12.942459,1483.131875,1.7,4.0,POINT (1440747.9454928206 5861626.624389013),3.0,15.64436692365979,-1.9328989999999067,15.763321825881153,-7.043336214079269,5.254440608627051,-4.963175058257021,-1.6543916860856738,-0.12292940726063543,-1.2029024972938498,17494.825697505992,7898.0,Discesa,131.63333333333333,18.91598619105738,Valvan-Valvan
1734866954.0,46.504923,12.942564,1481.824846,1.5,4.8,POINT (1440759.634039354 5861636.004891333),9.0,14.987192660351457,-1.3070290000000568,15.044077527230899,-4.984139205313615,1.671564169692322,-3.5828764389347287,-0.39809738210385875,-0.08698963951045624,-0.8522925029329228,17505.146618439067,7907.0,Discesa,131.78333333333333,6.01763101089236,Valvan-Valvan
1734866998.0,46.505013,12.942589,1481.301851,1.5,4.2,POINT (1440762.4170266239 5861650.560863025),44.0,14.819626514332262,-0.5229950000000372,14.828852072710308,-2.0211693925727,0.33701936528887066,-1.3345448044034514,-0.030330563736442075,-0.03527606064092744,-0.34598638686552324,17515.333486682524,7951.0,Discesa,132.51666666666668,1.2132697150399345,Valvan-Valvan
1734867012.0,46.505076,12.942689,1481.146944,1.9,4.1,POINT (1440773.548975703 5861660.750057547),14.0,15.091056136859054,-0.15490699999986646,15.091851162282255,-0.5881103037889301,1.0779893687344468,0.7409700034455762,0.05292642881754116,-0.010264461166020913,-0.10069259586899369,17525.723781710858,7965.0,Discesa,132.75,3.8807617274440087,Valvan-Valvan
1734867016.0,46.505137,12.942798,1480.419143,1.6,3.9,POINT (1440785.6828001996 5861670.615796829),4.0,15.63849444412619,-0.7278009999999995,15.655420875037716,-2.6645697313048844,3.913855218759429,2.835865850024982,0.7089664625062455,-0.046505514960250856,-0.4560546705827731,17536.49296545153,7969.0,Discesa,132.81666666666666,14.089878787533944,Valvan-Valvan
1734867028.0,46.505186,12.94291,1477.942898,1.4,6.3,POINT (1440798.1505831685 5861678.540742961),12.0,14.773299677331256,-2.4762450000000626,14.979391598334729,-9.515250350153297,1.2482826331945607,-2.6655725855648686,-0.22213104879707238,-0.16607244776171837,-1.621692262368064,17546.669908785123,7981.0,Discesa,133.01666666666668,4.493817479500419,Valvan-Valvan
1734867037.0,46.505235,12.943055,1476.938027,1.9,6.4,POINT (1440814.2919093333 5861686.465696231),9.0,17.98186015689577,-1.0048710000000938,18.0099156141498,-3.19850372566846,2.0011017349055336,0.7528191017109729,0.08364656685677477,-0.0558244211502201,-0.5473531759502517,17559.060822867992,7990.0,Discesa,133.16666666666666,7.203966245659921,Valvan-Valvan
1734867041.0,46.505296,12.94319,1474.719197,1.7,4.4,POINT (1440829.3200405904 5861696.331464369),4.0,17.977155225998533,-2.2188300000000254,18.113567196677373,-7.036145456413731,4.528391799169343,2.5272900642638096,0.6318225160659524,-0.12280390486365877,-1.2016806001632296,17571.44426699305,7994.0,Discesa,133.23333333333332,16.302210477009638,Valvan-Valvan
1734867045.0,46.505386,12.943251,1472.642724,1.7,4.8,POINT (1440836.110529529 5861710.887535935),4.0,16.06206585316763,-2.076472999999851,16.195730906359923,-7.366232708277798,4.048932726589981,-0.4794590725793624,-0.1198647681448406,-0.12856501422754654,-1.2577512091164305,17582.490164032126,7998.0,Discesa,133.3,14.576157815723931,Valvan-Valvan
1734867050.0,46.505472,12.943367,1470.870423,1.6,4.1,POINT (1440849.0235904611 5861724.796693504),5.0,18.97924674232927,-1.7723009999999704,19.061816748170074,-5.334866263242994,3.8123633496340146,-0.23656937695596625,-0.04731387539119325,-0.0931109814471568,-0.9120994624853261,17595.554030467567,8003.0,Discesa,133.38333333333333,13.724508058682453,Valvan-Valvan
1734867052.0,46.505558,12.943407,1469.373215,1.6,3.9,POINT (1440853.4763700927 5861738.705873077),2.0,14.604537748249747,-1.4972080000000005,14.681081521308837,-5.853321938064348,7.340540760654418,3.528177411020404,1.764088705510202,-0.10215973999843848,-1.0004447191905919,17605.594800207422,8005.0,Discesa,133.41666666666666,26.425946738355908,Valvan-Valvan
1734867054.0,46.505652,12.943455,1467.776246,1.4,3.9,POINT (1440858.8197056507 5861753.908954989),2.0,16.11474276924519,-1.596969000000172,16.193679152863986,-5.659525884478886,8.096839576431993,0.7562988157775745,0.37814940788878726,-0.0987773607860008,-0.9674309180833054,17616.67443471434,8007.0,Discesa,133.45,29.148622475155175,Valvan-Valvan
1734867058.0,46.505684,12.943604,1464.840572,1.4,3.9,POINT (1440875.406309779 5861759.084478235),4.0,17.375312295833623,-2.9356739999998354,17.621568012297377,-9.589933080288553,4.405392003074344,-3.6914475733576486,-0.9228618933394122,-0.16737590729695698,-1.6343018918577938,17628.651307604006,8011.0,Discesa,133.51666666666668,15.85941121106764,Valvan-Valvan
1734867061.0,46.505731,12.943742,1463.646981,1.5,3.8,POINT (1440890.7683995087 5861766.686033524),3.0,17.13993709642994,-1.1935909999999694,17.181446479992776,-3.983532685822712,5.7271488266642585,1.3217568235899142,0.44058560786330475,-0.06952576122841916,-0.6814983664870471,17640.461870688254,8014.0,Discesa,133.56666666666666,20.61773577599133,Valvan-Valvan
1734867063.0,46.505747,12.943893,1461.852847,1.5,3.8,POINT (1440907.577642618 5861769.273798526),2.0,17.007268493696706,-1.7941339999999855,17.101640226207678,-6.02198441406597,8.550820113103839,2.8236712864395805,1.4118356432197903,-0.1051034555292327,-1.0291676299579595,17652.187477973865,8016.0,Discesa,133.6,30.78295240717382,Valvan-Valvan
1734867065.0,46.505755,12.944044,1457.22335,1.8,3.8,POINT (1440924.386885728 5861770.567681314),2.0,16.858967542553234,-4.6294970000001285,17.48304976466845,-15.355019564816304,8.741524882334225,0.19070476923038626,0.09535238461519313,-0.26799564811419135,-2.5976798202440237,17663.811474673817,8018.0,Discesa,133.63333333333333,31.469489576403213,Valvan-Valvan
1734867067.0,46.505772,12.944196,1453.746914,1.9,3.8,POINT (1440941.3074483285 5861773.317182867),2.0,17.142496828167477,-3.4764359999999215,17.491449475838973,-11.463906769095866,8.745724737919486,0.0041998555852611474,0.0020999277926305737,-0.2000829182623882,-1.9497433421459458,17675.630212729197,8020.0,Discesa,133.66666666666666,31.484609056510152,Valvan-Valvan
1734867069.0,46.505811,12.944359,1449.838561,1.6,3.8,POINT (1440959.452525328 5861779.624866153),2.0,19.210171466058345,-3.9083530000000337,19.603721864175984,-11.4999984044715,9.801860932087992,1.0561361941685057,0.5280680970842528,-0.20071283613212226,-1.9557991689356153,17688.87102778536,8022.0,Discesa,133.7,35.286699355516774,Valvan-Valvan
1734867071.0,46.5059,12.944536,1447.658168,1.6,3.8,POINT (1440979.1560751982 5861794.019339826),2.0,24.40144974810333,-2.1803930000000946,24.498670646458788,-5.106107006420155,12.249335323229394,2.4474743911414016,1.2237371955707008,-0.08911837922118294,-0.8730945298492241,17705.677118065352,8024.0,Discesa,133.73333333333332,44.09760716362582,Valvan-Valvan
1734867073.0,46.505922,12.944759,1445.820091,1.6,3.8,POINT (1441003.980321645 5861797.577527963),2.0,25.077956744302593,-1.8380769999998847,25.145227012835665,-4.191971286892284,12.572613506417833,0.3232781831884388,0.1616390915942194,-0.07316370110533417,-0.7170957478647724,17722.967147172985,8026.0,Discesa,133.76666666666668,45.261408623104195,Valvan-Valvan
1734867075.0,46.505986,12.944961,1441.391289,1.6,3.8,POINT (1441026.4668587854 5861807.928628911),2.0,24.754588330495213,-4.4288020000001325,25.14764264434134,-10.143376954996212,12.57382132217067,0.0012078157528367939,0.0006039078764183969,-0.17703532513560058,-1.7276588598962592,17740.025822616964,8028.0,Discesa,133.8,45.26575675981441,Valvan-Valvan
1734867077.0,46.506042,12.94518,1439.087314,1.6,3.8,POINT (1441050.8458272691 5861816.985852238),2.0,26.00706440025768,-2.3039749999998094,26.10891992250492,-5.06263662279936,13.05445996125246,0.48063863908179094,0.24031931954089547,-0.08835967789989506,-0.8656809556689493,17757.950627557762,8030.0,Discesa,133.83333333333334,46.99605586050886,Valvan-Valvan
1734867079.0,46.506069,12.945382,1434.981619,1.6,3.8,POINT (1441073.3323644095 5861821.352731104),2.0,22.9066362348467,-4.105695000000196,23.27167194312902,-10.161570653682908,11.63583597156451,-1.4186239896879496,-0.7093119948439748,-0.1773528650807992,-1.730725151524564,17773.742781500318,8032.0,Discesa,133.86666666666667,41.88900949763224,Valvan-Valvan
1734867081.0,46.506179,12.945548,1431.418349,1.4,3.8,POINT (1441091.811399881 5861839.143741498),2.0,25.65140937239727,-3.563269999999875,25.897716036037032,-7.90842109557929,12.948858018018516,1.3130220464540052,0.6565110232270026,-0.1380279867520358,-1.3497591313209807,17791.402186650415,8034.0,Discesa,133.9,46.61588886486666,Valvan-Valvan
1734867083.0,46.506278,12.945705,1429.383535,1.3,3.8,POINT (1441109.2885599358 5861855.155681632),2.0,23.70302407827606,-2.0348140000000967,23.79020425448111,-4.906594067955913,11.895102127240555,-1.0537558907779605,-0.5268779453889803,-0.08563622154465309,-0.8390648994214082,17807.72150299953,8036.0,Discesa,133.93333333333334,42.822367658066,Valvan-Valvan
1734867085.0,46.506313,12.945837,1426.103886,1.5,3.8,POINT (1441123.9827327202 5861860.816475525),2.0,15.746850520287952,-3.2796489999998357,16.084756724038222,-11.764993981729752,8.042378362019111,-3.8527237652214446,-1.9263618826107223,-0.20533788145850176,-2.000238936900811,17818.574347892798,8038.0,Discesa,133.96666666666667,28.9525621032688,Valvan-Valvan
1734867090.0,46.506359,12.945952,1421.843377,1.5,3.8,POINT (1441136.7844741617 5861868.256381615),5.0,14.806646702407281,-4.260509000000184,15.407424298337181,-16.052802604536005,3.0814848596674365,-4.9608935023516745,-0.9921787004703349,-0.28017425962187453,-2.7126917829161434,17828.775189527965,8043.0,Discesa,134.05,11.093345494802772,Valvan-Valvan
1734867098.0,46.506411,12.946063,1420.058702,1.5,3.8,POINT (1441149.1409376396 5861876.666717816),8.0,14.947104893490803,-1.7846749999998792,15.053272386848025,-6.808846311730847,1.8816590483560032,-1.1998258113114333,-0.14997822641392916,-0.1188367864019755,-1.163046897716086,17839.070687001964,8051.0,Discesa,134.18333333333334,6.773972574081611,Valvan-Valvan
1734867108.0,46.506483,12.946178,1418.526676,1.4,3.8,POINT (1441161.9426790806 5861888.311811995),10.0,17.30586034704477,-1.5320260000000872,17.373540399587323,-5.059002525472561,1.7373540399587324,-0.14430500839727078,-0.014430500839727078,-0.0882962509362045,-0.8650611627989107,17850.985701096026,8061.0,Discesa,134.35,6.254474543851437,Valvan-Valvan
1734867112.0,46.506567,12.946254,1415.826519,1.5,3.8,POINT (1441170.402960381 5861901.897774695),4.0,16.004834962749644,-2.70015699999999,16.23100705469326,-9.576129415733572,4.057751763673315,2.320397723714583,0.5800994309286458,-0.1671349879016317,-1.6319714532032465,17861.995542059056,8065.0,Discesa,134.41666666666666,14.607906349223935,Valvan-Valvan
1734867115.0,46.506658,12.94629,1414.622902,1.6,3.8,POINT (1441174.4104620498 5861916.615924649),3.0,15.253983338114898,-1.2036169999998947,15.301395412254912,-4.5115813475121564,5.100465137418304,1.0427133737449887,0.3475711245816629,-0.07874194898564961,-0.7716605219248394,17872.481800205678,8068.0,Discesa,134.46666666666667,18.361674494705895,Valvan-Valvan
1734867118.0,46.506679,12.946435,1412.821818,1.7,3.8,POINT (1441190.5517882146 5861920.01242429),3.0,16.494805854336743,-1.8010840000001735,16.5928455590751,-6.231495156042638,5.530948519691701,0.43048338227339666,0.1434944607577989,-0.10876010779502185,-1.0648344780343129,17883.853202297734,8071.0,Discesa,134.51666666666668,19.911414670890125,Valvan-Valvan
1734867124.0,46.506757,12.946512,1409.005778,1.7,3.9,POINT (1441199.123389006 5861932.628005877),6.0,15.252056874486728,-3.81603999999993,15.722194509170064,-14.046940974115433,2.620365751528344,-2.9105827681633567,-0.4850971280272261,-0.24516536983161388,-2.3810513461186935,17894.34638427421,8077.0,Discesa,134.61666666666667,9.433316705502039,Valvan-Valvan
1734867193.0,46.506843,12.946558,1403.287466,1.7,7.4,POINT (1441204.2440855822 5861946.537514249),69.0,14.822144128625995,-5.718311999999969,15.886945858128481,-21.096374841565456,0.23024559214678958,-2.3901201593815546,-0.034639422599732676,-0.3682012012202143,-3.5309896075020686,17904.537381463826,8146.0,Discesa,135.76666666666668,0.8288841317284426,Valvan-Valvan
1734867224.0,46.506937,12.946513,1403.134415,1.8,4.5,POINT (1441199.2347084966 5861961.740955547),31.0,16.007450955874813,-0.15305100000000493,16.008182617440944,-0.5478017187866864,0.5163929876593853,0.28614739551259577,0.009230561145567605,-0.009560943640911755,-0.09379142816400893,17915.54256748931,8177.0,Discesa,136.28333333333333,1.8590147555737873,Valvan-Valvan
1734867228.0,46.507031,12.946556,1401.392901,2.1,3.9,POINT (1441204.0214466006 5861976.944423137),4.0,15.939206016299487,-1.741514000000052,16.034062474689122,-6.235390180387972,4.008515618672281,3.4921226310128954,0.8730306577532239,-0.10882808879429326,-1.0654974288000425,17926.500544868646,8181.0,Discesa,136.35,14.43065622722021,Valvan-Valvan
1734867230.0,46.507085,12.946663,1399.273844,1.7,3.8,POINT (1441215.9326321154 5861985.67834194),2.0,14.770161746711526,-2.1190569999998843,14.921396737345637,-8.16444242419174,7.460698368672818,3.4521827500005378,1.7260913750002689,-0.1424964018916534,-1.3931637591251949,17936.672968537918,8183.0,Discesa,136.38333333333333,26.858514127222147,Valvan-Valvan
1734867233.0,46.507217,12.946708,1394.146306,1.7,3.8,POINT (1441220.942009201 5862007.027957764),3.0,21.929431242866745,-5.127537999999959,22.520914736685622,-13.160459666525481,7.506971578895207,0.04627321022238906,0.01542440340746302,-0.2296933522567846,-2.2335304035435626,17951.747263368863,8186.0,Discesa,136.43333333333334,27.025097684022747,Valvan-Valvan
1734867235.0,46.507286,12.946831,1390.798977,1.7,3.8,POINT (1441234.634306569 5862018.18800485),2.0,17.664248021646348,-3.3473290000001725,17.978605886010158,-10.730170786977443,8.989302943005079,1.4823313641098714,0.7411656820549357,-0.18727680953406747,-1.8264651718937595,17963.91092543995,8188.0,Discesa,136.46666666666667,32.361490594818285,Valvan-Valvan
1734867237.0,46.507417,12.946866,1387.950053,1.6,3.8,POINT (1441238.5304887467 5862039.375959312),2.0,21.543204260572338,-2.848923999999897,21.730762015413024,-7.533217838077063,10.865381007706512,1.8760780647014332,0.9380390323507166,-0.13147945454441382,-1.286100525153066,17978.71875184904,8190.0,Discesa,136.5,39.11537162774344,Valvan-Valvan
1734867239.0,46.507529,12.946918,1385.115844,1.6,3.8,POINT (1441244.319102268 5862057.490892167),2.0,19.01732996140899,-2.834209000000101,19.22736538158012,-8.476569931204859,9.61368269079006,-1.2516983169164515,-0.6258491584582258,-0.147944054575074,-1.4460426448564254,17991.792882022743,8192.0,Discesa,136.53333333333333,34.60925768684422,Valvan-Valvan
1734867241.0,46.50763,12.946953,1383.602446,1.5,3.8,POINT (1441248.2152844458 5862073.826711837),2.0,16.794023932741776,-1.5133979999998246,16.86207618770319,-5.149315904780543,8.431038093851596,-1.1826445969384647,-0.5913222984692323,-0.08987251676373129,-0.8804630114780981,18003.33706741221,8194.0,Discesa,136.56666666666666,30.351737137865747,Valvan-Valvan
1734867243.0,46.507736,12.947037,1382.487343,1.5,3.8,POINT (1441257.5661216723 5862090.971268095),2.0,19.528798378695413,-1.11510300000009,19.560608907095553,-3.26806556219957,9.780304453547776,1.3492663596961805,0.6746331798480902,-0.05703850423142204,-0.5592443712747991,18016.768633414904,8196.0,Discesa,136.6,35.209096032771996,Valvan-Valvan
1734867245.0,46.507846,12.947128,1381.496381,1.6,3.8,POINT (1441267.6961953344 5862108.76282409),2.0,20.473345040029677,-0.9909620000000814,20.497313551135232,-2.771098834340352,10.248656775567616,0.46835232201983956,0.23417616100991978,-0.04836479855741605,-0.4742737235174113,18030.850513398665,8198.0,Discesa,136.63333333333333,36.89516439204342,Valvan-Valvan
1734867247.0,46.507946,12.947141,1380.487618,1.6,3.8,POINT (1441269.1433487148 5862124.936997145),2.0,16.238784650534146,-1.0087629999998171,16.2700869609413,-3.5546802686970564,8.13504348047065,-2.1136132950969664,-1.0568066475484832,-0.06204087454444036,-0.6082306169447591,18042.011326613003,8200.0,Discesa,136.66666666666666,29.28615652969434,Valvan-Valvan
1734867250.0,46.508041,12.947074,1379.69308,1.7,3.8,POINT (1441261.6849428318 5862140.302489111),3.0,17.079993023036018,-0.7945380000001023,17.098463448520842,-2.6634015058793206,5.699487816173614,-2.435555664297035,-0.8118518880990117,-0.046485125580169255,-0.45585486692813243,18053.75713319053,8203.0,Discesa,136.71666666666667,20.518156138225013,Valvan-Valvan
1734867254.0,46.508124,12.947017,1379.741527,2.2,3.8,POINT (1441255.3397318565 5862153.72709881),4.0,14.848631178456982,0.048446999999896434,14.848710212865418,0.18693970824151493,3.7121775532163546,-1.9873102629572599,-0.49682756573931497,0.0032627134115320146,0.032007161779425024,18063.96816590407,8207.0,Discesa,136.78333333333333,13.363839191578876,Valvan-Valvan
1734867260.0,46.508202,12.946936,1378.579083,1.8,3.8,POINT (1441246.322853102 5862166.343015762),6.0,15.506948862464379,-1.162443999999823,15.550457841369845,-4.287032717028944,2.5917429735616406,-1.120434579654714,-0.186739096609119,-0.07482283605287345,-0.7333273242708409,18074.63718637176,8213.0,Discesa,136.88333333333333,9.330274704821907,Valvan-Valvan
1734867267.0,46.508345,12.946747,1376.782347,1.5,3.8,POINT (1441225.2834693422 5862189.472243863),7.0,31.266865233852954,-1.7967360000000099,31.318446989044947,-3.2888586178434336,4.47406385557785,1.882320882016209,0.2689029831451727,-0.05740141151395785,-0.5627986651498266,18096.157099209246,8220.0,Discesa,137.0,16.10662988008026,Valvan-Valvan
1734867271.0,46.508531,12.946454,1373.11801,2.1,4.0,POINT (1441192.6668585397 5862219.556505727),4.0,44.372357522577715,-3.6643370000001596,44.52340370817385,-4.720860725911693,11.130850927043463,6.656787071465613,1.6641967678664034,-0.08239456319524863,-0.8073764127651858,18127.03255238221,8224.0,Discesa,137.06666666666666,40.07106333735647,Valvan-Valvan
1734867273.0,46.508602,12.946313,1371.641405,2.1,4.1,POINT (1441176.970810338 5862231.040310252),2.0,19.44848825844669,-1.4766049999998359,19.50446251156292,-4.341788933243875,9.75223125578146,-1.378619671262003,-0.6893098356310015,-0.0757785123117579,-0.7426759410268746,18140.426680155408,8226.0,Discesa,137.1,35.10803252081326,Valvan-Valvan
1734867275.0,46.508703,12.946197,1369.470929,2.1,4.3,POINT (1441164.057749406 5862247.376452396),2.0,20.823464715467892,-2.170476000000008,20.93627590625688,-5.950578762666672,10.46813795312844,0.7159066973469805,0.35795334867349027,-0.10385719180778366,-1.0170084524744336,18154.755540185233,8228.0,Discesa,137.13333333333333,37.68529663126239,Valvan-Valvan
1734867277.0,46.508843,12.94611,1367.890528,2.4,4.4,POINT (1441154.372953707 5862270.020660024),2.0,24.628345597157708,-1.5804010000001654,24.679000672106618,-3.6716361654190206,12.339500336053309,1.8713623829248682,0.9356811914624341,-0.06408214002186108,-0.6282156241247109,18171.69011180141,8230.0,Discesa,137.16666666666666,44.422201209791915,Valvan-Valvan
1734867279.0,46.508977,12.946038,1364.959617,2.6,4.4,POINT (1441146.3579503696 5862291.694456239),2.0,23.1083041539238,-2.9309109999999237,23.293431695655592,-7.22843805962273,11.646715847827796,-0.692784488225513,-0.3463922441127565,-0.12616004391688682,-1.234349549077467,18187.577712998154,8232.0,Discesa,137.2,41.92817705218007,Valvan-Valvan
1734867281.0,46.509118,12.946024,1363.931616,2.8,4.4,POINT (1441144.7994774985 5862314.50052338),2.0,22.859254933600557,-1.0280009999999038,22.88235831760665,-2.574907220776159,11.441179158803324,-0.20553668902447164,-0.10276834451223582,-0.04494060893592052,-0.4407189884024966,18203.288238133493,8234.0,Discesa,137.23333333333332,41.188244971691965,Valvan-Valvan
1734867283.0,46.509259,12.946078,1362.589172,2.3,4.3,POINT (1441150.8107300014 5862337.306649684),2.0,23.585049367054985,-1.342444000000114,23.623223944659987,-3.257719357049671,11.811611972329993,0.37043281352666924,0.18521640676333462,-0.056857928886469504,-0.5574757988516655,18219.50066530213,8236.0,Discesa,137.26666666666668,42.52180310038798,Valvan-Valvan
1734867285.0,46.509372,12.946134,1361.181274,2.4,4.2,POINT (1441157.044621486 5862355.583942546),2.0,19.311158364792274,-1.407897999999932,19.362412405702198,-4.169824730281481,9.681206202851099,-2.1304057694788945,-1.0652028847394472,-0.07277717077449634,-0.7133139760999967,18232.77684240359,8238.0,Discesa,137.3,34.85234233026396,Valvan-Valvan
1734867287.0,46.509472,12.94619,1360.843905,2.5,3.9,POINT (1441163.2785129703 5862371.758569692),2.0,17.33435797405279,-0.33736900000008063,17.33764067613493,-1.1149752298419529,8.668820338067466,-1.0123858647836332,-0.5061929323918166,-0.019459988838922613,-0.19089044189019352,18244.694927694694,8240.0,Discesa,137.33333333333334,31.207753217042878,Valvan-Valvan
1734867289.0,46.509558,12.946272,1360.894173,2.4,3.8,POINT (1441172.4067112154 5862385.668772838),2.0,16.637841048624008,0.05026799999996001,16.63791698594214,0.17310752474422797,8.31895849297107,-0.3498618450963953,-0.17493092254819764,0.003021296266764333,0.029638871285165493,18256.140381674355,8242.0,Discesa,137.36666666666667,29.948250574695855,Valvan-Valvan
1734867291.0,46.509638,12.946349,1360.57335,2.4,3.9,POINT (1441180.9783120065 5862398.608516455),2.0,15.521253331649167,-0.3208230000000185,15.524568669774995,-1.1841303212897059,7.7622843348874975,-0.556674158083573,-0.2783370790417865,-0.020666972879203674,-0.20272857152724985,18266.817835139645,8244.0,Discesa,137.4,27.944223605594992,Valvan-Valvan
1734867294.0,46.509729,12.946477,1359.713076,2.3,3.8,POINT (1441195.227206828 5862413.327497972),3.0,20.486078701143892,-0.8602739999998903,20.504133532157297,-2.4046147492583794,6.834711177385766,-0.9275731575017314,-0.30919105250057716,-0.041968444616576596,-0.41158959127745226,18280.9187311656,8247.0,Discesa,137.45,24.60496023858876,Valvan-Valvan
1734867296.0,46.509795,12.946564,1359.381801,2.5,3.8,POINT (1441204.9120025272 5862424.002818666),2.0,14.413803788641989,-0.3312750000000051,14.417610161989233,-1.3166072375303501,7.208805080994616,0.3740939036088502,0.1870469518044251,-0.022979131250491665,-0.2254054391460718,18290.83894702193,8249.0,Discesa,137.48333333333332,25.95169829158062,Valvan-Valvan
1734867299.0,46.509838,12.946702,1357.978974,2.7,3.8,POINT (1441220.2740922566 5862430.957958819),3.0,16.863207743526388,-1.4028269999998884,16.92145676333031,-4.755407375687532,5.6404855877767694,-1.5683194932178468,-0.5227731644059489,-0.08299751597937037,-0.8132711658621089,18302.45893301783,8252.0,Discesa,137.53333333333333,20.30574811599637,Valvan-Valvan
1734867302.0,46.509918,12.946762,1357.203882,2.4,3.8,POINT (1441226.953261704 5862443.897769096),3.0,14.561936495905865,-0.775092000000086,14.582549918284501,-3.046822243124984,4.860849972761501,-0.7796356150152688,-0.25987853833842295,-0.053177079865530136,-0.5214213263530074,18312.473373074085,8255.0,Discesa,137.58333333333334,17.499059901941404,Valvan-Valvan
1734867305.0,46.510016,12.946854,1356.492076,1.9,3.8,POINT (1441237.194654857 5862459.74906264),3.0,18.87192731847294,-0.7118060000000241,18.885346395958994,-2.160042032503446,6.295115465319665,1.434265492558164,0.478088497519388,-0.037699845448655504,-0.3697478835492469,18325.455316319632,8258.0,Discesa,137.63333333333333,22.662415675150793,Valvan-Valvan
1734867307.0,46.510085,12.946948,1356.048003,2.0,3.8,POINT (1441247.6586869918 5862470.9096844215),2.0,15.29887077774044,-0.44407299999988936,15.305314368000719,-1.662630331332447,7.652657184000359,1.3575417186806948,0.6787708593403474,-0.02901837352527544,-0.28463029410927226,18335.985167852963,8260.0,Discesa,137.66666666666666,27.549565862401295,Valvan-Valvan
1734867309.0,46.510156,12.94706,1355.347555,1.7,3.8,POINT (1441260.1264699607 5862482.39381728),2.0,16.950838317933602,-0.7004480000000513,16.965304214231768,-2.3662484490944107,8.482652107115884,0.8299949231155246,0.4149974615577623,-0.041298826356906904,-0.4050263286311284,18347.654735961976,8262.0,Discesa,137.7,30.537547585617183,Valvan-Valvan
1734867311.0,46.510226,12.947204,1354.264322,1.8,3.8,POINT (1441276.1564766346 5862493.716216473),2.0,19.62543852857574,-1.0832330000000638,19.655310508134797,-3.1592551044495982,9.827655254067398,1.3450031469515142,0.6725015734757571,-0.05513940348308285,-0.5406434930449255,18361.171007805886,8264.0,Discesa,137.73333333333332,35.37955891464264,Valvan-Valvan
1734867313.0,46.510288,12.947371,1353.283339,2.0,3.8,POINT (1441294.7468315973 5862503.744639364),2.0,21.122749899685505,-0.9809829999999238,21.145517041939478,-2.65902065412851,10.572758520969739,0.7451032669023405,0.37255163345117026,-0.04640866529307585,-0.4551056004406212,18375.723453194274,8266.0,Discesa,137.76666666666668,38.06193067549106,Valvan-Valvan
1734867315.0,46.510351,12.947536,1351.816906,1.8,3.8,POINT (1441313.1145475782 5862513.93482273),2.0,21.005066707354164,-1.4664330000000518,21.05619274996996,-3.99352777671228,10.52809637498498,-0.04466214598475915,-0.022331072992379575,-0.06970020847347821,-0.6832055491143353,18390.194346683882,8268.0,Discesa,137.8,37.901146949945925,Valvan-Valvan
1734867317.0,46.510412,12.947673,1350.7027,1.9,3.8,POINT (1441328.3653178166 5862523.801519467),2.0,18.164187219961704,-1.1142059999999674,18.198328285099596,-3.5101715005779237,9.099164142549798,-1.4289322324351819,-0.7144661162175909,-0.06126404999475481,-0.6006244468591782,18402.70569847361,8270.0,Discesa,137.83333333333334,32.75699091317927,Valvan-Valvan
1734867319.0,46.510453,12.947828,1349.60195,1.7,3.8,POINT (1441345.6198388897 5862530.433239888),2.0,18.485080827915883,-1.1007500000000618,18.517825568275654,-3.407826128415729,9.258912784137827,0.15974864158802937,0.07987432079401469,-0.05947778627634557,-0.5831331254410412,18415.444807197022,8272.0,Discesa,137.86666666666667,33.33208602289618,Valvan-Valvan
1734867321.0,46.510495,12.947977,1348.443536,1.8,3.8,POINT (1441362.2064430178 5862537.226714776),2.0,17.923915240544698,-1.1584139999999934,17.961310101037355,-3.6978557107240615,8.980655050518678,-0.2782577336191494,-0.1391288668095747,-0.06453975741580986,-0.6326955704274381,18427.796588789257,8274.0,Discesa,137.9,32.33035818186724,Valvan-Valvan
1734867323.0,46.510544,12.948091,1348.055045,1.7,3.8,POINT (1441374.8968649684 5862545.152442115),2.0,14.962084184436872,-0.38849099999993086,14.967126925340645,-1.4873525799072338,7.483563462670323,-1.497091587848355,-0.7485457939241775,-0.025959199657413286,-0.2546311479156901,18438.10280491947,8276.0,Discesa,137.93333333333334,26.940828465613162,Valvan-Valvan
1734867325.0,46.510586,12.948218,1347.498201,2.0,3.8,POINT (1441389.0344402993 5862551.945928377),2.0,15.685104138182941,-0.5568439999999555,15.69498541146119,-2.033229560739016,7.847492705730595,0.3639292430602721,0.18196462153013604,-0.035486550283773864,-0.34804999793185515,18448.910242123926,8278.0,Discesa,137.96666666666667,28.25097374063014,Valvan-Valvan
1734867328.0,46.510654,12.948369,1346.690401,2.0,3.8,POINT (1441405.843683409 5862562.944917265),3.0,20.088016589172536,-0.8078000000000429,20.104252070815047,-2.3027961216059687,6.701417356938349,-1.1460753487922455,-0.3820251162640818,-0.040191374324179886,-0.394171241590444,18462.7464436033,8281.0,Discesa,138.01666666666668,24.125102484978058,Valvan-Valvan
1734867331.0,46.510704,12.948508,1345.953361,2.1,3.8,POINT (1441421.3170926294 5862571.032417873),3.0,17.459497672557962,-0.737039999999979,17.475047551856814,-2.4172644646956143,5.8250158506189385,-0.8764015063194108,-0.2921338354398036,-0.0421892238003967,-0.4137535178970962,18474.77542581592,8284.0,Discesa,138.06666666666666,20.97005706222818,Valvan-Valvan
1734867334.0,46.510744,12.948646,1345.524534,2.1,3.8,POINT (1441436.6791823586 5862577.502423719),3.0,16.668976467972172,-0.42882700000018303,16.674491569032597,-1.4736693076566147,5.558163856344199,-0.2668519942747398,-0.0889506647582466,-0.02572038150419321,-0.25228912393434144,18486.262091842815,8287.0,Discesa,138.11666666666667,20.009389882839116,Valvan-Valvan
1734867337.0,46.510781,12.948788,1345.322663,2.1,3.8,POINT (1441452.4865500513 5862583.487183363),3.0,16.902373246853795,-0.20187099999998281,16.903578712113003,-0.684271151063213,5.634526237371001,0.0763623810268026,0.025454127008934197,-0.011942784562464564,-0.1171559315176686,18497.910520948553,8290.0,Discesa,138.16666666666666,20.284294454535605,Valvan-Valvan
1734867340.0,46.510845,12.948884,1344.520867,2.1,3.8,POINT (1441463.1732211674 5862593.839209665),3.0,14.878487426163959,-0.8017959999999675,14.900076003703303,-3.0846639171048893,4.966692001234434,-0.6678342361365672,-0.2226114120455224,-0.05383754167094575,-0.527891183779515,18508.152459230543,8293.0,Discesa,138.21666666666667,17.880091204443964,Valvan-Valvan
1734867344.0,46.51091,12.94903,1343.840634,2.1,3.8,POINT (1441479.4258668234 5862604.352998855),4.0,19.356865809083114,-0.6802330000000438,19.368814390280576,-2.0126423643348574,4.842203597570144,-0.12448840366428993,-0.03112210091607248,-0.03512723592276656,-0.34452732085393095,18521.485199578885,8297.0,Discesa,138.28333333333333,17.43193295125252,Valvan-Valvan
1734867347.0,46.510903,12.949224,1342.766202,2.2,3.8,POINT (1441501.0218480371 5862603.220744029),3.0,21.625642315884097,-1.074431999999888,21.65231649725222,-2.844301248861708,7.217438832417407,2.3752352348472625,0.7917450782824208,-0.04964242171122342,-0.48679216015230975,18536.39448417088,8300.0,Discesa,138.33333333333334,25.982779796702665,Valvan-Valvan
1734867349.0,46.51093,12.949367,1341.414192,2.2,3.8,POINT (1441516.9405352208 5862607.588013441),2.0,16.50689685474013,-1.3520100000000639,16.562173009998713,-4.682402550331142,8.281086504999356,1.0636476725819497,0.5318238362909748,-0.08172334140705793,-0.8008138842646747,18547.772337485072,8302.0,Discesa,138.36666666666667,29.811911417997685,Valvan-Valvan
1734867351.0,46.511011,12.94949,1340.4448,2.2,3.8,POINT (1441530.6328325882 5862620.689834697),2.0,18.95090307656886,-0.9693919999999707,18.975680442797593,-2.9282880081870664,9.487840221398796,1.2067537163994402,0.6033768581997201,-0.05110826718953098,-0.5011538610521463,18560.817830845095,8304.0,Discesa,138.4,34.15622479703567,Valvan-Valvan
1734867353.0,46.511097,12.949626,1339.289634,2.3,3.8,POINT (1441545.7722833361 5862634.600431721),2.0,20.55985599420358,-1.1551660000000084,20.592282219072874,-3.2158115481786482,10.296141109536437,0.8083008881376408,0.4041504440688204,-0.05612649963937367,-0.5503119246056201,18574.97179053589,8306.0,Discesa,138.43333333333334,37.066107994331176,Valvan-Valvan
1734867355.0,46.511088,12.949792,1337.868387,2.4,3.8,POINT (1441564.2513188077 5862633.144670536),2.0,18.536288533223228,-1.421246999999994,18.590694866569994,-4.3845044950031395,9.295347433284997,-1.0007936762514404,-0.5003968381257202,-0.07652403950629605,-0.7499683669743507,18587.751010950902,8308.0,Discesa,138.46666666666667,33.46325075982599,Valvan-Valvan
1734867357.0,46.51115,12.949926,1336.27993,2.4,3.8,POINT (1441579.1681305738 5862643.173252477),2.0,17.97453000839611,-1.5884570000000622,18.044581587379117,-5.050260566458571,9.022290793689558,-0.27305663959543836,-0.13652831979771918,-0.08814367496833597,-0.8635702132821761,18600.130921677704,8310.0,Discesa,138.5,32.48024685728241,Valvan-Valvan
1734867359.0,46.511168,12.950082,1334.669463,2.4,3.8,POINT (1441596.5339711378 5862646.084778409),2.0,17.60821972115182,-1.6104669999999714,17.68171387921569,-5.225795423337157,8.840856939607844,-0.18143385408171397,-0.09071692704085699,-0.0912073361728843,-0.8935039543067474,18612.26948487885,8312.0,Discesa,138.53333333333333,31.82708498258824,Valvan-Valvan
1734867361.0,46.511208,12.950236,1333.713911,2.2,3.8,POINT (1441613.67717272 5862652.554839489),2.0,18.323510876996664,-0.9555519999998978,18.348409481045458,-2.9852110542137122,9.174204740522729,0.3333478009148845,0.16667390045744224,-0.052101761762960226,-0.5108870678781519,18624.897233573127,8314.0,Discesa,138.56666666666666,33.027137065881824,Valvan-Valvan
1734867363.0,46.511277,12.95037,1331.943857,2.3,3.8,POINT (1441628.593984486 5862663.715706042),2.0,18.629981628504453,-1.7700540000000728,18.713880053087056,-5.4274395999204605,9.356940026543528,0.18273528602079914,0.09136764301039957,-0.0947266909717358,-0.9278797176610253,18637.726611211103,8316.0,Discesa,138.6,33.6849840955567,Valvan-Valvan
1734867365.0,46.511296,12.950533,1331.039344,2.2,3.8,POINT (1441646.7390614855 5862666.788990625),2.0,18.403502314634636,-0.9045129999999517,18.42571684390953,-2.8137637742018313,9.212858421954765,-0.14408160458876296,-0.07204080229438148,-0.04910944223316424,-0.4815700037707091,18650.41336599682,8318.0,Discesa,138.63333333333333,33.16629031903715,Valvan-Valvan
1734867367.0,46.511307,12.950692,1330.402567,2.1,3.8,POINT (1441664.4388605217 5862668.568261137),2.0,17.789004735365396,-0.6367769999999382,17.800398153484696,-2.0500901414307036,8.900199076742348,-0.3126593452124169,-0.15632967260620845,-0.03578082293064199,-0.35093498000079804,18662.67720026204,8320.0,Discesa,138.66666666666666,32.04071667627245,Valvan-Valvan
1734867370.0,46.511306,12.950883,1328.288927,2.1,3.8,POINT (1441685.7008832633 5862668.406509257),3.0,21.26263800038215,-2.113640000000032,21.367434305149864,-5.676910995704517,7.122478101716621,-1.7777209750257272,-0.5925736583419091,-0.0990807882177135,-0.9703929870046646,18677.336237589952,8323.0,Discesa,138.71666666666667,25.640921166179837,Valvan-Valvan
1734867373.0,46.511338,12.95106,1326.913591,2.8,3.9,POINT (1441705.4044331335 5862673.582570883),3.0,20.372076267591655,-1.3753360000000612,20.418448534731215,-3.8622257306463177,6.806149511577072,-0.31632859013954917,-0.10544286337984972,-0.0674085554550219,-0.6607772445125303,18691.37841552013,8326.0,Discesa,138.76666666666668,24.50213824167746,Valvan-Valvan
1734868080.0,46.506106,12.93206,1755.375977,3.2,3.8,POINT (1439590.3341080614 5861827.336976037),13.0,15.209754507545469,0.1483699999998862,15.210478159370917,0.5588982498523647,1.1700367814900705,-0.8048899271551389,-0.061914609781164524,0.009754614643557676,0.0956912520927009,20368.36223934636,9033.0,Discesa,150.55,4.212132413364254,Valvan-Giro d'Italia
1734868151.0,46.506038,12.932204,1755.29052,2.5,3.8,POINT (1439606.3641147357 5861816.338907404),71.0,19.440129311470244,-0.08545699999990575,19.440317141073947,-0.2518652943558179,0.27380728367709783,-0.8962294978129727,-0.01262295067342215,-0.004395878658013713,-0.043123430750408184,20381.752440625267,9104.0,Discesa,151.73333333333332,0.9857062212375522,Valvan-Giro d'Italia
1734868154.0,46.505986,12.932367,1754.240415,1.9,3.8,POINT (1439624.5091917347 5861807.928628911),3.0,19.99941508199545,-1.0501050000000305,20.02696492564393,-3.005657077616402,6.675654975214644,6.401847691537546,2.1339492305125156,-0.052458612190276976,-0.5143829875494264,20395.534168688035,9107.0,Discesa,151.78333333333333,24.032357910772717,Valvan-Giro d'Italia
1734868157.0,46.5059,12.932493,1753.13438,1.9,3.8,POINT (1439638.535447575 5861794.019339826),3.0,19.753586402307857,-1.1060350000000199,19.78452650873068,-3.2047364156783984,6.594842169576893,-0.08081280563775106,-0.026937601879250355,-0.05593320211214968,-0.5484186515766313,20409.132692897663,9110.0,Discesa,151.83333333333334,23.741431810476815,Valvan-Giro d'Italia
1734868160.0,46.505839,12.932674,1751.61218,2.6,3.8,POINT (1439658.6842754085 5861784.153462072),3.0,22.43458951988144,-1.5221999999998843,22.48617130072556,-3.8816028133369738,7.495390433575186,0.9005482639982931,0.30018275466609773,-0.06774674934740506,-0.664087353969283,20424.591742144723,9113.0,Discesa,151.88333333333333,26.98340556087067,Valvan-Giro d'Italia
1734868162.0,46.505792,12.932788,1750.692257,2.6,3.8,POINT (1439671.374697359 5861776.551891679),2.0,14.792926746313505,-0.9199230000001535,14.821502624488744,-3.5584519578403837,7.410751312244372,-0.08463912133081397,-0.042319560665406986,-0.062106702938353145,-0.6088751497497236,20434.782853086672,9115.0,Discesa,151.91666666666666,26.67870472407974,Valvan-Giro d'Italia
1734868165.0,46.505727,12.932929,1748.610551,2.7,3.8,POINT (1439687.0707455608 5861766.039092394),3.0,18.891396929980704,-2.08170599999994,19.005745916341198,-6.288243014910563,6.335248638780399,-1.0755026734639728,-0.3585008911546576,-0.10975054477572421,-1.0744927323500055,20447.795596701326,9118.0,Discesa,151.96666666666667,22.806895099609438,Valvan-Giro d'Italia
1734868172.0,46.505643,12.932981,1744.189935,3.1,3.8,POINT (1439692.859359082 5861752.453339626),7.0,14.767556492475398,-4.420615999999882,15.41501120913985,-16.664885628519052,2.20214445844855,-4.133104180331849,-0.5904434543331213,-0.2908571236859421,-2.813247578716399,20457.950381143262,9125.0,Discesa,152.08333333333334,7.92772005041478,Valvan-Giro d'Italia
1734868178.0,46.505557,12.93291,1742.639051,2.9,3.8,POINT (1439684.9556752355 5861738.544138305),6.0,15.997940484331039,-1.5508839999999964,16.07293815460179,-5.537106740187192,2.678823025766965,0.47667856731841507,0.07944642788640251,-0.09664074365063673,-0.9465706825757957,20468.954423341325,9131.0,Discesa,152.18333333333334,9.643762892761075,Valvan-Giro d'Italia
1734868181.0,46.505469,12.932828,1741.641914,3.0,3.8,POINT (1439675.8274769906 5861724.311489962),3.0,16.908349477352935,-0.9971370000000661,16.937726064766498,-3.3749981516616177,5.645908688255499,2.9670856624885342,0.9890285541628447,-0.05890482999521816,-0.5775222679004581,20480.586459806458,9134.0,Discesa,152.23333333333332,20.325271277719796,Valvan-Giro d'Italia
1734868184.0,46.505389,12.932904,1739.030765,2.5,3.8,POINT (1439684.287758291 5861711.372738737),3.0,15.459225173110823,-2.6111490000000686,15.678193201167815,-9.587088541122235,5.226064400389272,-0.4198442878662272,-0.13994809595540905,-0.16732626072280277,-1.6338216630786686,20491.221865994332,9137.0,Discesa,152.28333333333333,18.81383184140138,Valvan-Giro d'Italia
1734868187.0,46.505423,12.933098,1737.387569,1.9,3.8,POINT (1439705.8837395047 5861716.871705681),3.0,22.28508564128527,-1.643195999999989,22.34558424239194,-4.217086143476982,7.448528080797313,2.2224636804080413,0.7408212268026805,-0.07360203804390333,-0.721384260314797,20506.5844986388,9140.0,Discesa,152.33333333333334,26.81470109087033,Valvan-Giro d'Italia
1734868189.0,46.505474,12.933239,1734.669934,2.8,3.8,POINT (1439721.5797877067 5861725.120162547),2.0,17.731411952298526,-2.717634999999973,17.938464533380216,-8.713726829397094,8.969232266690108,1.5207041858927948,0.7603520929463974,-0.15208322329234553,-1.4861918254146185,20518.80191926695,9142.0,Discesa,152.36666666666667,32.28923616008439,Valvan-Giro d'Italia
1734868191.0,46.505514,12.933424,1731.692612,3.1,3.8,POINT (1439742.1738935036 5861731.589545895),2.0,21.58634092397348,-2.9773219999999583,21.79069895110517,-7.853041541475804,10.895349475552585,1.9261172088624772,0.9630586044312386,-0.13706143119464362,-1.3403667723342239,20533.68146685801,9144.0,Discesa,152.4,39.22325811198931,Valvan-Giro d'Italia
1734868193.0,46.505576,12.933603,1729.629102,3.3,3.8,POINT (1439762.1000823553 5861741.617099493),2.0,22.307057925775784,-2.063509999999951,22.402296909558537,-5.285093952101144,11.201148454779268,0.3057989792266831,0.15289948961334154,-0.09224229074140446,-0.9036141776766778,20549.052304460605,9146.0,Discesa,152.43333333333334,40.324134437205366,Valvan-Giro d'Italia
1734868195.0,46.505678,12.933771,1725.981486,3.3,3.8,POINT (1439780.8017568088 5861758.114067395),2.0,24.937974603720665,-3.6476160000001983,25.203326760951107,-8.32150314664767,12.601663380475554,1.4005149256962852,0.7002574628481426,-0.1452376286240704,-1.419777369051243,20566.223086234775,9148.0,Discesa,152.46666666666667,45.365988169712,Valvan-Giro d'Italia
1734868197.0,46.505819,12.933851,1723.348304,2.2,3.8,POINT (1439789.7073160722 5861780.918750462),2.0,24.481882190230735,-2.633181999999806,24.623082727827963,-6.1389253094075835,12.311541363913982,-0.2901220165615719,-0.14506100828078594,-0.10714445918317396,-1.0490772299117694,20583.0566774436,9150.0,Discesa,152.5,44.321548910090335,Valvan-Giro d'Italia
1734868199.0,46.505966,12.933851,1717.906523,2.2,3.8,POINT (1439789.7073160722 5861804.693908555),2.0,23.775158093310893,-5.441780999999992,24.389979967476137,-12.892083693734461,12.194989983738068,-0.11655138017591327,-0.05827569008795663,-0.22500930789833862,-2.188762421338063,20599.397373666576,9152.0,Discesa,152.53333333333333,43.90196394145705,Valvan-Giro d'Italia
1734868201.0,46.506048,12.93403,1715.098974,3.4,3.8,POINT (1439809.6335049241 5861817.956269576),2.0,23.936232410483747,-2.807549000000108,24.10032268240602,-6.68981856981024,12.05016134120301,-0.14482864253505845,-0.07241432126752922,-0.11675936040424681,-1.1428085861318202,20615.885159400394,9154.0,Discesa,152.56666666666666,43.380580828330835,Valvan-Giro d'Italia
1734868203.0,46.505998,12.934271,1710.814277,3.1,3.8,POINT (1439836.4615022053 5861809.869461696),2.0,28.020312271955024,-4.284697000000051,28.346014326527154,-8.693979304243353,14.173007163263577,2.122845822060567,1.0614229110302835,-0.15173856395929233,-1.4828496551864336,20635.199881593173,9156.0,Discesa,152.6,51.02282578774888,Valvan-Giro d'Italia
1734868204.0,46.505939,12.934371,1707.62524,3.0,3.8,POINT (1439847.5934512846 5861800.327037964),1.0,14.66213289316126,-3.189036999999871,15.00493578673663,-12.270806533248386,15.00493578673663,0.8319286234730523,0.8319286234730523,-0.2141659758804154,-2.0849441420237285,20645.295728552333,9157.0,Discesa,152.61666666666667,54.01776883225187,Valvan-Giro d'Italia
1734868206.0,46.505789,12.934453,1702.847418,3.0,3.8,POINT (1439856.7216495296 5861776.066685281),2.0,25.920816258698963,-4.777822000000015,26.357471399603504,-10.443749434284872,13.178735699801752,-1.8262000869348771,-0.9131000434674386,-0.18227781388156616,-1.778259875896336,20663.118211318637,9159.0,Discesa,152.65,47.44344851928631,Valvan-Giro d'Italia
1734868208.0,46.505671,12.934536,1697.605226,3.3,3.8,POINT (1439865.9611672654 5861756.98192155),2.0,21.20370002271336,-5.242192000000159,21.842103186691528,-13.886776085918084,10.921051593345764,-2.2576841064559883,-1.1288420532279941,-0.24236996518648155,-2.354439180167208,20677.70043050568,9161.0,Discesa,152.68333333333334,39.31578573604475,Valvan-Giro d'Italia
1734868210.0,46.505524,12.934543,1694.765215,2.5,3.8,POINT (1439866.740403701 5861733.206892476),2.0,23.78779554450072,-2.840011000000004,23.956729312389232,-6.808283613334797,11.978364656194616,1.057313062848852,0.528656531424426,-0.11882696546226872,-1.1629512337308905,20694.04995644374,9163.0,Discesa,152.71666666666667,43.12211276230062,Valvan-Giro d'Italia
1734868212.0,46.505394,12.934461,1691.185688,3.4,3.8,POINT (1439857.6122054562 5861712.18141013),2.0,22.921494521340954,-3.579526999999871,23.199308710295472,-8.875885024442765,11.599654355147736,-0.37871030104687975,-0.18935515052343987,-0.15491341770498362,-1.513629578730301,20709.812040808007,9165.0,Discesa,152.75,41.75875567853185,Valvan-Giro d'Italia
1734868214.0,46.505292,12.934398,1687.329872,2.8,3.8,POINT (1439850.599077536 5861695.684528414),2.0,17.92570973700887,-3.8558160000000044,18.335713419481408,-12.139343765948627,9.167856709740704,-2.4317976454070322,-1.2158988227035161,-0.21187151774725146,-2.0629442713590294,20722.138556217804,9167.0,Discesa,152.78333333333333,33.004284155066536,Valvan-Giro d'Italia
1734868216.0,46.505233,12.934274,1684.303369,1.9,3.8,POINT (1439836.7954606777 5861686.142228612),2.0,16.7808022421598,-3.026503000000048,17.051540818925567,-10.223678837228904,8.525770409462783,-0.6420863002779207,-0.32104315013896034,-0.17843685737610981,-1.7411912943988879,20733.697084883857,9169.0,Discesa,152.81666666666666,30.69277347406602,Valvan-Giro d'Italia
1734868218.0,46.50514,12.934249,1681.802504,2.0,3.8,POINT (1439834.012473408 5861671.100997407),2.0,15.296524255490676,-2.500864999999976,15.499612254732034,-9.285273329440145,7.749806127366017,-0.7759642820967665,-0.38798214104838324,-0.16205859154634666,-1.5828451219810158,20744.211653394053,9171.0,Discesa,152.85,27.899302058517662,Valvan-Giro d'Italia
1734868224.0,46.505048,12.934227,1678.286069,2.6,3.8,POINT (1439831.5634446105 5861656.22152519),6.0,15.079669608285144,-3.5164350000000013,15.48424200935466,-13.126258360472768,2.58070700155911,-5.169099125806907,-0.8615165209678178,-0.2290964268576825,-2.2278279640139593,20754.576954337106,9177.0,Discesa,152.95,9.290545205612796,Valvan-Giro d'Italia
1734868228.0,46.50492,12.934138,1677.237287,2.2,3.8,POINT (1439821.65600993 5861635.519692691),4.0,22.950449467923523,-1.0487820000000738,22.97440041575047,-2.6164631728341727,5.743600103937617,3.1628931023785074,0.7907232755946269,-0.04566589712313377,-0.4478267651741302,20770.360486073445,9181.0,Discesa,153.01666666666668,20.676960374175422,Valvan-Giro d'Italia
1734868232.0,46.504693,12.933877,1672.935944,3.4,3.8,POINT (1439792.601622833 5861598.806406494),4.0,46.819043058911824,-4.301342999999861,47.01621363482907,-5.249122982775316,11.754053408707268,6.0104533047696505,1.5026133261924126,-0.09161447889153486,-0.8974813488328247,20802.593091279392,9185.0,Discesa,153.08333333333334,42.314592271346164,Valvan-Giro d'Italia
1734868234.0,46.504554,12.933806,1669.558919,3.1,3.8,POINT (1439784.6979389866 5861576.325659343),2.0,23.82964982576828,-3.3770250000000033,24.06774830908291,-8.065975513393354,12.033874154541454,0.27982074583418637,0.13991037291709318,-0.140777830093954,-1.376473396038368,20818.977379354095,9187.0,Discesa,153.11666666666667,43.32194695634924,Valvan-Giro d'Italia
1734868236.0,46.504413,12.933864,1668.051149,3.0,3.8,POINT (1439791.1544694523 5861553.521506934),2.0,23.700551738945155,-1.5077700000001641,23.748463594584738,-3.6401091695866885,11.874231797292369,-0.15964235724908526,-0.07982117862454263,-0.06353189014132435,-0.6228286575715318,20835.27108234089,9189.0,Discesa,153.15,42.74723447025253,Valvan-Giro d'Italia
1734868238.0,46.504308,12.933982,1665.832635,2.2,3.8,POINT (1439804.290169366 5861536.539729731),2.0,21.469219110199095,-2.2185139999999137,21.583539412476668,-5.899699048545094,10.791769706238334,-1.082462091054035,-0.5412310455270175,-0.10296917327388867,-1.0083435308769786,20850.04497053816,9191.0,Discesa,153.18333333333334,38.85037094245801,Valvan-Giro d'Italia
1734868240.0,46.504222,12.934079,1664.560364,2.5,3.8,POINT (1439815.088159973 5861522.63086998),2.0,17.608321348986344,-1.2722710000000461,17.654224826556657,-4.132665407459084,8.827112413278329,-1.9646572929600055,-0.9823286464800027,-0.07212861824343404,-0.7069683677770854,20862.16209693215,9193.0,Discesa,153.21666666666667,31.777604687801983,Valvan-Giro d'Italia
1734868245.0,46.50412,12.934047,1662.936081,2.0,3.9,POINT (1439811.5259362676 5861506.134343916),5.0,16.87675353613905,-1.6242829999998776,16.954736954127906,-5.497431637560971,3.3909473908255814,-5.436165022452747,-1.0872330044905494,-0.09594828247874251,-0.9398091089888218,20873.76352737466,9198.0,Discesa,153.3,12.207410606972093,Valvan-Giro d'Italia
1734868249.0,46.504018,12.934121,1660.131756,1.9,3.8,POINT (1439819.7635785863 5861489.637848804),4.0,18.438901863888823,-2.8043250000000626,18.65093404234083,-8.647698166714804,4.662733510585207,1.2717861197596259,0.31794652993990646,-0.15093080572785084,-1.4750161138068048,20886.44511573282,9202.0,Discesa,153.36666666666667,16.785840638106748,Valvan-Giro d'Italia
1734868252.0,46.503904,12.934174,1658.222802,2.6,3.8,POINT (1439825.6635115985 5861471.200626187),3.0,19.35821240114808,-1.9089539999999943,19.452107668375664,-5.63184895581137,6.484035889458554,1.8213023788733471,0.6071007929577824,-0.09829430725391304,-0.9627151493945909,20899.7544597378,9205.0,Discesa,153.41666666666666,23.342529202050795,Valvan-Giro d'Italia
1734868255.0,46.503783,12.934241,1655.91849,2.8,3.8,POINT (1439833.1219174815 5861451.631335705),3.0,20.942419829198776,-2.3043119999999817,21.068811122029693,-6.279044237647502,7.022937040676564,0.5389011512180097,0.17963371707266992,-0.1095899958253262,-1.0729272092796716,20914.154586177465,9208.0,Discesa,153.46666666666667,25.28257334643563,Valvan-Giro d'Italia
1734868257.0,46.5037,12.934307,1654.019435,2.6,3.8,POINT (1439840.4690038739 5861438.2077979995),2.0,15.302648234100609,-1.8990550000000894,15.420034139704354,-7.074224418455956,7.710017069852177,0.687080029175613,0.3435400145878065,-0.12346850812703755,-1.2081509924826965,20924.68027876094,9210.0,Discesa,153.5,27.756061451467836,Valvan-Giro d'Italia
1734868259.0,46.503621,12.934404,1651.941913,2.2,3.8,POINT (1439851.2669944807 5861425.43119681),2.0,16.728363312284884,-2.077521999999817,16.85687505940179,-7.0794058036826755,8.428437529700895,0.7184204598487183,0.35921022992435914,-0.123558940359058,-1.2090313743312198,20936.1934822557,9212.0,Discesa,153.53333333333333,30.342375106923225,Valvan-Giro d'Italia
1734868261.0,46.503506,12.934447,1648.779488,2.8,3.8,POINT (1439856.053732585 5861406.832380161),2.0,19.204917141797672,-3.162425000000212,19.46354988957411,-9.350836158721188,9.731774944787055,1.30333741508616,0.65166870754308,-0.16320287878422382,-1.593922456387061,20949.39622846841,9214.0,Discesa,153.56666666666666,35.0343898012334,Valvan-Giro d'Italia
1734868263.0,46.503417,12.934515,1646.991346,3.2,3.8,POINT (1439863.623457959 5861392.438540368),2.0,16.262944573645402,-1.7881419999998798,16.360954068073966,-6.274576695735642,8.180477034036983,-1.5512979107500726,-0.7756489553750363,-0.1095120225094934,-1.0721668765166243,20960.58200815399,9216.0,Discesa,153.6,29.44971732253314,Valvan-Giro d'Italia
1734868265.0,46.503325,12.934564,1645.409111,3.1,3.8,POINT (1439869.0781130078 5861377.559539734),2.0,15.847331686052298,-1.5822350000000824,15.926122854071622,-5.701650335156276,7.963061427035811,-0.2174156070011719,-0.10870780350058595,-0.09951257114591522,-0.974607912561253,20971.478525881834,9218.0,Discesa,153.63333333333333,28.66702113732892,Valvan-Giro d'Italia
1734868268.0,46.503217,12.934574,1642.06523,2.4,3.8,POINT (1439870.1913079156 5861360.092918945),3.0,17.50205829949188,-3.3438810000000103,17.818630274546177,-10.816376476821432,5.9395434248487256,-2.0235180021870853,-0.6745060007290284,-0.1887813826557981,-1.8409648836397767,20983.508442868097,9221.0,Discesa,153.68333333333334,21.382356329455412,Valvan-Giro d'Italia
1734868270.0,46.503126,12.934578,1641.110952,2.4,3.8,POINT (1439870.636585879 5861345.375700584),2.0,14.723952891324442,-0.9542779999999311,14.754844467063192,-3.708225569369861,7.377422233531596,1.4378788086828704,0.7189394043414352,-0.06472074559214547,-0.6344673575446121,20993.628765605572,9223.0,Discesa,153.71666666666667,26.558720040713744,Valvan-Giro d'Italia
1734868272.0,46.503038,12.934637,1639.071102,2.5,3.8,POINT (1439877.2044358358 5861331.143688677),2.0,15.674400019521224,-2.0398499999998876,15.806574707838081,-7.414741071135263,7.9032873539190405,0.5258651203874445,0.26293256019372224,-0.12941164487416143,-1.2659876582923426,21004.40840002273,9225.0,Discesa,153.75,28.451834474108548,Valvan-Giro d'Italia
1734868274.0,46.502931,12.934692,1636.336089,2.1,3.8,POINT (1439883.3270078294 5861313.83888705),2.0,18.35598123688916,-2.735013000000208,18.558619110246244,-8.474636290154194,9.279309555123122,1.3760222012040817,0.6880111006020408,-0.1479103061721882,-1.4457151887550133,21017.029645856175,9227.0,Discesa,153.78333333333333,33.40551439844324,Valvan-Giro d'Italia
1734868276.0,46.502864,12.934822,1631.992864,1.9,3.8,POINT (1439897.7985416325 5861303.003187486),2.0,18.078652484362834,-4.343224999999848,18.593043835020186,-13.50876318682942,9.296521917510093,0.01721236238697088,0.00860618119348544,-0.23577239548237527,-2.2915579411342923,21029.481242896218,9229.0,Discesa,153.81666666666666,33.46747890303634,Valvan-Giro d'Italia
1734868278.0,46.502752,12.934975,1627.601097,1.9,3.8,POINT (1439914.8304237237 5861284.889809075),2.0,24.863215500697468,-4.391767000000073,25.248110868269187,-10.017233428452663,12.624055434134593,3.3275335166245004,1.6637667583122502,-0.1748337052673388,-1.706394371237731,21046.596350647225,9231.0,Discesa,153.85,45.446599562884536,Valvan-Giro d'Italia
1734868280.0,46.502662,12.935158,1622.742058,2.0,3.8,POINT (1439935.201890539 5861270.334442749),2.0,25.037079484077726,-4.859038999999939,25.50422727893449,-10.983071980257975,12.752113639467245,0.12805820533265155,0.06402910266632578,-0.19169076803903531,-1.8689910526860247,21063.84176361299,9233.0,Discesa,153.88333333333333,45.907609102082084,Valvan-Giro d'Italia
1734868282.0,46.502604,12.935333,1619.999668,2.2,3.8,POINT (1439954.6828014278 5861260.954330552),2.0,21.62157241913134,-2.742390000000114,21.79479517655171,-7.228559697762886,10.897397588275854,-1.8547160511913905,-0.9273580255956952,-0.12616216690292856,-1.2343702100465248,21078.741714200638,9235.0,Discesa,153.91666666666666,39.230631317793076,Valvan-Giro d'Italia
1734868284.0,46.50253,12.935493,1617.643681,2.6,3.8,POINT (1439972.4939199546 5861248.986615725),2.0,21.458381611157073,-2.3559869999999137,21.58732999039512,-6.26559801745786,10.79366499519756,-0.10373259307829485,-0.05186629653914743,-0.10935531501106881,-1.0706387719223502,21093.52344332843,9237.0,Discesa,153.95,38.857193982711216,Valvan-Giro d'Italia
1734868286.0,46.502531,12.935692,1615.530778,2.6,3.8,POINT (1439994.6464986226 5861249.148341493),2.0,22.153169002754776,-2.1129029999999602,22.253702072959094,-5.448219558349442,11.126851036479547,0.33318604128198714,0.16659302064099357,-0.09508936966474908,-0.9314215837905951,21108.798895144322,9239.0,Discesa,153.98333333333332,40.05666373132637,Valvan-Giro d'Italia
1734868288.0,46.502543,12.935891,1614.600969,2.6,3.8,POINT (1440016.7990772906 5861251.089050936),2.0,22.237425543036938,-0.9298089999999775,22.25685601244238,-2.3943022230206927,11.12842800622119,0.0015769697416434525,0.0007884848708217262,-0.04178845707953066,-0.4098254616420475,21124.13207467859,9241.0,Discesa,154.01666666666668,40.06234082239629,Valvan-Giro d'Italia
1734868290.0,46.502526,12.93609,1613.203991,2.2,3.8,POINT (1440038.9516559583 5861248.339712687),2.0,22.322535752828585,-1.39697799999999,22.366205533545344,-3.5809863726785567,11.183102766772672,0.05467476055148168,0.02733738027574084,-0.06250000267228953,-0.6127259341977253,21139.523570760848,9243.0,Discesa,154.05,40.25916996038162,Valvan-Giro d'Italia
1734868292.0,46.502466,12.936232,1611.248821,2.8,3.8,POINT (1440054.759023651 5861238.636172796),2.0,18.548087766445406,-1.9551700000001802,18.650851174159918,-6.017376151996829,9.325425587079959,-1.857677179692713,-0.9288385898463565,-0.10502302618333142,-1.0283829687395323,21152.302063629675,9245.0,Discesa,154.08333333333334,33.571532113487855,Valvan-Giro d'Italia
1734868294.0,46.502397,12.936331,1611.263604,3.2,3.8,POINT (1440065.7796532393 5861227.477115162),2.0,15.683712691832817,0.014783000000079483,15.683719658838806,0.054005277599276376,7.841859829419403,-1.483565757660556,-0.741782878830278,0.0009425699075609116,0.009246609423999156,21163.099188826567,9247.0,Discesa,154.11666666666667,28.23069538590985,Valvan-Giro d'Italia
1734868296.0,46.502374,12.936461,1608.746421,3.1,3.8,POINT (1440080.2511870426 5861223.757432431),2.0,14.941931944580942,-2.517182999999932,15.152476381502037,-9.56250934188072,7.576238190751019,-0.2656216386683843,-0.13281081933419214,-0.16689727276853464,-1.6296719168719473,21173.400218516916,9249.0,Discesa,154.15,27.274457486703668,Valvan-Giro d'Italia
1734868316.0,46.502363,12.936594,1605.058755,2.6,3.8,POINT (1440095.056679318 5861221.978454288),20.0,14.911987283713634,-3.6876660000000356,15.36119283380016,-13.890304673693258,0.7680596416900081,-6.808178549061011,-0.3404089274530505,-0.24243155066110395,-2.355025670949206,21183.68216760146,9269.0,Discesa,154.48333333333332,2.765014710084029,Valvan-Giro d'Italia
1734868321.0,46.502371,12.936764,1604.868704,2.3,3.8,POINT (1440113.980992753 5861223.272256536),5.0,18.968488691711286,-0.1900510000000395,18.9694407569169,-0.5740444596291461,3.79388815138338,3.0258285096933717,0.6051657019386744,-0.010018965873360266,-0.09828441090550147,21196.761509377502,9274.0,Discesa,154.56666666666666,13.657997344980169,Valvan-Giro d'Italia
1734868324.0,46.50241,12.936933,1604.362835,3.4,3.8,POINT (1440132.793986697 5861229.579545225),3.0,19.84214282116628,-0.5058690000000752,19.848590256759337,-1.4604209687547949,6.616196752253113,2.8223086008697327,0.9407695336232442,-0.025489154369936404,-0.25002152927766536,21210.439064228354,9277.0,Discesa,154.61666666666667,23.818308308111206,Valvan-Giro d'Italia
1734868327.0,46.502419,12.9371,1601.654352,3.2,3.8,POINT (1440151.3843416595 5861231.035074029),3.0,18.647248100767744,-2.7084829999998874,18.842922859601018,-8.26432608420428,6.280974286533673,-0.3352224657194398,-0.11174082190647994,-0.14423970062781483,-1.4100900602297268,21223.296830928415,9280.0,Discesa,154.66666666666666,22.611507431521222,Valvan-Giro d'Italia
1734868329.0,46.502453,12.937236,1600.226659,2.4,3.8,POINT (1440166.5237924075 5861236.533740564),2.0,16.107088582833708,-1.4276930000000903,16.1702384001443,-5.065320237220188,8.08511920007215,1.8041449135384768,0.9020724567692384,-0.0884065158073925,-0.8661386420793836,21234.3991875859,9282.0,Discesa,154.7,29.10642912025974,Valvan-Giro d'Italia
1734868331.0,46.502438,12.937373,1598.983867,2.7,3.8,POINT (1440181.774562646 5861234.107857845),2.0,15.442503030107774,-1.2427920000000086,15.49243143570924,-4.601171194729221,7.74621571785462,-0.3389034822175301,-0.16945174110876504,-0.08030558679594607,-0.7869513297892448,21245.046563524164,9284.0,Discesa,154.73333333333332,27.886376584276633,Valvan-Giro d'Italia
1734868334.0,46.502456,12.937524,1595.176304,2.8,3.8,POINT (1440198.5838057557 5861237.018917189),3.0,17.05945252430226,-3.8075629999998455,17.47920068046278,-12.5818411394921,5.826400226820927,-1.9198154910336926,-0.6399384970112308,-0.2195945538470123,-2.136950865936825,21256.808635714897,9287.0,Discesa,154.78333333333333,20.97504081655534,Valvan-Giro d'Italia
1734868337.0,46.502466,12.9377,1593.590422,2.2,3.8,POINT (1440218.1760361355 5861238.636172796),3.0,19.658865861312634,-1.5858820000000833,19.722728732886015,-4.612067011407119,6.574242910962005,0.7478426841410784,0.24928089471369277,-0.08049575467166911,-0.7888108501974159,21270.36389876377,9290.0,Discesa,154.83333333333334,23.66727447946322,Valvan-Giro d'Italia
1734868339.0,46.502465,12.93786,1592.217062,2.2,3.8,POINT (1440235.9871546624 5861238.474447222),2.0,17.811852748620396,-1.3733600000000479,17.864719869847836,-4.408994073611015,8.932359934923918,2.3581170239619125,1.1790585119809562,-0.07695146328542944,-0.7541490545698227,21282.645861558623,9292.0,Discesa,154.86666666666667,32.156495765726106,Valvan-Giro d'Italia
1734868341.0,46.502462,12.938014,1589.778694,2.3,3.8,POINT (1440253.1303562447 5861237.989270518),2.0,17.150065799540265,-2.438367999999855,17.32254009757183,-8.091984421674047,8.661270048785916,-0.271089886138002,-0.135544943069001,-0.14123177117830132,-1.3808823616665542,21294.471470058368,9294.0,Discesa,154.9,31.180572175629298,Valvan-Giro d'Italia
1734868344.0,46.502472,12.938191,1586.827415,2.9,3.8,POINT (1440272.833906115 5861239.606526302),3.0,19.76981016003261,-2.9512790000001132,19.988882947767998,-8.490534490017152,6.662960982589333,-1.9983090661965832,-0.6661030220655277,-0.14818778210493694,-1.4484074505641127,21308.103233663933,9297.0,Discesa,154.95,23.986659537321597,Valvan-Giro d'Italia
1734868347.0,46.502479,12.938326,1584.493986,3.0,3.8,POINT (1440287.862037372 5861240.73860553),3.0,15.070711080006342,-2.3334290000000237,15.250286008959538,-8.801335345787537,5.08342866965318,-1.579532312936153,-0.5265107709787177,-0.15361228035614616,-1.5010169957830177,21318.494887512985,9300.0,Discesa,155.0,18.300343210751446,Valvan-Giro d'Italia
1734868350.0,46.502445,12.938468,1583.228925,2.6,3.8,POINT (1440303.6694050648 5861235.239936363),3.0,16.736434386718148,-1.2650610000000597,16.784177528691803,-4.322610430245287,5.594725842897268,0.5112971732440883,0.17043239108136277,-0.07544378428882893,-0.7394016411460034,21330.03135209953,9303.0,Discesa,155.05,20.141013034430166,Valvan-Giro d'Italia
1734868353.0,46.502417,12.938631,1581.044751,3.7,3.8,POINT (1440321.8144820642 5861230.711623163),3.0,18.701589230673267,-2.1841739999999845,18.828702977505124,-6.661443062388955,6.276234325835041,0.6815084829377733,0.22716949431259112,-0.1162641143728213,-1.1379831614317057,21342.924431345673,9306.0,Discesa,155.1,22.59444357300615,Valvan-Giro d'Italia
1734868356.0,46.502402,12.938815,1579.085404,3.6,3.8,POINT (1440342.29726837 5861228.285742049),3.0,20.625940803370145,-1.9593469999999797,20.71879520364392,-5.426489360848996,6.906265067881307,0.6300307420462659,0.21001024734875529,-0.09471010617125766,-0.9277177500465505,21357.146210029656,9309.0,Discesa,155.15,24.862554244372706,Valvan-Giro d'Italia
1734868358.0,46.502378,12.938951,1577.108947,2.7,3.8,POINT (1440357.4367191177 5861224.404333662),2.0,15.629085066287214,-1.9764569999999821,15.753560939739655,-7.2073768543113985,7.876780469869828,0.9705154019885205,0.48525770099426024,-0.12579245653976556,-1.2307720929995816,21367.920975212128,9311.0,Discesa,155.18333333333334,28.35640969153138,Valvan-Giro d'Italia
1734868360.0,46.502376,12.939092,1574.858973,2.7,3.8,POINT (1440373.1327673197 5861224.08088304),2.0,15.699380543966043,-2.2499739999998383,15.859789798888723,-8.15587110648287,7.929894899444362,0.05311442957453405,0.026557214787267025,-0.1423468041763991,-1.3917110642629695,21378.746312348863,9313.0,Discesa,155.21666666666667,28.547621637999704,Valvan-Giro d'Italia
1734868364.0,46.502346,12.939301,1571.136059,3.0,3.8,POINT (1440396.3985408954 5861219.229125142),4.0,23.766273893460166,-3.7229140000001735,24.056098258661223,-8.902858586505468,6.014024564665306,-1.915870334779056,-0.478967583694764,-0.15538419517396884,-1.5181924328419427,21395.131944468554,9317.0,Discesa,155.28333333333333,21.6504884327951,Valvan-Giro d'Italia
1734868366.0,46.502304,12.939461,1569.768818,2.7,3.8,POINT (1440414.2096594223 5861212.436668583),2.0,19.06235581669051,-1.3672409999999218,19.11132536571431,-4.102494965641171,9.555662682857156,3.54163811819185,1.770819059095925,-0.07160204469693007,-0.7018160150243415,21408.270910168158,9319.0,Discesa,155.31666666666666,34.400385658285764,Valvan-Giro d'Italia
1734868368.0,46.502264,12.939628,1567.740891,2.5,3.8,POINT (1440432.800014385 5861205.967667215),2.0,19.68373126081222,-2.0279270000000906,19.787919654809738,-5.882175432910701,9.893959827404869,0.3382971445477132,0.1691485722738566,-0.10266332848421456,-1.0053590380919792,21421.838994949798,9321.0,Discesa,155.35,35.61825537865753,Valvan-Giro d'Italia
1734868370.0,46.502252,12.939792,1566.81211,2.6,3.8,POINT (1440451.0564108752 5861204.026967732),2.0,18.359257264014623,-0.9287809999998444,18.382735417565975,-2.8960814043357725,9.191367708782987,-0.7025921186218813,-0.35129605931094066,-0.05054615591144041,-0.495646670804605,21434.49801631197,9323.0,Discesa,155.38333333333333,33.08892375161876,Valvan-Giro d'Italia
1734868374.0,46.502297,12.939919,1560.710636,3.2,3.8,POINT (1440465.1939862058 5861211.304593),4.0,15.900781923012957,-6.101474000000053,17.031231627098855,-20.99288845366224,4.257807906774714,-4.933559802008274,-1.2333899505020685,-0.36639502302030713,-3.5144528153068433,21445.45496159262,9327.0,Discesa,155.45,15.32810846438897,Valvan-Giro d'Italia
1734868378.0,46.502304,12.940105,1559.846673,3.3,3.8,POINT (1440485.8994114934 5861212.436668583),4.0,20.736350485732878,-0.8639630000000125,20.754340835895587,-2.3858016937227817,5.188585208973897,0.930777302199183,0.23269432554979574,-0.04164009485511987,-0.40837129432419234,21459.753390491627,9331.0,Discesa,155.51666666666668,18.678906752306027,Valvan-Giro d'Italia
1734868380.0,46.50234,12.940226,1557.209993,3.0,3.8,POINT (1440499.3690698792 5861218.258773884),2.0,14.674079431421715,-2.6366800000000694,14.909080742355453,-10.186370104014063,7.4545403711777265,2.26595516220383,1.132977581101915,-0.17778569714176265,-1.7349044684235975,21469.866703148666,9333.0,Discesa,155.55,26.836345336239816,Valvan-Giro d'Italia
1734868382.0,46.502371,12.940355,1555.643213,3.0,3.8,POINT (1440513.7292841917 5861223.272256536),2.0,15.21021904545246,-1.5667799999998806,15.29070184716988,-5.8812025970166015,7.64535092358494,0.19081055240721323,0.09540527620360661,-0.10264634929478093,-1.0051933491099787,21480.351140844185,9335.0,Discesa,155.58333333333334,27.523263324905784,Valvan-Giro d'Italia
1734868385.0,46.502311,12.940506,1553.579089,4.1,3.8,POINT (1440530.5385273013 5861213.568744312),3.0,19.408987696533494,-2.0641239999999925,19.518437726712772,-6.070524248734694,6.506145908904258,-1.139205014680682,-0.37973500489356066,-0.10595063546257563,-1.0374322332308,21493.723789431675,9338.0,Discesa,155.63333333333333,23.42212527205533,Valvan-Giro d'Italia
1734868388.0,46.502231,12.940636,1550.995251,3.9,3.8,POINT (1440545.0100611045 5861200.6307446705),3.0,19.411778005716226,-2.5838380000000143,19.582986088782587,-7.581885507847945,6.527662029594196,0.021516120689938134,0.007172040229979378,-0.132328865621189,-1.2943608633067214,21507.09010463789,9341.0,Discesa,155.68333333333334,23.499583306539105,Valvan-Giro d'Italia
1734868391.0,46.5021,12.940577,1546.006727,3.3,3.8,POINT (1440538.4422111476 5861179.444811366),3.0,22.180631710084572,-4.988524000000098,22.734682640340203,-12.675175581936946,7.5782275467800675,1.0505655171858717,0.35018850572862387,-0.221223547173188,-2.1525446919222384,21522.340190671923,9344.0,Discesa,155.73333333333332,27.281619168408245,Valvan-Giro d'Italia
1734868394.0,46.502016,12.940693,1543.572663,3.4,3.8,POINT (1440551.3552720798 5861165.859964965),3.0,18.742870494345166,-2.434064000000035,18.900260895656725,-7.399369116391267,6.300086965218909,-1.2781405815611588,-0.42604686052038626,-0.12914335365141114,-1.2633776841401982,21535.24263183528,9347.0,Discesa,155.78333333333333,22.68031307478807,Valvan-Giro d'Italia
1734868396.0,46.502085,12.940817,1542.073648,3.0,3.8,POINT (1440565.158888938 5861177.018944399),2.0,17.75000451788442,-1.499014999999872,17.81318911242852,-4.8272617537416656,8.90659455621426,2.606507590995352,1.303253795497676,-0.08425161145838776,-0.8255308500451847,21547.46666166075,9349.0,Discesa,155.81666666666666,32.06374040237134,Valvan-Giro d'Italia
1734868398.0,46.50217,12.940964,1540.449806,2.8,3.8,POINT (1440581.5228540846 5861190.765532735),2.0,21.3716645628017,-1.6238419999999678,21.43326641055623,-4.345046129511521,10.716633205278114,1.8100386490638538,0.9050193245319269,-0.075835361111012,-0.7432320260879117,21562.18395952526,9351.0,Discesa,155.85,38.57987953900121,Valvan-Giro d'Italia
1734868400.0,46.502233,12.941119,1537.429118,2.8,3.8,POINT (1440598.7773751577 5861200.9541944275),2.0,20.03814673438512,-3.0206880000000638,20.264547380637282,-8.572612149543144,10.132273690318641,-0.5843595149594734,-0.2921797574797367,-0.14962030750599636,-1.4623050159173465,21575.989751991572,9353.0,Discesa,155.88333333333333,36.47618528514711,Valvan-Giro d'Italia
1734868402.0,46.502278,12.941254,1534.890439,2.0,3.8,POINT (1440613.805506415 5861208.231817151),2.0,16.69756034868948,-2.538679000000002,16.889446783810538,-8.644982020762138,8.444723391905269,-1.6875502984133721,-0.8437751492066861,-0.1508834000380121,-1.4745563492270388,21587.496461579274,9355.0,Discesa,155.91666666666666,30.401004210858968,Valvan-Giro d'Italia
1734868405.0,46.502289,12.941458,1530.732678,2.6,3.8,POINT (1440636.5146825367 5861210.010792512),3.0,22.778749602723707,-4.157760999999937,23.155094687707624,-10.344213093970483,7.718364895902542,-0.7263584960027272,-0.24211949866757573,-0.18054057701769452,-1.7614972411083407,21603.203044334197,9358.0,Discesa,155.96666666666667,27.78611362524915,Valvan-Giro d'Italia
1734868407.0,46.502338,12.941606,1529.105587,2.6,3.8,POINT (1440652.989967174 5861217.935323489),2.0,18.28204570262869,-1.627091000000064,18.354307946509053,-5.085889676344581,9.177153973254526,1.4587890773519847,0.7293945386759924,-0.0887655202454017,-0.8696466658682449,21615.80173259628,9360.0,Discesa,156.0,33.0377543037163,Valvan-Giro d'Italia
1734868410.0,46.502431,12.94163,1525.169436,2.6,3.8,POINT (1440655.661634953 5861232.975779473),3.0,15.275900134756546,-3.936151000000109,15.774866389984318,-14.44913385912141,5.258288796661439,-3.918865176593087,-1.3062883921976958,-0.2521849599030631,-2.4477951416765986,21626.30257623353,9363.0,Discesa,156.05,18.92983966798118,Valvan-Giro d'Italia
1734868413.0,46.502562,12.941653,1522.961744,2.2,3.8,POINT (1440658.2219832414 5861254.161841759),3.0,21.340211305652215,-2.207691999999952,21.454102697077555,-5.90636407954581,7.151367565692518,1.8930787690310789,0.6310262563436929,-0.10308550000959865,-1.009478644984284,21640.971313216898,9366.0,Discesa,156.1,25.744923236493065,Valvan-Giro d'Italia
1734868415.0,46.502654,12.9416,1521.104148,3.5,3.8,POINT (1440652.3220502292 5861269.040633576),2.0,16.005863159111204,-1.8575960000000578,16.113296322211962,-6.619972875701835,8.056648161105981,0.9052805954134628,0.4526402977067314,-0.11554032307371435,-1.1309304065165355,21651.97760117957,9368.0,Discesa,156.13333333333333,29.003933379981532,Valvan-Giro d'Italia
1734868417.0,46.502762,12.941491,1518.785074,3.3,3.8,POINT (1440640.1882257327 5861286.507073487),2.0,21.26749209669316,-2.3190740000000005,21.393558009372402,-6.223123957735589,10.696779004686201,2.64013084358022,1.32006542179011,-0.10861400282222647,-1.0634096455593456,21666.610833407718,9370.0,Discesa,156.16666666666666,38.50840441687033,Valvan-Giro d'Italia
1734868419.0,46.502859,12.941385,1516.928774,3.2,3.8,POINT (1440628.3883597087 5861302.194553725),2.0,19.629922934359872,-1.8562999999999192,19.71749791679734,-5.402100153788523,9.85874895839867,-0.8380300462875319,-0.41901502314376593,-0.09428443420610176,-0.9235605388088237,21680.11884504271,9372.0,Discesa,156.2,35.49149625023521,Valvan-Giro d'Italia
1734868422.0,46.502955,12.941462,1513.702006,2.5,3.8,POINT (1440636.9599604998 5861317.72033492),3.0,17.734774366382002,-3.2267679999999928,18.025932806717773,-10.311925216661503,6.0086442689059245,-3.8501046894927446,-1.2833682298309148,-0.17997704725017286,-1.756058586227678,21692.31774434697,9375.0,Discesa,156.25,21.631119368061327,Valvan-Giro d'Italia
1734868424.0,46.502963,12.941601,1512.955295,2.5,3.8,POINT (1440652.4333697201 5861319.014151257),2.0,15.527406532162237,-0.7467110000000048,15.545350781907608,-2.7532256346970927,7.772675390953804,1.7640311220478795,0.8820155610239397,-0.0480528523757749,-0.4712170868814032,21703.02416263555,9377.0,Discesa,156.28333333333333,27.981631407433696,Valvan-Giro d'Italia
1734868426.0,46.502966,12.941757,1511.901746,2.6,3.8,POINT (1440669.799210284 5861319.499332434),2.0,17.372616937594376,-1.0535489999999754,17.404533454126025,-3.470408270319439,8.702266727063012,0.9295913361092083,0.46479566805460415,-0.06057005070551562,-0.5938289421684904,21715.00311916354,9379.0,Discesa,156.31666666666666,31.328160217426845,Valvan-Giro d'Italia
1734868428.0,46.503031,12.941893,1510.422223,2.0,3.8,POINT (1440684.9386610317 5861330.011597809),2.0,18.43124228789778,-1.479522999999972,18.49052948356862,-4.589438143233993,9.24526474178431,0.5429980147212969,0.27149900736064847,-0.0801008064160483,-0.7849488919664265,21727.69890965357,9381.0,Discesa,156.35,33.28295307042352,Valvan-Giro d'Italia
1734868430.0,46.503139,12.942003,1508.536634,2.0,3.8,POINT (1440697.183805019 5861347.478158842),2.0,21.331298731413916,-1.8855889999999818,21.41447527831915,-5.051554307937683,10.707237639159574,1.461972897375265,0.7309864486876325,-0.08816625501681609,-0.8637908634038559,21742.376131712306,9383.0,Discesa,156.38333333333333,38.54605550097447,Valvan-Giro d'Italia
1734868432.0,46.503261,12.942058,1506.094433,2.0,3.8,POINT (1440703.3063770125 5861367.2089454485),2.0,20.658892224293535,-2.4422010000000682,20.802744378071303,-6.74195858527548,10.401372189035651,-0.30586545012392286,-0.15293272506196143,-0.11766937534615601,-1.1516745759398648,21756.579699070346,9385.0,Discesa,156.41666666666666,37.444939880528345,Valvan-Giro d'Italia
1734868434.0,46.503398,12.94215,1503.197368,2.2,3.8,POINT (1440713.5477701654 5861389.365701218),2.0,24.409177781035858,-2.897064999999884,24.58049929436827,-6.768630397691132,12.290249647184135,1.8888774581484835,0.9444387290742418,-0.11813488629028346,-1.1562095346252925,21773.36638405554,9387.0,Discesa,156.45,44.24489872986289,Valvan-Giro d'Italia
1734868436.0,46.503541,12.942169,1499.927904,2.6,3.8,POINT (1440715.6628404905 5861412.492885411),2.0,23.223698481526057,-3.269464000000198,23.452709140057422,-8.013514055536382,11.726354570028711,-0.5638950771554239,-0.28194753857771193,-0.1398622049239536,-1.3675793976918529,21789.329189457683,9389.0,Discesa,156.48333333333332,42.21487645210336,Valvan-Giro d'Italia
1734868438.0,46.503663,12.942237,1497.872442,2.7,3.8,POINT (1440723.2325658647 5861432.223817916),2.0,21.133159720044922,-2.0554619999998067,21.232884019519638,-5.555251931975777,10.616442009759819,-1.1099125602688922,-0.5549562801344461,-0.09695743699075336,-0.9496629003135435,21803.860601818044,9391.0,Discesa,156.51666666666668,38.21919123513535,Valvan-Giro d'Italia
1734868441.0,46.503781,12.942158,1494.354709,2.6,3.8,POINT (1440714.4383260917 5861451.307876724),3.0,21.012852109543363,-3.517733000000135,21.305266936530764,-9.503680209232598,7.101755645510255,-3.514686364249564,-1.1715621214165213,-0.16587051070773245,-1.6197384821699206,21818.311420745373,9394.0,Discesa,156.56666666666666,25.56632032383692,Valvan-Giro d'Italia
1734868444.0,46.503895,12.942114,1492.036247,2.8,3.8,POINT (1440709.540268497 5861469.745057627),3.0,19.0767032750298,-2.318461999999954,19.217072458857423,-6.929383754290966,6.405690819619141,-0.6960648258911135,-0.23202160863037116,-0.12094056164658311,-1.1835367883788388,21831.426117870586,9397.0,Discesa,156.61666666666667,23.06048695062891,Valvan-Giro d'Italia
1734868447.0,46.504013,12.942047,1490.925801,3.3,3.8,POINT (1440702.0818626138 5861488.829197877),3.0,20.489807891217794,-1.1104459999999108,20.519876162831167,-3.1021124801448496,6.839958720943723,0.4342679013245814,0.1447559671081938,-0.05414207654573485,-0.5308743178348758,21845.51525244658,9400.0,Discesa,156.66666666666666,24.623851395397402,Valvan-Giro d'Italia
1734868450.0,46.504135,12.94202,1489.145342,2.3,3.8,POINT (1440699.0762363623 5861508.560301689),3.0,19.958713556162593,-1.7804590000000644,20.037970981804264,-5.0976967033149965,6.679323660601422,-0.16063506034230102,-0.05354502011410034,-0.08897159174090723,-0.8716602497259396,21859.234350879276,9403.0,Discesa,156.71666666666667,24.04556517816512,Valvan-Giro d'Italia
1734868452.0,46.504251,12.94197,1487.287324,2.3,3.8,POINT (1440693.5102618227 5861527.321064414),2.0,19.56901353160926,-1.8580180000001292,19.657022192810153,-5.423799695598248,9.828511096405077,3.149187435803655,1.5745937179018274,-0.09466316265685562,-0.9272592970194702,21872.68805442413,9405.0,Discesa,156.75,35.38263994705828,Valvan-Giro d'Italia
1734868454.0,46.504363,12.941986,1485.581187,2.6,3.8,POINT (1440695.2913736755 5861545.43494227),2.0,18.201234309423686,-1.7061369999998988,18.281023873112538,-5.355111336692272,9.140511936556269,-0.6879991598488076,-0.3439995799244038,-0.09346432463615478,-0.9155506872137422,21885.198530255755,9407.0,Discesa,156.78333333333333,32.90584297160257,Valvan-Giro d'Italia
1734868456.0,46.504466,12.942024,1484.355237,2.6,3.8,POINT (1440699.5215143256 5861562.093273598),2.0,17.187032686188513,-1.2259500000000116,17.230700681011562,-4.079994228003579,8.615350340505781,-0.5251615960504878,-0.2625807980252439,-0.07120933274102668,-0.6979733281104197,21897.013805888375,9409.0,Discesa,156.81666666666666,31.01526122582081,Valvan-Giro d'Italia
1734868459.0,46.504586,12.94207,1483.264783,2.0,3.8,POINT (1440704.642210902 5861581.501078056),3.0,20.071980652696624,-1.0904539999999088,20.101579471482914,-3.109660900915962,6.700526490494305,-1.9148238500114765,-0.6382746166704921,-0.05427382134151669,-0.532164835861525,21910.812518176524,9412.0,Discesa,156.86666666666667,24.121895365779498,Valvan-Giro d'Italia
1734869099.0,46.500474,12.927958,1766.828321,7.6,3.8,POINT (1439133.7015568274 5860916.484727911),5.0,17.88371856832397,-0.7744649999999638,17.900480045720574,-2.4796782538385846,3.580096009144115,3.4589867018428517,0.6917973403685703,-0.043278549919587024,-0.4244300505123025,23127.285041272044,10052.0,Discesa,167.53333333333333,12.888345632918814,Giro d'Italia-Valvan
1734869101.0,46.50053,12.92785,1765.943303,5.0,3.8,POINT (1439121.6790518216 5860925.54103299),2.0,15.051820099641901,-0.8850179999999455,15.077816326388508,-3.365007081275739,7.538908163194254,3.958812154050139,1.9794060770250694,-0.058730452921186074,-0.5758145869441702,23137.652282675626,10054.0,Discesa,167.56666666666666,27.140069387499313,Giro d'Italia-Valvan
1734869103.0,46.500622,12.927739,1764.879849,4.6,3.8,POINT (1439109.3225883439 5860940.41926873),2.0,19.34021945069007,-1.0634540000000925,19.3694352734138,-3.1473338679450387,9.6847176367069,2.145809473512646,1.072904736756323,-0.054931338655169346,-0.5386054674665907,23150.963472281994,10056.0,Discesa,167.6,34.86498349214484,Giro d'Italia-Valvan
1734869105.0,46.500711,12.92765,1763.488631,11.2,3.8,POINT (1439099.4151536631 5860954.812368567),2.0,17.473367874309975,-1.3912179999999807,17.52866430719956,-4.552249033641332,8.76433215359978,-0.9203854831071201,-0.46019274155356005,-0.07945173400777136,-0.7786017428831825,23162.986427284406,10058.0,Discesa,167.63333333333333,31.55159575295921,Giro d'Italia-Valvan
1734869107.0,46.500809,12.927585,1762.511485,10.2,3.8,POINT (1439092.1793867615 5860970.660977661),2.0,17.42224821473372,-0.9771459999999479,17.449628854537515,-3.210133797503525,8.724814427268758,-0.03951772633102202,-0.01975886316551101,-0.05602740419598544,-0.5493413263919849,23174.968485129688,10060.0,Discesa,167.66666666666666,31.40933193816753,Giro d'Italia-Valvan
1734869109.0,46.500908,12.927553,1758.030992,4.8,3.8,POINT (1439088.617163056 5860986.671336266),2.0,16.40186027271159,-4.480493000000024,17.00281852895584,-15.278716010204128,8.50140926447792,-0.22340516279083822,-0.11170258139541911,-0.2666638998552336,-2.5850794240464956,23186.244239079173,10062.0,Discesa,167.7,30.60507335212051,Giro d'Italia-Valvan
1734869111.0,46.500997,12.927479,1760.366791,11.0,3.8,POINT (1439080.3795207373 5861001.064511812),2.0,16.583794899577544,2.3357989999999518,16.747483698742773,8.01727343420556,8.373741849371386,-0.1276674151065329,-0.06383370755326645,0.13992781845955998,1.3682167782447032,23197.6523203593,10064.0,Discesa,167.73333333333332,30.145470657736993,Giro d'Italia-Valvan
1734869113.0,46.501095,12.927442,1759.406188,9.7,3.8,POINT (1439076.260699578 5861016.913204276),2.0,16.37515619928779,-0.9606029999999919,16.40330755288952,-3.357250044053574,8.20165377644476,-0.17208807292662698,-0.08604403646331349,-0.05859506708145955,-0.574488736470708,23208.910257062635,10066.0,Discesa,167.76666666666668,29.525953595201134,Giro d'Italia-Valvan
1734869116.0,46.501197,12.927454,1746.979476,3.7,4.0,POINT (1439077.5965334675 5861033.408812486),3.0,16.549608526664475,-12.426711999999952,20.69571727475973,-36.90202448555264,6.89857242491991,-1.3030813515248498,-0.43436045050828326,-0.6440618279244602,-5.8903995982142066,23220.286044624278,10069.0,Discesa,167.81666666666666,24.834860729711675,Giro d'Italia-Valvan
1734869119.0,46.501298,12.927418,1753.109275,4.6,4.0,POINT (1439073.589031799 5861049.742729542),3.0,16.81835057377585,6.129799000000048,17.900596409137545,20.025325214985976,5.966865469712515,-0.9317069552073942,-0.3105689850691314,0.3495078587841466,3.3592918814316595,23231.848395590325,10072.0,Discesa,167.86666666666667,21.480715690965056,Giro d'Italia-Valvan
1734869122.0,46.501401,12.927396,1752.493577,9.6,3.8,POINT (1439071.1400030016 5861066.400121748),3.0,16.836462133574454,-0.6156980000000658,16.84771620138737,-2.0943345303946583,5.615905400462457,-0.35096006925005874,-0.11698668975001958,-0.03655303319359605,-0.3585054085552122,23243.42185822671,10075.0,Discesa,167.91666666666666,20.217259441664844,Giro d'Italia-Valvan
1734869131.0,46.501491,12.927403,1749.177526,5.2,3.8,POINT (1439071.9192394372 5861080.955150482),9.0,14.575872902310966,-3.316051000000016,14.94831980855789,-12.816796827359536,1.6609244231730989,-3.954980977289358,-0.43944233080992867,-0.22369530419658715,-2.1761950992897887,23253.44077727048,10084.0,Discesa,168.06666666666666,5.979327923423156,Giro d'Italia-Valvan
1734869134.0,46.501618,12.927431,1748.772713,10.8,3.8,POINT (1439075.0361851794 5861101.493954237),3.0,20.77396953931281,-0.4048129999998764,20.777913369375312,-1.1163557942875886,6.925971123125104,5.265046699952006,1.7550155666506686,-0.019484084234034926,-0.19112677290550192,23267.720909351883,10087.0,Discesa,168.11666666666667,24.933496043250376,Giro d'Italia-Valvan
1734869136.0,46.501698,12.92754,1746.961296,11.3,3.8,POINT (1439087.170009676 5861114.431808004),2.0,17.73746760455821,-1.8114170000001195,17.829722055338983,-5.831045708496964,8.914861027669492,1.9888899045443873,0.9944449522721936,-0.1017709464475575,-0.9966504645920755,23279.931067639645,10089.0,Discesa,168.15,32.09349969961017,Giro d'Italia-Valvan
1734869138.0,46.501759,12.927677,1743.526166,10.9,3.8,POINT (1439102.4207799144 5861124.296934293),2.0,18.16333420807702,-3.4351299999998446,18.48531383750895,-10.709540071252578,9.242656918754475,0.32779589108498364,0.16389794554249182,-0.1869167356176256,-1.822994491530886,23292.4438160671,10091.0,Discesa,168.18333333333334,33.27356490751611,Giro d'Italia-Valvan
1734869140.0,46.501819,12.927788,1732.02975,9.5,3.8,POINT (1439114.7772433923 5861134.000347998),2.0,15.71109248966612,-11.496416000000181,19.468076640076784,-36.19438220741217,9.734038320038392,0.49138140128391683,0.24569070064195841,-0.6317111402445955,-5.793065388279517,23303.264219790723,10093.0,Discesa,168.21666666666667,35.04253795213821,Giro d'Italia-Valvan
1734869142.0,46.501797,12.927931,1738.619319,8.2,3.8,POINT (1439130.695930576 5861130.442428397),2.0,16.311449768113786,6.589568999999983,17.592208876188916,21.99793303189397,8.796104438094458,-0.937933881943934,-0.468966940971967,0.3839363600397686,3.6745625489642264,23314.510034354913,10095.0,Discesa,168.25,31.66597597714005,Giro d'Italia-Valvan
1734869144.0,46.501783,12.928087,1737.369027,11.1,3.8,POINT (1439148.0617711397 5861128.178298491),2.0,17.51281538524902,-1.250291999999945,17.557389692180287,-4.083587632003726,8.778694846090143,-0.01740959200431469,-0.008704796002157345,-0.07127204947218359,-0.6985870186308054,23326.585310562856,10097.0,Discesa,168.28333333333333,31.60330144592452,Giro d'Italia-Valvan
1734869146.0,46.501759,12.928277,1726.118128,4.1,3.8,POINT (1439169.2124743904 5861124.296934293),2.0,21.503888858489177,-11.25089899999989,24.269321464483788,-27.618699003290935,12.134660732241894,3.3559658861517505,1.6779829430758753,-0.482037232724703,-4.547771117190834,23341.411732766745,10099.0,Discesa,168.31666666666666,43.68477863607082,Giro d'Italia-Valvan
1734869148.0,46.50177,12.928458,1722.786569,4.4,3.8,POINT (1439189.361302224 5861126.075892671),2.0,20.227208309095786,-3.33155899999997,20.49973759222382,-9.353031118470586,10.24986879611191,-1.884791936129984,-0.942395968064992,-0.16324118805879956,-1.5942932753635455,23355.35901689117,10101.0,Discesa,168.35,36.899527666002875,Giro d'Italia-Valvan
1734869150.0,46.501773,12.928653,1730.776559,4.8,3.8,POINT (1439211.0686029287 5861126.561063199),2.0,21.712721946465784,7.989989999999807,23.136167239295144,20.20293728753942,11.568083619647572,1.318214823535662,0.659107411767831,0.35260777424149525,3.387847308039517,23370.330950854197,10103.0,Discesa,168.38333333333333,41.64510103073126,Giro d'Italia-Valvan
1734869152.0,46.501758,12.928855,1730.551348,10.1,3.8,POINT (1439233.555140069 5861124.135210822),2.0,22.617009358405674,-0.22521099999994476,22.618130610479966,-0.5705092631693877,11.309065305239983,-0.25901831440758905,-0.12950915720379452,-0.009957265055432634,-0.09767915607383502,23385.925889422793,10105.0,Discesa,168.41666666666666,40.71263509886394,Giro d'Italia-Valvan
1734869154.0,46.501773,12.929052,1727.976655,9.7,3.8,POINT (1439255.4850797553 5861126.561063199),2.0,22.0637035513194,-2.5746930000000248,22.21342068310852,-6.655947493819704,11.10671034155426,-0.20235496368572292,-0.10117748184286146,-0.11616819860701875,-1.1370485748377634,23401.13928289722,10107.0,Discesa,168.45,39.98415722959534,Giro d'Italia-Valvan
1734869156.0,46.501745,12.929251,1726.44498,5.6,3.8,POINT (1439277.6376584233 5861122.032805969),2.0,22.61065799980953,-1.5316749999999502,22.66247743495789,-3.8753690261277445,11.331238717478945,0.22452837592468455,0.11226418796234228,-0.0676379492357353,-0.6630224693272786,23416.728426525147,10109.0,Discesa,168.48333333333332,40.7924593829242,Giro d'Italia-Valvan
1734869158.0,46.501731,12.92945,1725.261726,8.6,3.8,POINT (1439299.790237091 5861119.768678229),2.0,22.26798185853408,-1.1832540000000336,22.29939698916809,-3.041665869302718,11.149698494584046,-0.18154022289489902,-0.09077011144744951,-0.053087084164867945,-0.5205397143985001,23432.082767401516,10111.0,Discesa,168.51666666666668,40.138914580502565,Giro d'Italia-Valvan
1734869160.0,46.501724,12.929636,1724.26445,5.7,3.8,POINT (1439320.4956623786 5861118.636614577),2.0,20.73634983436854,-0.9972760000000562,20.760317046555244,-2.7534119338191023,10.380158523277622,-0.7695399713064237,-0.38476998565321185,-0.04805610390884754,-0.4712489475985093,23446.3813460677,10113.0,Discesa,168.55,37.36857068379944,Giro d'Italia-Valvan
1734869162.0,46.501694,12.929809,1723.121169,6.3,3.8,POINT (1439339.7539342858 5861113.784914863),2.0,19.86001074933411,-1.143280999999888,19.89289115258582,-3.2947091516543567,9.94644557629291,-0.43371294698471274,-0.21685647349235637,-0.057503522591957706,-0.5637987220646418,23460.073189172494,10115.0,Discesa,168.58333333333334,35.80720407465447,Giro d'Italia-Valvan
1734869164.0,46.501633,12.929968,1722.128647,11.2,3.8,POINT (1439357.453733322 5861103.919800367),2.0,20.263350412524346,-0.9925220000000081,20.28764328011597,-2.8041714763859646,10.143821640057984,0.19737606376507522,0.09868803188253761,-0.048942025053445505,-0.47992961457199007,23474.035235130857,10117.0,Discesa,168.61666666666667,36.51775790420874,Giro d'Italia-Valvan
1734869166.0,46.501573,12.930118,1720.941246,11.6,3.8,POINT (1439374.151656941 5861094.216419859),2.0,19.31259295066305,-1.187400999999909,19.34906115584942,-3.5183019701565725,9.67453057792471,-0.46929106213327465,-0.23464553106663733,-0.06140595345863547,-0.6020139021824155,23487.34154255996,10119.0,Discesa,168.65,34.82831008052896,Giro d'Italia-Valvan
1734869168.0,46.501514,12.930268,1719.198381,8.4,3.8,POINT (1439390.8495805599 5861084.6747728),2.0,19.23184031176597,-1.7428650000001653,19.310651469732765,-5.1782240444122785,9.655325734866382,-0.01920484305832737,-0.009602421529163685,-0.09037705898093133,-0.885392482837775,23500.592491482865,10121.0,Discesa,168.68333333333334,34.75917264551898,Giro d'Italia-Valvan
1734869170.0,46.501438,12.930405,1709.038922,9.6,3.8,POINT (1439406.1003507986 5861072.3838528665),2.0,19.587054543354707,-10.15945899999997,22.065069971723013,-27.41497169033035,11.032534985861506,1.377209250995124,0.688604625497562,-0.4784815203372999,-4.516835564887045,23514.08186146766,10123.0,Discesa,168.71666666666667,39.71712594910142,Giro d'Italia-Valvan
1734869172.0,46.50135,12.93052,1717.0,12.4,3.8,POINT (1439418.9020922398 5861058.152282828),2.0,19.142156871037084,7.961078000000043,20.731640856369207,22.582055922192954,10.365820428184604,-0.6667145576769027,-0.33335727883845134,0.39413122771175146,3.767100526247395,23527.258176371455,10125.0,Discesa,168.75,37.31695354146457,Giro d'Italia-Valvan
1734869174.0,46.501273,12.930665,1714.907647,6.6,3.8,POINT (1439435.0434184046 5861045.699677939),2.0,20.3865097283112,-2.092353000000003,20.493601927897796,-5.859987710548252,10.246800963948898,-0.11901946423570564,-0.05950973211785282,-0.10227607967547143,-1.0015800542147817,23541.299087518193,10127.0,Discesa,168.78333333333333,36.88848347021603,Giro d'Italia-Valvan
1734869176.0,46.501222,12.930816,1712.847499,4.6,3.8,POINT (1439451.8526615147 5861037.451858437),2.0,18.723706376340154,-2.0601480000000265,18.83670327444017,-6.278932067566614,9.418351637220084,-0.8284493267288138,-0.4142246633644069,-0.10958803808809248,-1.0729081190881002,23554.20213618679,10129.0,Discesa,168.81666666666666,33.906065893992306,Giro d'Italia-Valvan
1734869178.0,46.501212,12.930973,1707.632908,4.4,3.8,POINT (1439469.3298215691 5861035.834639834),2.0,17.551823824845982,-5.214590999999928,18.310064960991024,-16.5465169606519,9.155032480495512,-0.26331915672457207,-0.13165957836228603,-0.28879120070046066,-2.793826117983939,23566.30475262617,10131.0,Discesa,168.85,32.95811692978384,Giro d'Italia-Valvan
1734869180.0,46.501222,12.931116,1712.681871,7.4,3.8,POINT (1439485.2485087526 5861037.451858437),2.0,16.00062491440149,5.048962999999958,16.778320089530247,17.512979542570882,8.389160044765124,-0.7658724357303885,-0.3829362178651943,0.30565915485227235,2.9520432776167356,23577.337700874763,10133.0,Discesa,168.88333333333333,30.200976161154447,Giro d'Italia-Valvan
1734869182.0,46.501266,12.931242,1712.657814,9.9,3.8,POINT (1439499.2747645923 5861044.567623825),2.0,15.727999553044853,-0.024057000000084372,15.728017951408502,-0.08763755925712315,7.864008975704251,-0.5251510690608727,-0.26257553453043636,-0.0015295639574484346,-0.015005016571696698,23588.175954608476,10135.0,Discesa,168.91666666666666,28.310432312535305,Giro d'Italia-Valvan
1734869185.0,46.501342,12.931351,1713.300049,13.5,3.9,POINT (1439511.4085890888 5861056.858504876),3.0,17.271231974479754,0.6422350000000279,17.28316868260901,2.1295764335317195,5.761056227536336,-2.1029527481679144,-0.7009842493893048,0.03716812043800668,0.3645353155836466,23600.06621221512,10138.0,Discesa,168.96666666666667,20.73980241913081,Giro d'Italia-Valvan
1734869205.0,46.501384,12.93142,1713.300049,7.9,3.8,POINT (1439519.0896339538 5861063.650841249),20.0,10.253501042527907,0.0,10.253501042527907,0.0,0.5126750521263953,-5.248381175409941,-0.26241905877049704,0.0,0.0,23607.126676216867,10158.0,Discesa,169.3,1.8456301876550232,Giro d'Italia-Valvan
1734869216.0,46.50143,12.931397,1713.199951,8.4,3.8,POINT (1439516.5292856656 5861071.09007282),11.0,7.8674995850524985,-0.100097999999889,7.868136331457737,-0.728933436352228,0.7152851210416125,0.20261006891521716,0.018419097174110652,-0.012722288492222903,-0.1248022833657462,23612.53629197563,10169.0,Discesa,169.48333333333332,2.575026435749805,Giro d'Italia-Valvan
1734869224.0,46.501525,12.931414,1709.440674,2.6,3.8,POINT (1439518.421717009 5861086.453723162),8.0,15.479762538058651,-3.759277000000111,15.929695910387425,-13.650090928651533,1.991211988798428,1.2759268677568156,0.15949085846960195,-0.23823902990157964,-2.3150791815149074,23623.17691674198,10177.0,Discesa,169.61666666666667,7.168363159674342,Giro d'Italia-Valvan
1734869228.0,46.501606,12.931473,1702.455766,9.1,3.8,POINT (1439524.989566966 5861099.553277814),4.0,14.653838579773252,-6.984907999999905,16.233419999818697,-25.4852998422013,4.058354999954674,2.0671430111562463,0.5167857527890616,-0.444802393104404,-4.221041991198673,23633.25578181887,10181.0,Discesa,169.68333333333334,14.610077999836827,Giro d'Italia-Valvan
1734869232.0,46.501697,12.931514,1709.399002,6.3,3.8,POINT (1439529.5536660883 5861114.2700847145),4.0,15.40829017608197,6.94323600000007,16.900412193258514,24.257132243853746,4.225103048314629,0.16674804835995438,0.041687012089988595,0.42336682474692794,4.030265320225187,23643.84970905009,10185.0,Discesa,169.75,15.210370973932664,Giro d'Italia-Valvan
1734869240.0,46.501787,12.931542,1709.205417,11.9,3.8,POINT (1439532.6706118304 5861128.82519269),8.0,14.885110645693024,-0.19358500000021195,14.886369405827226,-0.7451055265933588,1.8607961757284033,-2.3643068725862255,-0.2955383590732782,-0.01300454471386028,-0.12757098780974052,23654.08247279143,10193.0,Discesa,169.88333333333333,6.698866232622252,Giro d'Italia-Valvan
1734869251.0,46.501879,12.931562,1708.829472,5.7,3.8,POINT (1439534.8970016462 5861143.703772413),11.0,15.044232987332611,-0.37594500000000153,15.048929557286515,-1.4314840677111318,1.368084505207865,-0.4927116705205383,-0.04479197004732167,-0.0249841101714007,-0.24506862338353622,23664.42388219676,10204.0,Discesa,170.06666666666666,4.925104218748314,Giro d'Italia-Valvan
1734869269.0,46.501969,12.931531,1708.230706,9.6,3.8,POINT (1439531.4460974317 5861158.258929112),18.0,14.958653898040518,-0.5987659999998414,14.970632824437269,-2.292215590837324,0.8317018235798482,-0.5363826816280167,-0.02979903786822315,-0.04000670922565847,-0.39236113321877814,23674.707477264736,10222.0,Discesa,170.36666666666667,2.9941265648874538,Giro d'Italia-Valvan
1734869291.0,46.502051,12.931478,1707.215648,4.1,3.8,POINT (1439525.5461644197 5861171.520315082),22.0,14.514598423180857,-1.0150579999999536,14.550048457980067,-4.000386561781134,0.661365838999094,-0.17033598458075427,-0.007742544753670649,-0.06981991685561635,-0.6843770320598603,23684.689355441802,10244.0,Discesa,170.73333333333332,2.3809170203967382,Giro d'Italia-Valvan
1734869298.0,46.502144,12.931387,1707.440836,10.1,3.8,POINT (1439515.4160907576 5861186.560691668),7.0,18.133706743148164,0.22518799999988914,18.13510490407599,0.7114738873546191,2.5907292720108557,1.9293634330117617,0.2756233475731088,0.012417561876301353,0.12181315143660422,23697.165970757058,10251.0,Discesa,170.85,9.326625379239081,Giro d'Italia-Valvan
1734869302.0,46.502202,12.931257,1706.874178,7.7,3.8,POINT (1439500.9445569545 5861195.9407245),4.0,17.245588031598096,-0.5666579999999612,17.25489518497761,-1.8819558299080497,4.313723796244402,1.7229945242335467,0.4307486310583867,-0.03284632560899784,-0.3221645173967387,23709.046353944676,10255.0,Discesa,170.91666666666666,15.52940566647985,Giro d'Italia-Valvan
1734869305.0,46.50226,12.931118,1706.138568,6.8,3.8,POINT (1439485.4711477342 5861205.320767341),3.0,18.09451841288067,-0.7356099999999515,18.109464891767995,-2.328006252899041,6.036488297255999,1.7227645010115964,0.5742548336705321,-0.040631374120104057,-0.3984841155234713,23721.512622789345,10258.0,Discesa,170.96666666666667,21.731357870121595,Giro d'Italia-Valvan
1734869307.0,46.502329,12.93101,1704.527412,2.8,3.8,POINT (1439473.4486427286 5861216.479796856),2.0,16.40318768762742,-1.6111560000001646,16.482123345366283,-5.609719480841626,8.241061672683141,2.2045733754271426,1.1022866877135713,-0.09790807505395334,-0.9589444289922202,23732.80664756968,10260.0,Discesa,171.0,29.66782202165931,Giro d'Italia-Valvan
1734869309.0,46.502404,12.930892,1704.600094,2.8,3.8,POINT (1439460.3129428148 5861228.609192826),2.0,17.879285747112725,0.07268199999998615,17.879433478162337,0.23291472412929498,8.939716739081168,0.6986550663980271,0.34932753319901355,0.00406512881243048,0.039878803815049504,23745.117089194617,10262.0,Discesa,171.03333333333333,32.182980260692204,Giro d'Italia-Valvan
1734869311.0,46.5025,12.930778,1703.542272,4.5,3.8,POINT (1439447.6225208645 5861244.134844084),2.0,20.052248160112843,-1.0578219999999874,20.08013056875958,-3.0197415478283016,10.04006528437979,1.1003485452986208,0.5501742726493104,-0.05270443256887369,-0.5167911525508032,23758.917532381885,10264.0,Discesa,171.06666666666666,36.144235023767244,Giro d'Italia-Valvan
1734869313.0,46.502598,12.930651,1699.349494,2.6,3.8,POINT (1439433.4849455336 5861259.98397469),2.0,21.238313896883398,-4.192777999999862,21.648218507300623,-11.167491094835933,10.824109253650311,0.7840439692705221,0.39202198463526106,-0.19490948879203335,-1.8999786133037975,23773.536214427575,10266.0,Discesa,171.1,38.966793313141125,Giro d'Italia-Valvan
1734869315.0,46.502665,12.930503,1699.947163,13.0,3.8,POINT (1439417.0096608961 5861270.819621238),2.0,19.719184567415518,0.5976689999999962,19.72823986668246,1.73604699554099,9.86411993334123,-0.9599893203090808,-0.4799946601545404,0.030299736041545594,0.29719493120629414,23787.12026531281,10268.0,Discesa,171.13333333333333,35.51083176002843,Giro d'Italia-Valvan
1734869317.0,46.502732,12.930367,1695.79601,3.1,3.9,POINT (1439401.8702101484 5861281.655281143),2.0,18.617585625632262,-4.151153000000022,19.074762534751468,-12.569600022577722,9.537381267375734,-0.3267386659654967,-0.16336933298274836,-0.21938090605273483,-2.1349052632141094,23799.943934221177,10270.0,Discesa,171.16666666666666,34.334572562552644,Giro d'Italia-Valvan
1734869319.0,46.502794,12.930239,1695.716206,2.8,3.9,POINT (1439387.621315327 5861291.682321606),2.0,17.423333322771445,-0.07980399999996735,17.423516084729105,-0.26242971587511016,8.711758042364552,-0.8256232250111815,-0.41281161250559073,-0.004580262597093905,-0.04493221897305991,23811.945284250727,10272.0,Discesa,171.2,31.36232895251239,Giro d'Italia-Valvan
1734869321.0,46.50287,12.930119,1697.529802,6.3,3.9,POINT (1439374.2629764318 5861303.973548096),2.0,18.152671061193335,1.8135959999999614,18.243042430118443,5.7053707546389,9.121521215059222,0.4097631726946691,0.20488158634733455,0.09957750471544236,0.9752417574070246,23824.443924068706,10274.0,Discesa,171.23333333333332,32.837476374213196,Giro d'Italia-Valvan
1734869323.0,46.502913,12.929987,1694.819548,3.1,3.9,POINT (1439359.568803647 5861310.927802274),2.0,16.25670215643486,-2.710254000000077,16.481075260660337,-9.465078018487207,8.240537630330168,-0.8809835847290532,-0.4404917923645266,-0.16519677538074248,-1.6132194847422532,23835.646945153923,10276.0,Discesa,171.26666666666668,29.665935469188607,Giro d'Italia-Valvan
1734869325.0,46.502957,12.929846,1695.091847,2.9,3.9,POINT (1439343.872755445 5861318.043788986),2.0,17.233780666139193,0.2722989999999754,17.235931735592192,0.9052154981144415,8.617965867796096,0.3774282374659279,0.18871411873296395,0.015798990882177524,0.15498165292008104,23847.52376558176,10278.0,Discesa,171.3,31.024677124065946,Giro d'Italia-Valvan
1734869327.0,46.502988,12.929699,1695.065055,8.4,3.8,POINT (1439327.5087902984 5861323.057328539),2.0,17.114757788794076,-0.026791999999886684,17.114778759316508,-0.08969260854975361,8.557389379658254,-0.06057648813784233,-0.030288244068921166,-0.0015654313338956168,-0.015356875113317835,23859.32172922204,10280.0,Discesa,171.33333333333334,30.806601766769713,Giro d'Italia-Valvan
1734869329.0,46.503031,12.929562,1693.854924,8.1,3.8,POINT (1439312.25802006 5861330.011597809),2.0,16.76149915585513,-1.2101310000000467,16.805126330643677,-4.129422157637495,8.402563165321839,-0.1548262143364152,-0.0774131071682076,-0.0720720128555826,-0.7064145116453734,23870.872996267513,10282.0,Discesa,171.36666666666667,30.24922739515862,Giro d'Italia-Valvan
1734869331.0,46.50309,12.929455,1690.654141,3.0,3.8,POINT (1439300.346834545 5861339.553511111),2.0,15.261862593626923,-3.2007830000000013,15.59389180544221,-11.844647420547943,7.796945902721105,-0.6056172626007337,-0.30280863130036684,-0.20672809622641508,-2.013588501302904,23881.38344977693,10284.0,Discesa,171.4,28.06900524979598,Giro d'Italia-Valvan
1734869340.0,46.503182,12.929427,1689.464866,3.3,3.8,POINT (1439297.2298888029 5861354.432447429),9.0,15.201910955772396,-1.1892749999999523,15.248359640723905,-4.473249104080614,1.694262182302656,-6.102683720418449,-0.6780759689353832,-0.07807292512809323,-0.7651175618156957,23891.833671875593,10293.0,Discesa,171.55,6.099343856289562,Giro d'Italia-Valvan
1734869344.0,46.503268,12.929491,1685.778182,2.7,3.8,POINT (1439304.3543362136 5861368.341041104),4.0,15.62711518250794,-3.686684000000014,16.056100642535416,-13.274268583955845,4.014025160633854,2.319762978331198,0.5799407445827995,-0.23167969258407484,-2.2525002081881014,23902.581867313347,10297.0,Discesa,171.61666666666667,14.450490578281874,Giro d'Italia-Valvan
1734869346.0,46.503314,12.929617,1682.178008,2.7,3.8,POINT (1439318.3805920535 5861375.780530475),2.0,15.877085846957096,-3.6001739999999245,16.28014458848326,-12.775937518368634,8.14007229424163,4.126047133607776,2.063023566803888,-0.22298217472460619,-2.169373051206398,23913.52192964788,10299.0,Discesa,171.65,29.30426025926987,Giro d'Italia-Valvan
1734869348.0,46.50337,12.92975,1682.22276,2.5,3.8,POINT (1439333.1860843292 5861384.837308638),2.0,17.35591634608622,0.04475200000001678,17.35597404220941,0.1477360797960144,8.677987021104705,0.5379147268630753,0.26895736343153764,0.002578481016429524,0.025294870742055907,23925.478957375173,10301.0,Discesa,171.68333333333334,31.24075327597694,Giro d'Italia-Valvan
1734869350.0,46.503388,12.929905,1680.406379,2.8,3.8,POINT (1439350.440605402 5861387.748417886),2.0,17.498372910301462,-1.8163810000000922,17.59239308465831,-5.926240948552497,8.796196542329154,0.11820952122444872,0.05910476061222436,-0.10343241681875295,-1.0128637715320237,23937.543503506244,10303.0,Discesa,171.71666666666667,31.666307552384957,Giro d'Italia-Valvan
1734869352.0,46.503435,12.930047,1678.674118,2.7,3.8,POINT (1439366.2479730945 5861395.349652134),2.0,17.540001010731793,-1.7322610000001077,17.625333007594318,-5.640275170663418,8.812666503797159,0.016469961468004612,0.008234980734002306,-0.09844137244656173,-0.9641508845636558,23949.6305873218,10305.0,Discesa,171.75,31.725599413669773,Giro d'Italia-Valvan
1734869354.0,46.503416,12.930209,1677.677501,4.2,3.8,POINT (1439384.281730603 5861392.276811967),2.0,18.293680782406256,-0.9966170000000147,18.32080789739549,-3.1183203277204123,9.160403948697745,0.3477374449005861,0.17386872245029306,-0.0544249568505898,-0.5336452859914561,23962.243439472724,10307.0,Discesa,171.78333333333333,32.97745421531188,Giro d'Italia-Valvan
1734869356.0,46.503447,12.930358,1674.335757,3.0,3.8,POINT (1439400.8683347313 5861397.290393846),2.0,17.3277649964648,-3.341743999999835,17.647059039235,-10.915757304287327,8.8235295196175,-0.336874429080245,-0.1684372145401225,-0.1905159053084344,-1.8576754668929527,23974.188217560495,10309.0,Discesa,171.81666666666666,31.764706270623,Giro d'Italia-Valvan
1734869358.0,46.503415,12.930525,1672.550962,3.9,3.8,POINT (1439419.4586896936 5861392.115083566),2.0,19.2972830761078,-1.784795000000031,19.379644664220795,-5.284221460474247,9.689822332110397,0.8662928124928975,0.43314640624644873,-0.09222706288981901,-0.9034654274299248,23987.491168495544,10311.0,Discesa,171.85,34.88336039559743,Giro d'Italia-Valvan
1734869360.0,46.503464,12.930674,1668.813965,3.1,3.8,POINT (1439436.045293822 5861400.039778671),2.0,18.382497899434927,-3.736996999999974,18.758501422041643,-11.491127136713521,9.379250711020822,-0.3105716210895757,-0.15528581054478785,-0.20055800330091952,-1.9543107279840346,24000.15890228419,10313.0,Discesa,171.88333333333333,33.76530255967496,Giro d'Italia-Valvan
1734869362.0,46.503486,12.930829,1665.834538,3.0,3.8,POINT (1439453.2998148948 5861403.597807369),2.0,17.617549933765346,-2.979426999999987,17.86770972780351,-9.59886641812303,8.933854863901756,-0.445395847119066,-0.222697923559533,-0.16753182345536158,-1.6358100347085116,24012.305089481095,10315.0,Discesa,171.91666666666666,32.161877510046324,Giro d'Italia-Valvan
1734869364.0,46.503459,12.930999,1662.572754,2.7,3.8,POINT (1439472.2241283297 5861399.231135987),2.0,19.421571974053187,-3.261784000000034,19.69356983398349,-9.533651572223611,9.846784916991744,0.9129300530899886,0.4564650265449943,-0.166393609673236,-1.6247994299532218,24025.694620908704,10317.0,Discesa,171.95,35.44842570117028,Giro d'Italia-Valvan
1734869366.0,46.503509,12.931132,1658.963783,2.7,3.8,POINT (1439487.0296206053 5861407.317566182),2.0,16.869883071138833,-3.6089710000001105,17.251597795935844,-12.075259482195845,8.625798897967922,-1.2209860190238224,-0.6104930095119112,-0.21075303599698308,-2.0522160282650237,24037.318348601508,10319.0,Discesa,171.98333333333332,31.05287603268452,Giro d'Italia-Valvan
1734869369.0,46.503609,12.931243,1653.486927,2.5,3.8,POINT (1439499.3860840835 5861423.490448886),3.0,20.352993013728565,-5.476855999999998,21.077008237926457,-15.061148941625438,7.025669412642152,-1.6001294853257697,-0.5333764951085899,-0.26286663816462313,-2.5491263633574266,24051.32406119667,10322.0,Discesa,172.03333333333333,25.29240988551175,Giro d'Italia-Valvan
1734869372.0,46.503619,12.931425,1649.245957,2.5,3.8,POINT (1439519.6462314078 5861425.107738792),3.0,20.324595844529874,-4.240969999999834,20.762346273588147,-11.786333421611802,6.920782091196049,-0.10488732144610324,-0.03496244048203442,-0.20571032494497493,-2.003815712915012,24065.338084309773,10325.0,Discesa,172.08333333333334,24.914815528305777,Giro d'Italia-Valvan
1734869374.0,46.503644,12.931596,1648.882821,2.8,3.8,POINT (1439538.6818643333 5861429.150964861),2.0,19.460292852907678,-0.36313600000016777,19.463680681603513,-1.0690355940454523,9.731840340801757,2.8110582496057077,1.4055291248028539,-0.01865819093710663,-0.18302623323288927,24078.75458629848,10327.0,Discesa,172.11666666666667,35.03462522688633,Giro d'Italia-Valvan
1734869376.0,46.503732,12.93175,1645.44547,2.5,3.8,POINT (1439555.8250659155 5861443.38313541),2.0,22.281024191625416,-3.437351000000035,22.54460957579435,-8.770028020409686,11.272304787897175,1.5404644470954185,0.7702322235477093,-0.1530658644483095,-1.4957195509034327,24094.097943486977,10329.0,Discesa,172.15,40.58029723642983,Giro d'Italia-Valvan
1734869378.0,46.503815,12.931925,1640.838926,2.5,3.8,POINT (1439575.305976804 5861456.806681019),2.0,23.657926066630893,-4.606543999999985,24.1022346142035,-11.01845586689488,12.05111730710175,0.7788125192045747,0.38940625960228736,-0.19230833336300174,-1.8749380446811008,24110.393916242137,10331.0,Discesa,172.18333333333334,43.3840223055663,Giro d'Italia-Valvan
1734869380.0,46.503887,12.932112,1637.906982,2.6,3.8,POINT (1439596.1227215827 5861468.45121911),2.0,23.852298222967892,-2.9319439999999304,24.03182111569019,-7.007690859099817,12.015910557845094,-0.035206749256655456,-0.017603374628327728,-0.12230727845320184,-1.196845237051993,24126.82812614151,10333.0,Discesa,172.21666666666667,43.25727800824234,Giro d'Italia-Valvan
1734869382.0,46.503999,12.932286,1634.646588,2.8,3.8,POINT (1439615.4923129806 5861486.564975682),2.0,26.519601204934297,-3.2603939999999056,26.719270519682755,-7.00893154798882,13.359635259841378,1.3437247019962832,0.6718623509981416,-0.12232893255930785,-1.1970560766783551,24145.086799493325,10335.0,Discesa,172.25,48.09468693542896,Giro d'Italia-Valvan
1734869384.0,46.504068,12.932495,1632.572055,3.2,3.8,POINT (1439638.7580865563 5861497.724362147),2.0,25.80364560213741,-2.074532999999974,25.886904286314234,-4.596516371864787,12.943452143157117,-0.41618311668426067,-0.20809155834213033,-0.08022434481086459,-0.7861569118080646,24162.86832874586,10337.0,Discesa,172.28333333333333,46.59642771536562,Giro d'Italia-Valvan
1734869386.0,46.504109,12.932711,1631.974609,3.8,3.8,POINT (1439662.8030965677 5861504.355308641),2.0,24.942573200278204,-0.5974459999999908,24.9497274448871,-1.3721354921732516,12.47486372244355,-0.46858842071356754,-0.23429421035678377,-0.023948282121896123,-0.23491019182259576,24180.062829441973,10339.0,Discesa,172.31666666666666,44.90950940079678,Giro d'Italia-Valvan
1734869388.0,46.50413,12.932921,1628.907371,3.1,3.8,POINT (1439686.1801896344 5861507.751649025),2.0,23.622523325290164,-3.0672380000000885,23.820821925418997,-7.398110623613954,11.910410962709499,-0.564452759734051,-0.2822263798670255,-0.12912138880883445,-1.263164003081376,24196.34991513461,10341.0,Discesa,172.35,42.8774794657542,Giro d'Italia-Valvan
1734869390.0,46.504133,12.933121,1626.602609,2.9,3.8,POINT (1439708.4440877931 5861508.236840615),2.0,22.26918436088703,-2.3047619999999824,22.388133016752857,-5.9088223448527435,11.194066508376428,-0.7163444543330701,-0.3581722271665351,-0.10312840483309219,-1.009897306000512,24211.704892631442,10343.0,Discesa,172.38333333333333,40.29863943015514,Giro d'Italia-Valvan
1734869392.0,46.504108,12.933326,1626.157753,2.7,3.8,POINT (1439731.2645834056 5861504.193578179),2.0,23.17591402997577,-0.4448560000000725,23.18018308783526,-1.0996434336828271,11.59009154391763,0.39602503554120183,0.19801251777060092,-0.01919239851570125,-0.18826587104443177,24227.68355720446,10345.0,Discesa,172.41666666666666,41.72432955810347,Giro d'Italia-Valvan
1734869394.0,46.50409,12.933519,1626.172942,6.7,3.8,POINT (1439752.7492451288 5861501.282430375),2.0,21.6809933097955,0.015188999999963926,21.68099863025498,0.04013955634841844,10.84049931512749,-0.7495922287901404,-0.3747961143950702,0.000700567418569694,0.006872565813998845,24242.63214204743,10347.0,Discesa,172.45,39.02579753445897,Giro d'Italia-Valvan
1734869396.0,46.504029,12.933675,1624.470495,3.1,3.8,POINT (1439770.1150856924 5861491.416881101),2.0,19.972518142493108,-1.7024469999998928,20.04494466792126,-4.872085239205735,10.02247233396063,-0.8180269811668595,-0.40901349058342973,-0.0850339288619556,-0.8331779082795996,24256.39288690689,10349.0,Discesa,172.48333333333332,36.08090040225827,Giro d'Italia-Valvan
1734869398.0,46.503917,12.933811,1620.242676,2.5,3.8,POINT (1439785.2545364406 5861473.3031145325),2.0,23.607446034324553,-4.227818999999954,23.98303487385003,-10.153372293559782,11.991517436925015,1.969045102964385,0.9845225514821925,-0.17720977670338645,-1.72934345499459,24272.64020885354,10351.0,Discesa,172.51666666666668,43.16946277293005,Giro d'Italia-Valvan
1734869400.0,46.503815,12.933949,1618.756235,2.5,3.8,POINT (1439800.6166261698 5861456.806681019),2.0,22.54165298960498,-1.4864410000000134,22.590609251417902,-3.772734505389007,11.295304625708951,-0.6962128112160642,-0.3481064056080321,-0.06584663892263792,-0.6454888421871531,24288.156682776353,10353.0,Discesa,172.55,40.66309665255223,Giro d'Italia-Valvan
1734869402.0,46.503749,12.934088,1616.744755,2.7,3.8,POINT (1439816.09003539 5861446.132534647),2.0,18.797973126611787,-2.0114800000001196,18.905286177659924,-6.107703159473484,9.452643088829962,-1.842661536878989,-0.9213307684394945,-0.10659952986727259,-1.0437619729511896,24301.10501685893,10355.0,Discesa,172.58333333333334,34.02951511978787,Giro d'Italia-Valvan
1734869404.0,46.503645,12.93421,1615.053412,2.9,3.8,POINT (1439829.671013267 5861429.312693941),2.0,21.618279336399407,-1.6913429999999607,21.684340954021234,-4.473520554362082,10.842170477010617,1.389527388180655,0.6947636940903275,-0.07807766282926032,-0.7651638970804283,24315.982623996002,10357.0,Discesa,172.61666666666667,39.03181371723822,Giro d'Italia-Valvan
1734869406.0,46.503513,12.934281,1611.928703,2.5,3.8,POINT (1439837.5746971134 5861407.964480919),2.0,22.764323350372123,-3.124708999999939,22.97777674047204,-7.815772873347584,11.48888837023602,0.6467178932254036,0.3233589466127018,-0.1364109702279731,-1.3340453097887344,24331.635262501506,10359.0,Discesa,172.65,41.359998132849675,Giro d'Italia-Valvan
1734869409.0,46.503401,12.934331,1607.204009,2.7,3.8,POINT (1439843.140671653 5861389.850886275),3.0,18.94946921405653,-4.7246939999999995,19.529595922294764,-14.000172751346184,6.509865307431588,-4.9790230628044325,-1.6596743542681442,-0.2443491103589843,-2.3732824951635703,24344.66342778343,10362.0,Discesa,172.7,23.43551510675372,Giro d'Italia-Valvan
1734869412.0,46.503335,12.934435,1607.716139,5.1,3.8,POINT (1439854.7178986955 5861379.176821193),3.0,15.746994995109725,0.5121300000000701,15.75532064138686,1.8627394462750764,5.251773547128953,-1.2580917603026354,-0.4193639201008785,0.032510936444276106,0.31887610632330826,24355.50554883314,10365.0,Discesa,172.75,18.906384769664232,Giro d'Italia-Valvan
1734869426.0,46.503274,12.934533,1602.704049,2.9,3.8,POINT (1439865.627208793 5861369.311408926),14.0,14.708480750961641,-5.012090000000171,15.538997785234118,-18.8171548699164,1.1099284132310083,-4.141845133897944,-0.2958460809927103,-0.3284213083377265,-3.1642068284946907,24365.632953633067,10379.0,Discesa,172.98333333333332,3.99574228763163,Giro d'Italia-Valvan
1734869433.0,46.50318,12.934557,1600.598755,2.7,3.8,POINT (1439868.2988765722 5861354.108992023),7.0,15.435390775632714,-2.105293999999958,15.5783038621964,-7.766871447830719,2.2254719803137712,1.115543567082763,0.15936336672610898,-0.13555747934378504,-1.325749858437266,24376.24324889531,10386.0,Discesa,173.1,8.011699129129576,Giro d'Italia-Valvan
1734869436.0,46.503067,12.934586,1597.280156,2.5,3.8,POINT (1439871.527141805 5861335.833780967),3.0,18.55815280626001,-3.3185989999999492,18.85253656416815,-10.138563136640013,6.284178854722717,4.058706874408946,1.3529022914696487,-0.17695130815569196,-1.7268475294659098,24389.000168658426,10389.0,Discesa,173.15,22.623043877001784,Giro d'Italia-Valvan
1734869438.0,46.502964,12.934657,1596.317443,2.7,3.8,POINT (1439879.4308256516 5861319.175878312),2.0,18.43783987308605,-0.9627130000001216,18.46295630460981,-2.9889264137315608,9.231478152304906,2.9472992975821883,1.4736496487910942,-0.052166607019441986,-0.5115223355451031,24401.680628974093,10391.0,Discesa,173.18333333333334,33.233321348297665,Giro d'Italia-Valvan
1734869440.0,46.502861,12.934788,1595.26065,4.1,3.8,POINT (1439894.0136789454 5861302.518007222),2.0,22.139202322234404,-1.0567929999999706,22.164410457074606,-2.7328831600080647,11.082205228537303,1.8507270762323973,0.9253635381161986,-0.04769780921444775,-0.46773810429461027,24416.918857300807,10393.0,Discesa,173.21666666666667,39.895938822734294,Giro d'Italia-Valvan
1734869442.0,46.502734,12.93495,1589.983799,3.0,3.8,POINT (1439912.047436454 5861281.978733882),2.0,27.332730547664184,-5.276850999999851,27.837444488807055,-10.92707602646207,13.918722244403527,2.8365170158662245,1.4182585079331123,-0.19071345427750214,-1.8595783219545425,24435.731874095865,10395.0,Discesa,173.25,50.1074000798527,Giro d'Italia-Valvan
1734869444.0,46.502641,12.935143,1584.730981,4.1,3.8,POINT (1439933.5320981771 5861266.938194075),2.0,26.226103924484583,-5.252818000000161,26.74697410921451,-11.325890741276368,13.373487054607255,-0.5452351897962728,-0.2726175948981364,-0.19767408415641385,-1.9265784746188954,24453.796809511357,10397.0,Discesa,173.28333333333333,48.14455339658612,Giro d'Italia-Valvan
1734869446.0,46.502592,12.935385,1580.804404,3.0,3.8,POINT (1439960.471414949 5861259.013618933),2.0,28.080699409264177,-3.926576999999952,28.353900723716624,-7.960162798641284,14.176950361858312,0.8034633072510573,0.40173165362552865,-0.1389310498310568,-1.3585333723687514,24473.154590463637,10399.0,Discesa,173.31666666666666,51.03702130268992,Giro d'Italia-Valvan
1734869448.0,46.50255,12.935628,1578.587987,2.7,3.8,POINT (1439987.5220512117 5861252.2211316405),2.0,27.890407057494347,-2.216416999999865,27.978336443588258,-4.543677647979422,13.989168221794129,-0.1877821400641828,-0.0938910700320914,-0.0793021351065128,-0.7771387985786228,24492.38244966586,10401.0,Discesa,173.35,50.36100559845887,Giro d'Italia-Valvan
1734869449.0,46.502541,12.935759,1577.891679,2.7,3.8,POINT (1440002.1049045057 5861250.765599331),1.0,14.655312500863394,-0.6963080000000446,14.671844782740408,-2.7202101566367887,14.671844782740408,0.6826765609462786,0.6826765609462786,-0.04747662357950264,-0.46557072959468593,24502.48752667491,10402.0,Discesa,173.36666666666667,52.81864121786547,Giro d'Italia-Valvan
1734869451.0,46.502534,12.936012,1577.189095,4.5,3.8,POINT (1440030.2687356765 5861249.633518812),2.0,28.186574685878085,-0.7025840000001153,28.195329698367413,-1.4278699868704452,14.097664849183706,-0.5741799335567013,-0.28708996677835064,-0.024921032561297473,-0.2444500246578148,24521.923142133386,10404.0,Discesa,173.4,50.75159345706135,Giro d'Italia-Valvan
1734869453.0,46.502472,12.936237,1573.680742,2.9,3.8,POINT (1440055.315621105 5861239.606526302),2.0,26.97938191405964,-3.5083529999999428,27.20653578163337,-7.409070162078479,13.603267890816685,-0.49439695836702136,-0.24719847918351068,-0.12931266883953937,-1.2650248163249682,24540.51829598956,10406.0,Discesa,173.43333333333334,48.97176440694007,Giro d'Italia-Valvan
1734869455.0,46.502406,12.936353,1570.257745,2.6,3.8,POINT (1440068.228682037 5861228.932643615),2.0,16.753474692078708,-3.4229969999998957,17.099585454628134,-11.547491921156848,8.549792727314067,-5.053475163502618,-2.526737581751309,-0.20154175437163244,-1.963766938040618,24552.05556341924,10408.0,Discesa,173.46666666666667,30.77925381833064,Giro d'Italia-Valvan
1734869457.0,46.502372,12.936495,1567.46423,2.5,3.8,POINT (1440084.0360497297 5861223.433981833),2.0,16.73643196028847,-2.7935150000000704,16.967966313515323,-9.476010539985968,8.483983156757661,-0.06580957055640546,-0.03290478527820273,-0.16538758387644092,-1.6150658036238883,24563.592041774904,10410.0,Discesa,173.5,30.54233936432758,Giro d'Italia-Valvan
1734869467.0,46.502387,12.936624,1566.38029,2.7,3.8,POINT (1440098.3962640418 5861225.859861606),10.0,14.563675626748678,-1.0839399999999841,14.603957466548355,-4.256541535347432,1.4603957466548354,-7.0235874101028255,-0.7023587410102825,-0.07429066453970729,-0.7281212249732101,24573.63339353218,10420.0,Discesa,173.66666666666666,5.257424687957408,Giro d'Italia-Valvan
1734869472.0,46.50236,12.936794,1565.244146,3.2,3.8,POINT (1440117.3205774769 5861221.493278494),5.0,19.421552128014508,-1.1361440000000584,19.454755466207253,-3.34793797274417,3.8909510932414504,2.430555346586615,0.486111069317323,-0.05843254077692994,-0.5728970821226892,24587.023181081393,10425.0,Discesa,173.75,14.007423935669221,Giro d'Italia-Valvan
1734869476.0,46.502416,12.936954,1563.670838,2.8,3.8,POINT (1440135.1316960037 5861230.549897734),4.0,19.98144877718603,-1.5733079999999973,20.04329297541133,-4.502091392908226,5.010823243852832,1.119872150611382,0.2799680376528455,-0.07857631803194623,-0.7700407063317517,24600.792189653057,10429.0,Discesa,173.81666666666666,18.038963677870196,Giro d'Italia-Valvan
1734869478.0,46.502409,12.937095,1561.855594,2.6,3.8,POINT (1440150.8277442055 5861229.4178198185),2.0,15.73682082121283,-1.8152439999998933,15.84116915945579,-6.579993564046434,7.920584579727895,2.9097613358750625,1.4548806679375312,-0.11484255245264666,-1.124130640911022,24611.643172442517,10431.0,Discesa,173.85,28.514104487020422,Giro d'Italia-Valvan
1734869480.0,46.502425,12.937237,1561.655028,2.9,3.8,POINT (1440166.6351118982 5861232.0054266965),2.0,16.017758355258064,-0.20056600000020808,16.01901399736562,-0.7173903199736802,8.00950699868281,0.08892241895491448,0.04446120947745724,-0.01252082310547636,-0.12282606534494647,24622.687134306194,10433.0,Discesa,173.88333333333333,28.834225195258114,Giro d'Italia-Valvan
1734869482.0,46.502438,12.93737,1558.99533,2.8,3.8,POINT (1440181.4406041736 5861234.107857845),2.0,14.954023480323578,-2.659697999999935,15.188706715888372,-10.085073156227242,7.594353357944186,-0.41515364073862315,-0.20757682036931158,-0.17601773188066186,-1.7178314038222764,24632.99787445902,10435.0,Discesa,173.91666666666666,27.33967208859907,Giro d'Italia-Valvan
1734869484.0,46.502437,12.937517,1556.282152,2.6,3.8,POINT (1440197.8045693203 5861233.946132354),2.0,16.36476429579555,-2.713177999999971,16.588153764558268,-9.413660671252138,8.294076882279134,0.6997235243349476,0.3498617621674738,-0.16429937337884934,-1.6045351735807527,24644.2820189285,10437.0,Discesa,173.95,29.85867677620488,Giro d'Italia-Valvan
1734869486.0,46.502461,12.937687,1554.181579,2.5,3.8,POINT (1440216.7288827552 5861237.827544955),2.0,19.31825568610583,-2.1005729999999403,19.432123138815506,-6.205683265934689,9.716061569407753,1.421984687128619,0.7109923435643095,-0.10830960532647518,-1.0604410533421262,24657.60100347901,10439.0,Discesa,173.98333333333332,34.97782164986791,Giro d'Italia-Valvan
1734869488.0,46.502451,12.937827,1551.023312,2.8,3.8,POINT (1440232.3136114662 5861236.210289495),2.0,15.668416774470067,-3.1582670000000235,15.983552003912775,-11.396345478784694,7.991776001956388,-1.724285567451365,-0.8621427837256825,-0.1989037512995625,-1.9384051343791224,24668.40462301748,10441.0,Discesa,174.01666666666668,28.770393607042998,Giro d'Italia-Valvan
1734869491.0,46.502474,12.938002,1547.1449,2.5,3.8,POINT (1440251.7945223548 5861239.929977496),3.0,19.832850724910543,-3.8784120000000257,20.208514233320788,-11.06483696932335,6.7361714111069295,-1.2556045908494582,-0.41853486361648606,-0.19311783631108326,-1.8827322622890375,24682.078617790703,10444.0,Discesa,174.06666666666666,24.250217079984946,Giro d'Italia-Valvan
1734869494.0,46.502478,12.938198,1544.464836,2.5,3.8,POINT (1440273.6131425507 5861240.576879917),3.0,21.82820812600671,-2.680063999999902,21.992121612894945,-6.999733784847162,7.330707204298315,0.594535793191385,0.19817859773046168,-0.12216840130866735,-1.195493018035296,24697.129972313072,10447.0,Discesa,174.11666666666667,26.390545935473934,Giro d'Italia-Valvan
1734869497.0,46.502461,12.93835,1547.458319,6.5,3.8,POINT (1440290.5337051512 5861237.827544955),3.0,17.142470109373594,2.9934829999999693,17.401874092236618,9.905329114060711,5.800624697412206,-1.5300825068861084,-0.5100275022953694,0.17288060653401235,1.6875233135436023,24708.949405803643,10450.0,Discesa,174.16666666666666,20.88224891068394,Giro d'Italia-Valvan
1734869500.0,46.502428,12.938548,1542.980946,3.2,3.8,POINT (1440312.5749643282 5861232.490603072),3.0,22.678184556334056,-4.477373000000171,23.11594522731612,-11.168322323727654,7.705315075772041,1.9046903783598346,0.6348967927866115,-0.1949239964730316,-1.9001182386475728,24724.584150706632,10453.0,Discesa,174.21666666666667,27.739134272779346,Giro d'Italia-Valvan
1734869502.0,46.502406,12.938704,1540.892791,3.2,3.8,POINT (1440329.9408048918 5861228.932643615),2.0,17.726575923618274,-2.088154999999915,17.849142424212648,-6.7183662774423,8.924571212106324,1.219256136334283,0.6096280681671415,-0.11725761189632297,-1.1476630116532216,24736.805760943884,10455.0,Discesa,174.25,32.128456363582764,Giro d'Italia-Valvan
1734869505.0,46.50238,12.938892,1537.469789,2.8,3.8,POINT (1440350.868869161 5861224.727784296),3.0,21.346304503391146,-3.4230019999999968,21.619011509398412,-9.110148262272444,7.206337169799471,-1.718234042306853,-0.572744680768951,-0.15900208252149406,-1.553246299230745,24751.523073515556,10458.0,Discesa,174.3,25.942813811278096,Giro d'Italia-Valvan
1734869508.0,46.502362,12.939053,1534.635609,2.6,3.8,POINT (1440368.7913071788 5861221.81672902),3.0,18.157313328713094,-2.8341800000000603,18.37717615928689,-8.871725372073596,6.125725386428964,-1.0806117833705073,-0.36020392779016913,-0.15484081807540326,-1.512925901074862,24764.042247004163,10461.0,Discesa,174.35,22.052611391144268,Giro d'Italia-Valvan
1734869511.0,46.502358,12.939196,1532.633171,3.0,3.8,POINT (1440384.7099943624 5861221.16982798),3.0,15.931826091401533,-2.0024379999999837,16.057174114722258,-7.163821292147136,5.352391371574086,-0.7733340148548775,-0.25777800495162584,-0.12503226857244212,-1.223373218702849,24775.02782512592,10464.0,Discesa,174.4,19.26860893766671,Giro d'Italia-Valvan
1734869513.0,46.502337,12.93935,1530.651645,2.6,3.8,POINT (1440401.8531959443 5861217.773598296),2.0,17.47637652794682,-1.9815260000000308,17.588353585121226,-6.468748160063842,8.794176792560613,3.441785420986527,1.7208927104932634,-0.1129009538754392,-1.1052069180849553,24787.07704696614,10466.0,Discesa,174.43333333333334,31.659036453218206,Giro d'Italia-Valvan
1734869515.0,46.502322,12.939507,1522.0128,8.8,4.1,POINT (1440419.330355999 5861215.347720752),2.0,17.644716076985212,-8.638844999999947,19.646008459008776,-26.086349137453627,9.823004229504388,1.028827436943775,0.5144137184718875,-0.4552926822733486,-4.313704212579542,24799.243065213763,10468.0,Discesa,174.46666666666667,35.3628152262158,Giro d'Italia-Valvan
1734869517.0,46.50226,12.939697,1525.530657,2.7,4.1,POINT (1440440.4810592497 5861205.320767341),2.0,23.407093854024172,3.517857000000049,23.66996748125239,8.547026710668343,11.834983740626194,2.0119795111218064,1.0059897555609032,0.14917375735706334,1.4579731551103312,24815.373804556944,10470.0,Discesa,174.5,42.6059414662543,Giro d'Italia-Valvan
1734869519.0,46.502247,12.939871,1524.591268,2.7,4.2,POINT (1440459.8506506477 5861203.218343075),2.0,19.48335850710367,-0.9393890000001193,19.505991654095677,-2.760375012544661,9.752995827047839,-2.081987913578356,-1.040993956789178,-0.04817763255868411,-0.4724397638130954,24828.80789394607,10472.0,Discesa,174.53333333333333,35.11078497737222,Giro d'Italia-Valvan
1734869522.0,46.5023,12.940044,1519.00161,2.5,3.8,POINT (1440479.1089225549 5861211.789768231),3.0,21.07961968473203,-5.589657999999872,21.808132487902412,-14.8512649715134,7.269377495967471,-2.4836183310803674,-0.8278727770267892,-0.2592034718390107,-2.5144081003000616,24843.335524306178,10475.0,Discesa,174.58333333333334,26.169758985482897,Giro d'Italia-Valvan
1734869524.0,46.502305,12.940183,1515.995798,2.5,3.8,POINT (1440494.5823317752 5861212.59839368),2.0,15.494523807337993,-3.0058120000001054,15.78338283751327,-10.978554066577107,7.891691418756635,0.6223139227891643,0.31115696139458215,-0.19161191556998328,-1.8682316727385941,24854.019541240057,10477.0,Discesa,174.61666666666667,28.410089107523888,Giro d'Italia-Valvan
1734869527.0,46.502371,12.940356,1519.013197,6.7,3.8,POINT (1440513.8406036824 5861223.272256536),3.0,22.01845555752258,3.0173990000000686,22.22424536095204,7.803181971431061,7.408081786984013,-0.4836096317726222,-0.16120321059087406,0.13619121753373412,1.33190952985108,24869.190816468374,10480.0,Discesa,174.66666666666666,26.669094433142448,Giro d'Italia-Valvan
1734869530.0,46.50231,12.940514,1513.932408,2.9,3.8,POINT (1440531.4290832276 5861213.4070192),3.0,20.166247058376733,-5.080789000000095,20.796440495479274,-14.141090731289669,6.932146831826425,-0.4759349551575882,-0.1586449850525294,-0.24680859308425745,-2.3966861108195756,24883.085681690474,10483.0,Discesa,174.71666666666667,24.95572859457513,Giro d'Italia-Valvan
1734869533.0,46.502236,12.940627,1510.086473,3.0,3.8,POINT (1440544.0081856872 5861201.43936909),3.0,17.362559369000408,-3.8459349999998267,17.783410355336446,-12.489771659698754,5.927803451778815,-1.0043433800476098,-0.3347811266825366,-0.21798763828402,-2.1215628271591167,24895.039794957178,10486.0,Discesa,174.76666666666668,21.340092426403736,Giro d'Italia-Valvan
1734869536.0,46.50211,12.940612,1507.022059,2.6,3.8,POINT (1440542.3383933255 5861181.062056386),3.0,20.445612721747004,-3.06441400000017,20.673986377354996,-8.524111361342868,6.891328792451666,0.9635253406728506,0.32117511355761685,-0.14877380906208915,-1.4540931193090856,24909.093342508808,10489.0,Discesa,174.81666666666666,24.808783652825998,Giro d'Italia-Valvan
1734869538.0,46.502016,12.940644,1504.653958,2.6,3.8,POINT (1440545.9006170311 5861165.859964965),2.0,15.613872719536431,-2.368100999999797,15.792432480402885,-8.624123486798917,7.896216240201443,1.004887447749777,0.5024437238748884,-0.15051934994321484,-1.4710254952063826,24919.82731214699,10491.0,Discesa,174.85,28.426378464725193,Giro d'Italia-Valvan
1734869541.0,46.502069,12.940793,1502.178421,2.8,3.8,POINT (1440562.487221159 5861174.431353703),3.0,18.670408174362404,-2.475537000000031,18.833810682803087,-7.552876541435278,6.277936894267696,-1.6182793459337468,-0.5394264486445822,-0.13182256364468753,-1.2894372986436915,24932.692759605306,10494.0,Discesa,174.9,22.600572819363705,Giro d'Italia-Valvan
1734869543.0,46.502139,12.940922,1498.589376,2.5,3.8,POINT (1440576.8474354714 5861185.752068617),2.0,18.285905535835116,-3.5890450000001692,18.6347950157095,-11.104504496379052,9.31739750785475,3.039460613587054,1.519730306793527,-0.1938101652643292,-1.889397303287757,24945.28631967234,10496.0,Discesa,174.93333333333334,33.5426310282771,Giro d'Italia-Valvan
1734869545.0,46.502202,12.941044,1491.199553,8.5,3.8,POINT (1440590.428413348 5861195.9407245),2.0,16.97797599215856,-7.3898229999999785,18.516510274931427,-23.521534868569024,9.258255137465714,-0.05914237038903636,-0.02957118519451818,-0.41052822857918114,-3.915109410661792,24956.97995253008,10498.0,Discesa,174.96666666666667,33.32971849487657,Giro d'Italia-Valvan
1734869547.0,46.502267,12.941193,1494.251992,2.7,3.8,POINT (1440607.0150174764 5861206.452842154),2.0,19.63721095432446,3.0524390000000494,19.873032931924655,8.835438137960688,9.936516465962328,0.6782613284966139,0.33913066424830696,0.154207486363691,1.50678694553446,24970.508294747924,10500.0,Discesa,175.0,35.77145927746438,Giro d'Italia-Valvan
1734869549.0,46.502283,12.941354,1493.356938,2.7,3.8,POINT (1440624.9374554942 5861209.04044227),2.0,18.108270454824957,-0.8950540000000728,18.130377285870324,-2.8297078147031005,9.065188642935162,-0.8713278230271655,-0.43566391151358275,-0.04938771823598271,-0.4842965814530329,24982.993885650412,10502.0,Discesa,175.03333333333333,32.63467911456659,Giro d'Italia-Valvan
1734869551.0,46.502266,12.941516,1488.550746,2.5,3.8,POINT (1440642.9712130027 5861206.29111717),2.0,18.24212702462852,-4.80619200000001,18.864640996413005,-14.760105920694127,9.432320498206503,0.3671318552713405,0.18356592763567026,-0.25761244625922153,-2.499318355910677,24995.57167856704,10504.0,Discesa,175.06666666666666,33.95635379354341,Giro d'Italia-Valvan
1734869553.0,46.502312,12.941639,1486.551467,2.5,3.8,POINT (1440656.66351037 5861213.730469429),2.0,15.582777968989276,-1.9992789999998877,15.710508768039885,-7.311138382871378,7.8552543840199425,-1.57706611418656,-0.78853305709328,-0.12760343685003933,-1.2483954071492427,25006.30886007847,10506.0,Discesa,175.1,28.278915782471792,Giro d'Italia-Valvan
1734869555.0,46.502436,12.941662,1486.855696,2.7,3.8,POINT (1440659.2238586587 5861233.784406867),2.0,20.216720558093115,0.3042290000000776,20.219009506117402,0.8621438901857149,10.109504753058701,2.2542503690387585,1.1271251845193793,0.015047249509693153,0.14760794731798232,25020.205441212554,10508.0,Discesa,175.13333333333333,36.39421711101132,Giro d'Italia-Valvan
1734869557.0,46.502554,12.941665,1487.388526,6.6,3.8,POINT (1440659.5578171308 5861252.868034966),2.0,19.086549968440107,0.5328299999998762,19.093985898880852,1.5990832935532722,9.546992949440426,-0.5625118036182748,-0.2812559018091374,0.027909268486139616,0.27375438149376435,25033.32447601784,10510.0,Discesa,175.16666666666666,34.369174617985536,Giro d'Italia-Valvan
1734869559.0,46.502659,12.941603,1483.91361,4.3,3.8,POINT (1440652.6560087018 5861269.849264287),2.0,18.330223916990196,-3.4749159999998938,18.65669183038769,-10.734353759628911,9.328345915193845,-0.21864703424658138,-0.10932351712329069,-0.18734981617935648,-1.8271688394657153,25045.929327666265,10512.0,Discesa,175.2,33.58204529469784,Giro d'Italia-Valvan
1734869561.0,46.502751,12.941507,1478.652036,3.2,3.8,POINT (1440641.9693375854 5861284.728082651),2.0,18.318956723986226,-5.26157400000011,19.05959958689472,-16.025133577470115,9.52979979344736,0.20145387825351513,0.10072693912675756,-0.2796913439987513,-2.708138788786098,25058.534397875188,10514.0,Discesa,175.23333333333332,34.307279256410496,Giro d'Italia-Valvan
1734869563.0,46.502846,12.94144,1476.135995,3.0,3.9,POINT (1440634.5109317023 5861300.092106295),2.0,17.078672103994826,-2.516040999999859,17.263009678194916,-8.380569313772373,8.631504839097458,-0.8982949543499021,-0.44914747717495107,-0.14626852771692966,-1.4297832573873352,25070.28041026956,10516.0,Discesa,175.26666666666668,31.07341742075085,Giro d'Italia-Valvan
1734869565.0,46.502948,12.941482,1475.042786,2.6,3.9,POINT (1440639.1863503158 5861316.588245782),2.0,17.145907884802263,-1.0932090000001153,17.18072359104254,-3.648193591004243,8.59036179552127,-0.04114304357618792,-0.02057152178809396,-0.06367298991317942,-0.6242100475670576,25082.06825979055,10518.0,Discesa,175.3,30.925302463876573,Giro d'Italia-Valvan
1734869567.0,46.503005,12.941611,1473.367116,2.6,3.9,POINT (1440653.546564628 5861325.80669015),2.0,17.064450523026824,-1.675670000000082,17.146525642290648,-5.60826740958022,8.573262821145324,-0.017098974375945986,-0.008549487187972993,-0.09788273162946821,-0.9586970003682197,25093.82383552333,10520.0,Discesa,175.33333333333334,30.863746156123167,Giro d'Italia-Valvan
1734869569.0,46.503032,12.941756,1472.143597,2.7,3.8,POINT (1440669.687890793 5861330.173325068),2.0,16.721540326095102,-1.2235189999998966,16.766243157624352,-4.184887697396691,8.383121578812176,-0.1901412423331479,-0.09507062116657394,-0.07304006914577639,-0.7158861575105343,25105.35137287298,10522.0,Discesa,175.36666666666667,30.179237683723834,Giro d'Italia-Valvan
1734869571.0,46.503102,12.941856,1469.651168,2.8,3.8,POINT (1440680.8198398722 5861341.494240507),2.0,15.877135026889343,-2.492428999999902,16.071577986685593,-8.921611710878837,8.035788993342797,-0.3473325854693794,-0.1736662927346897,-0.15571149893932013,-1.5213645175511148,25116.281452923522,10524.0,Discesa,175.4,28.928840376034067,Giro d'Italia-Valvan
1734869573.0,46.503217,12.941936,1466.516139,2.6,3.8,POINT (1440689.7253991358 5861360.092918945),2.0,20.62085898885844,-3.1350290000000314,20.857809862716294,-8.644590738801654,10.428904931358147,2.3931159380153506,1.1965579690076753,-0.150876570879498,-1.4744901162885165,25130.463352904204,10526.0,Discesa,175.43333333333334,37.54405775288933,Giro d'Italia-Valvan
1734869575.0,46.50334,12.942075,1458.492189,8.5,3.8,POINT (1440705.1988083562 5861379.985462033),2.0,25.201977371503958,-8.023950000000013,26.44850538378866,-17.66073288475913,13.22425269189433,2.795347760536183,1.3976738802680915,-0.3082379371542831,-2.9761587037824695,25147.806399422992,10528.0,Discesa,175.46666666666667,47.60730969081959,Giro d'Italia-Valvan
1734869577.0,46.503498,12.942218,1459.981745,2.7,3.8,POINT (1440721.1174955396 5861405.538550901),2.0,30.105895640904777,1.4895559999999932,30.14272266100369,2.832526016502603,15.071361330501844,1.847108638607514,0.923554319303757,0.04943690513636966,0.48477851600660177,25168.51764585401,10530.0,Discesa,175.5,54.25690078980664,Giro d'Italia-Valvan
1734869578.0,46.503573,12.942295,1459.316061,2.7,3.8,POINT (1440729.6890963307 5861417.668207686),1.0,14.852639962221685,-0.6656840000000557,14.867550202882809,-2.566235756345636,14.867550202882809,-0.2038111276190353,-0.2038111276190353,-0.04478926333063832,-0.4392357820143304,25178.737190300006,10531.0,Discesa,175.51666666666668,53.523180730378115,Giro d'Italia-Valvan
1734869579.0,46.503637,12.942392,1457.613409,2.6,3.8,POINT (1440740.4870869375 5861428.018861374),1.0,14.95769477240176,-1.7026519999999437,15.054290309989334,-6.494093131470208,15.054290309989334,0.1867401071065249,0.1867401071065249,-0.11334330707530411,-1.1095186671746389,25189.035181624815,10532.0,Discesa,175.53333333333333,54.195445115961604,Giro d'Italia-Valvan
1734869581.0,46.503785,12.942466,1454.503972,2.6,3.8,POINT (1440748.7247292562 5861451.954794698),2.0,25.31378389506975,-3.109437000000071,25.50404386647855,-7.0028879362521215,12.752021933239275,-2.3022683767500585,-1.1511341883750292,-0.12222345163579029,-1.1960290348344846,25206.439960312582,10534.0,Discesa,175.56666666666666,45.90727895966139,Giro d'Italia-Valvan
1734869583.0,46.50393,12.942566,1444.606352,3.8,3.8,POINT (1440759.8566783355 5861475.405603379),2.0,25.958827363293647,-9.89761999999996,27.781713405434196,-20.870922329639505,13.890856702717098,1.138834769477823,0.5694173847389115,-0.3642663125802147,-3.4949483058524167,25224.29264671255,10536.0,Discesa,175.6,50.00708412978155,Giro d'Italia-Valvan
1734869585.0,46.504046,12.942687,1451.51476,2.6,3.8,POINT (1440773.3263367214 5861494.166295361),2.0,23.09535149481593,6.9084080000000085,24.10645892211381,16.65326385801,12.053229461056905,-1.8376272416601935,-0.9188136208300968,0.290654285525648,2.8113412550123913,25240.183920012434,10538.0,Discesa,175.63333333333333,43.39162605980486,Giro d'Italia-Valvan
1734869587.0,46.504147,12.942734,1454.192118,6.5,3.8,POINT (1440778.5583527887 5861510.501068393),2.0,17.152224407778114,2.677357999999913,17.35992649739459,8.871929523390094,8.679963248697295,-3.37326621235961,-1.686633106179805,0.1548443811880484,1.5129604370122782,25251.976558765466,10540.0,Discesa,175.66666666666666,31.247867695310262,Giro d'Italia-Valvan
1734869589.0,46.504245,12.942784,1453.668748,5.1,3.8,POINT (1440784.1243273285 5861526.350679154),2.0,16.798518799207137,-0.5233699999998862,16.80666980708003,-1.784514193147872,8.403334903540015,-0.2766283451572793,-0.13831417257863965,-0.031145648219000403,-0.30548941336587754,25263.526611824676,10542.0,Discesa,175.7,30.252005652744057,Giro d'Italia-Valvan
1734869591.0,46.504332,12.942822,1449.791476,3.1,3.8,POINT (1440788.3544679787 5861540.421275914),2.0,14.692711904435113,-3.877271999999948,15.195690878295494,-14.7828302402573,7.597845439147747,-0.8054894643922683,-0.40274473219613416,-0.2580090604558743,-2.503080552548461,25273.627903033364,10544.0,Discesa,175.73333333333332,27.35224358093189,Giro d'Italia-Valvan
1734869594.0,46.50444,12.942854,1448.891899,2.8,3.8,POINT (1440791.9166916842 5861557.888254945),3.0,17.82651940825561,-0.8995770000001357,17.849202587002118,-2.8888579124826355,5.949734195667372,-1.6481112434803746,-0.5493704144934582,-0.05042008219511218,-0.4944114633125198,25285.881993189487,10547.0,Discesa,175.78333333333333,21.41904310440254,Giro d'Italia-Valvan
1734869597.0,46.504566,12.942832,1447.219812,2.6,3.8,POINT (1440789.4676628865 5861578.266441003),3.0,20.52481934333765,-1.6720869999999195,20.59281632055742,-4.657406399757809,6.864272106852474,0.9145379111851017,0.3048459703950339,-0.081287076279229,-0.7965483309645331,25299.98972690022,10550.0,Discesa,175.83333333333334,24.711379584668908,Giro d'Italia-Valvan
1734869600.0,46.504662,12.942843,1449.080322,8.2,3.8,POINT (1440790.6921772852 5861593.792709704),3.0,15.57448089862255,1.8605099999999766,15.685214462086853,6.812207522829916,5.2284048206956175,-1.6358672861568566,-0.5452890953856189,0.11889545060250882,1.1636183326735,25310.694548277457,10553.0,Discesa,175.88333333333333,18.822257354504224,Giro d'Italia-Valvan
1734869603.0,46.504796,12.942888,1443.670554,2.6,3.8,POINT (1440795.701554371 5861615.4648389425),3.0,22.243539388732685,-5.4097679999999855,22.89193382726602,-13.669306444154657,7.630644609088673,2.4022397883930555,0.8007465961310185,-0.23857440391457715,-2.3182761439223496,25325.985364556494,10556.0,Discesa,175.93333333333334,27.470320592719222,Giro d'Italia-Valvan
1734869605.0,46.504887,12.942925,1441.51486,2.5,3.8,POINT (1440799.8203755303 5861630.182509405),2.0,15.283144688596916,-2.1556940000000395,15.434426720621156,-8.028629634628572,7.717213360310578,0.08656875122190488,0.04328437561095244,-0.14012602154745793,-1.3701421194832248,25336.49212989916,10558.0,Discesa,175.96666666666667,27.78196809711808,Giro d'Italia-Valvan
1734869608.0,46.504984,12.942973,1442.10187,2.7,3.8,POINT (1440805.1637110885 5861645.870602849),3.0,16.573095993373574,0.5870099999999638,16.583488521589032,2.0285371797235516,5.527829507196344,-2.189383853114234,-0.7297946177047446,0.035404652785295934,0.3472470881203866,25347.886824251105,10561.0,Discesa,176.01666666666668,19.90018622590684,Giro d'Italia-Valvan
1734869611.0,46.505087,12.943054,1437.015558,2.5,3.8,POINT (1440814.1805898426 5861662.529124469),3.0,18.942292496376147,-5.086311999999907,19.613286689884774,-15.030305486320573,6.537762229961591,1.0099327227652468,0.33664424092174894,-0.26232831831686154,-2.544026481075836,25360.915519755417,10564.0,Discesa,176.06666666666666,23.535944027861728,Giro d'Italia-Valvan
1734869614.0,46.50517,12.943177,1433.050164,2.6,3.8,POINT (1440827.8728872102 5861675.953004661),3.0,19.17497240218079,-3.9653940000000603,19.58070264826141,-11.684091967123953,6.526900882753804,-0.010861347207787198,-0.003620449069262399,-0.20392587493213404,-1.9866761596246707,25374.116158365632,10567.0,Discesa,176.11666666666667,23.496843177913693,Giro d'Italia-Valvan
1734869616.0,46.505214,12.943297,1436.936441,5.8,3.8,POINT (1440841.2312261052 5861683.069286811),2.0,15.135609986874174,3.8862770000000637,15.626574755700455,14.400400835251434,7.813287377850227,1.2863864950964237,0.6431932475482118,0.251334408182079,2.439714266627314,25384.544895926832,10569.0,Discesa,176.15,28.12783456026082,Giro d'Italia-Valvan
1734869618.0,46.50524,12.943428,1432.087637,2.9,3.8,POINT (1440855.8140793995 5861687.274365335),2.0,15.177031843880386,-4.848803999999973,15.93277112810496,-17.717798352842568,7.96638556405248,0.15309818620225268,0.07654909310112634,-0.30923391746153084,-2.985467302426337,25395.006967491016,10571.0,Discesa,176.18333333333334,28.67898803058893,Giro d'Italia-Valvan
1734869620.0,46.505331,12.94348,1430.960425,3.0,3.8,POINT (1440861.6026929205 5861701.992156003),2.0,15.81522711313136,-1.1272120000000996,15.855346591382654,-4.0767963471413955,7.927673295691327,-0.03871226836115316,-0.01935613418057658,-0.07115351919089506,-0.6974271837117044,25405.88156908599,10573.0,Discesa,176.21666666666667,28.539623864488778,Giro d'Italia-Valvan
1734869623.0,46.505396,12.943626,1427.868674,2.9,3.8,POINT (1440877.8553385765 5861712.504878708),3.0,19.35628656282155,-3.091750999999931,19.601651811724096,-9.075109864875005,6.533883937241366,-1.3937893584499612,-0.46459645281665374,-0.15839054712228653,-1.5473225216590352,25419.215257943684,10576.0,Discesa,176.26666666666668,23.521982174068917,Giro d'Italia-Valvan
1734869626.0,46.505473,12.943741,1425.355825,2.6,3.8,POINT (1440890.6570800175 5861724.958428024),3.0,17.859884503893362,-2.51284899999996,18.035794537230984,-8.008827059518028,6.011931512410328,-0.5219524248310377,-0.1739841416103459,-0.13978040141140546,-1.3667847368250325,25431.51063328036,10579.0,Discesa,176.31666666666666,21.642953444677183,Giro d'Italia-Valvan
1734869629.0,46.505502,12.943928,1421.647248,2.8,3.8,POINT (1440911.473824796 5861729.648730392),3.0,21.338598816972542,-3.708577000000105,21.658470463923155,-9.859333769605271,7.2194901546410515,1.2075586422307234,0.40251954741024115,-0.172077836332676,-1.6797649875877267,25446.221353868037,10582.0,Discesa,176.36666666666667,25.990164556707786,Giro d'Italia-Valvan
1734869631.0,46.505541,12.944046,1421.950507,8.0,3.8,POINT (1440924.6095247096 5861735.956382347),2.0,14.571653489349755,0.3032590000000255,14.574808795821642,1.192243069873507,7.287404397910821,0.06791424326976969,0.033957121634884846,0.02080856705337751,0.20411731170381633,25456.26252950822,10584.0,Discesa,176.4,26.234655832478957,Giro d'Italia-Valvan
1734869633.0,46.505562,12.944174,1416.51935,2.6,3.8,POINT (1440938.858419531 5861739.352812197),2.0,14.648096782704496,-5.431156999999985,15.622554391460016,-20.343551799673946,7.811277195730008,0.5238727978191866,0.2619363989095933,-0.35506196045432825,-3.410431408011284,25466.360665550612,10586.0,Discesa,176.43333333333334,28.120597904628028,Giro d'Italia-Valvan
1734869635.0,46.505606,12.944327,1413.694358,2.5,3.8,POINT (1440955.8903016225 5861746.469145663),2.0,18.45879761999296,-2.8249920000000657,18.67371921647967,-8.701210284938135,9.336859608239836,1.525582412509828,0.762791206254914,-0.15186476838056442,-1.4840734830983002,25479.081985276633,10588.0,Discesa,176.46666666666667,33.61269458966341,Giro d'Italia-Valvan
1734869637.0,46.505604,12.944472,1411.306121,2.7,3.8,POINT (1440972.0316277875 5861746.145675833),2.0,16.144566983898724,-2.38823699999989,16.320254871348094,-8.414638101821543,8.160127435674047,-1.1767321725657887,-0.5883660862828943,-0.1468631402405518,-1.4355538657138425,25490.213637813853,10590.0,Discesa,176.5,29.37645876842657,Giro d'Italia-Valvan
1734869639.0,46.50563,12.94462,1409.463687,2.7,3.8,POINT (1440988.5069124252 5861750.350784525),2.0,17.003468557991813,-1.8424340000001393,17.102996990205334,-6.184234321509623,8.551498495102667,0.3913710594286197,0.19568552971430986,-0.10793525062518051,-1.0567900789757652,25501.935235299374,10592.0,Discesa,176.53333333333333,30.7853945823696,Giro d'Italia-Valvan
1734869641.0,46.505651,12.944801,1405.267782,2.5,3.8,POINT (1441008.6557402585 5861753.747219937),2.0,20.433086809479484,-4.195905000000039,20.85945002469504,-11.604290620574227,10.42972501234752,1.878226517244853,0.9391132586224265,-0.2025330786873163,-1.9732940226741267,25516.02258709736,10594.0,Discesa,176.56666666666666,37.54701004445107,Giro d'Italia-Valvan
1734869643.0,46.505636,12.945016,1393.605516,3.7,3.8,POINT (1441032.5894307792 5861751.321194511),2.0,24.056332665400394,-11.662265999999818,26.734165211638118,-25.863636821061597,13.367082605819059,2.937357593471539,1.4686787967357695,-0.4514056190675644,-4.279424046133813,25532.60886255505,10596.0,Discesa,176.6,48.12149738094861,Giro d'Italia-Valvan
1734869645.0,46.505684,12.94517,1399.398625,2.6,3.8,POINT (1441049.7326323611 5861759.084478235),2.0,18.81908432035085,5.7931089999999585,19.690557293849146,17.11001976194352,9.845278646924573,-3.521803958894486,-1.760901979447243,0.2986261799272108,2.8861752586226723,25545.57757563942,10598.0,Discesa,176.63333333333333,35.44300312892847,Giro d'Italia-Valvan
1734869647.0,46.505743,12.945323,1401.295969,6.0,3.9,POINT (1441066.7645144525 5861768.626857204),2.0,19.522858499041348,1.8973439999999755,19.614839235332184,5.550901919653807,9.807419617666092,-0.03785902925848106,-0.01892951462924053,0.09688151495323268,0.948921600462179,25559.028322652342,10600.0,Discesa,176.66666666666666,35.30671062359793,Giro d'Italia-Valvan
1734869649.0,46.505785,12.945481,1396.349713,2.9,3.9,POINT (1441084.3529939977 5861775.41974346),2.0,18.854652380499967,-4.9462559999999485,19.492648994095916,-14.699518216023689,9.746324497047958,-0.06109512061813405,-0.030547560309067023,-0.25655499132649645,-2.4892856468454565,25572.023190464457,10602.0,Discesa,176.7,35.08676818937265,Giro d'Italia-Valvan
1734869651.0,46.505845,12.94563,1394.970775,5.2,3.9,POINT (1441100.939598126 5861785.123875786),2.0,19.21680568435834,-1.378938000000062,19.266216305186425,-4.104331494650578,9.633108152593213,-0.11321634445474515,-0.05660817222737258,-0.07163409817495262,-0.7021296535718362,25585.262371967638,10604.0,Discesa,176.73333333333332,34.679189349335566,Giro d'Italia-Valvan
1734869653.0,46.505952,12.945771,1390.748599,2.9,3.8,POINT (1441116.635646328 5861802.429605015),2.0,23.36352270756417,-4.22217599999999,23.741966293503207,-10.243737446276258,11.870983146751604,2.237874994158391,1.1189374970791954,-0.17878694614735646,-1.7445710286992542,25601.343308283947,10606.0,Discesa,176.76666666666668,42.73553932830578,Giro d'Italia-Valvan
1734869655.0,46.506074,12.945906,1389.364124,2.6,3.8,POINT (1441131.6637775851 5861822.1614126135),2.0,24.80300304795272,-1.3844750000000658,24.8416128949466,-3.1948688975558204,12.4208064474733,0.5498233007216964,0.2749116503608482,-0.05576098143191048,-0.5467318006860779,25618.410406941544,10608.0,Discesa,176.8,44.714903210903884,Giro d'Italia-Valvan
1734869657.0,46.506158,12.946068,1390.282899,7.1,3.8,POINT (1441149.6975350936 5861835.747273096),2.0,22.57857424469191,0.918775000000096,22.597260064523088,2.3302136832699074,11.298630032261544,-1.1221764152117562,-0.5610882076058781,0.04066990104808419,0.3988617524542865,25633.96025104074,10610.0,Discesa,176.83333333333334,40.67506811614156,Giro d'Italia-Valvan
1734869659.0,46.506256,12.946202,1386.825245,7.9,3.8,POINT (1441164.61434686 5861851.597470192),2.0,21.7655696287876,-3.4576540000000477,22.038497962640683,-9.026516185035447,11.019248981320342,-0.27938105094120225,-0.13969052547060112,-0.15754242741342628,-1.5391060587477616,25648.942120398562,10612.0,Discesa,176.86666666666667,39.669296332753234,Giro d'Italia-Valvan
1734869661.0,46.506368,12.946309,1381.965744,2.7,3.8,POINT (1441176.5255323746 5861869.712016149),2.0,21.679785875310856,-4.859500999999909,22.217737633889016,-12.633962469733126,11.108868816944508,0.0896198356241662,0.0448099178120831,-0.2205042426702375,-2.145659724475494,25663.856926592493,10614.0,Discesa,176.9,39.99192774100023,Giro d'Italia-Valvan
1734869663.0,46.506498,12.946391,1377.199701,2.5,3.8,POINT (1441185.65373062 5861890.737875223),2.0,22.921840087441293,-4.7660430000000815,23.412089160775047,-11.745911012779565,11.706044580387523,0.5971757634430155,0.29858788172150774,-0.20500482081926516,-1.9970401406267753,25679.618968336217,10616.0,Discesa,176.93333333333334,42.14176048939508,Giro d'Italia-Valvan
1734869665.0,46.506622,12.946491,1375.022184,2.8,3.8,POINT (1441196.7856796992 5861910.793356887),2.0,22.93779926395831,-2.17751700000008,23.04092479391693,-5.422916155429451,11.520462396958465,-0.18558218342905874,-0.09279109171452937,-0.0946477419718365,-0.927108697288073,25695.395823897037,10618.0,Discesa,176.96666666666667,41.473664629050475,Giro d'Italia-Valvan
1734869667.0,46.506742,12.946587,1371.527666,2.7,3.8,POINT (1441207.472350815 5861930.201931088),2.0,22.156211139590365,-3.494517999999971,22.4300991552519,-8.962960081331937,11.21504957762595,-0.3054128193325152,-0.1527064096662576,-0.15643316414406105,-1.5283580042477398,25710.6349209584,10620.0,Discesa,177.0,40.37417847945342,Giro d'Italia-Valvan
1734869669.0,46.50686,12.946637,1366.410537,2.5,3.8,POINT (1441213.0383253552 5861949.287070834),2.0,19.880207033611917,-5.117128999999977,20.528215726212387,-14.434493604404102,10.264107863106194,-0.9509417145197556,-0.4754708572598778,-0.25192943925491545,-2.445367690963071,25724.301810605317,10622.0,Discesa,177.03333333333333,36.9507883071823,Giro d'Italia-Valvan
1734869671.0,46.506982,12.946674,1361.651761,2.5,3.8,POINT (1441217.1571465142 5861969.019208028),2.0,20.157428555718404,-4.758775999999898,20.711539657810732,-13.28320570528309,10.355769828905366,0.0916619657991724,0.0458309828995862,-0.23183567477688546,-2.2539894827371607,25738.157626623262,10624.0,Discesa,177.06666666666666,37.28077138405932,Giro d'Italia-Valvan
1734869673.0,46.507081,12.946777,1360.905344,6.0,3.8,POINT (1441228.6230540662 5861985.031384694),2.0,19.69408128317661,-0.746417000000065,19.708221023883826,-2.170504096543409,9.854110511941913,-0.5016593169634529,-0.25082965848172645,-0.03788244291270736,-0.37153788569383767,25751.707775467672,10626.0,Discesa,177.1,35.47479784299089,Giro d'Italia-Valvan
1734869675.0,46.507196,12.94678,1355.985851,3.5,3.8,POINT (1441228.9570125383 5862003.631424507),2.0,18.603037636269953,-4.919493000000102,19.242515965266247,-14.812546979538029,9.621257982633123,-0.23285252930878997,-0.11642626465439498,-0.2585277153992797,-2.507999807151687,25764.493389664967,10628.0,Discesa,177.13333333333333,34.636528737479246,Giro d'Italia-Valvan
1734869677.0,46.507334,12.94683,1353.658621,3.0,3.8,POINT (1441234.5229870782 5862025.951524223),2.0,23.003628494516164,-2.3272299999998722,23.121049357384614,-5.77684164679387,11.560524678692307,1.9392666960591836,0.9696333480295918,-0.10082490710288436,-0.9874173938695846,25780.306376687073,10630.0,Discesa,177.16666666666666,41.617888843292306,Giro d'Italia-Valvan
1734869679.0,46.507468,12.946909,1347.307229,5.5,3.8,POINT (1441243.3172268507 5862047.624718753),2.0,23.38944236806411,-6.351392000000033,24.236464152731866,-15.192291741153609,12.118232076365933,0.5577073976736262,0.2788536988368131,-0.2651555118066726,-2.570802206433946,25796.388793237067,10632.0,Discesa,177.2,43.62563547491736,Giro d'Italia-Valvan
1734869681.0,46.507596,12.946954,1344.057516,3.1,3.8,POINT (1441248.3266039365 5862068.327521629),2.0,21.3002325271593,-3.249712999999929,21.546706019561867,-8.6745541005634,10.773353009780934,-1.3448790665849994,-0.6724395332924997,-0.15139953019720662,-1.4795618644008193,25811.030621496553,10634.0,Discesa,177.23333333333332,38.78407083521136,Giro d'Italia-Valvan
1734869683.0,46.507718,12.946991,1342.638594,3.5,3.8,POINT (1441252.4454250957 5862088.059925997),2.0,20.157690092964092,-1.418922000000066,20.20756812498889,-4.0264715049094155,10.103784062494444,-0.6695689472864892,-0.3347844736432446,-0.07027518499840033,-0.688832259968358,25824.886431373936,10636.0,Discesa,177.26666666666668,36.37362262498,Giro d'Italia-Valvan
1734869685.0,46.507836,12.947018,1342.409429,7.5,3.8,POINT (1441255.4510513472 5862107.145408421),2.0,19.320699483326813,-0.2291649999999663,19.32205851151088,-0.6795598487982292,9.66102925575544,-0.44275480673900525,-0.22137740336950262,-0.01186055682588393,-0.11634933455254712,25838.16614410713,10638.0,Discesa,177.3,34.77970532071958,Giro d'Italia-Valvan
1734869687.0,46.507947,12.946998,1340.389896,7.2,3.8,POINT (1441253.2246615314 5862125.098739028),2.0,18.090851044150547,-2.0195330000001377,18.20322512742543,-6.369718118297847,9.101612563712715,-0.5594166920427242,-0.2797083460213621,-0.11117255358823509,-1.0883576174725587,25850.600158153793,10640.0,Discesa,177.33333333333334,32.765805229365775,Giro d'Italia-Valvan
1734869689.0,46.508038,12.946977,1340.284112,6.6,3.8,POINT (1441250.8869522247 5862139.817262638),2.0,14.903013858687283,-0.10578399999985777,14.903389289919296,-0.4066878692239167,7.451694644959648,-1.6499179187530668,-0.8249589593765334,-0.007098042345877463,-0.069631210713964,25860.843432322803,10642.0,Discesa,177.36666666666667,26.826100721854733,Giro d'Italia-Valvan
1734869692.0,46.508143,12.946897,1335.513646,2.5,3.8,POINT (1441241.9813929612 5862156.800205117),3.0,19.176269737106562,-4.770465999999942,19.760735484475884,-13.969854861618156,6.586911828158628,-0.8647828168010205,-0.2882609389336735,-0.24381996336097364,-2.3682454277455585,25874.031864528635,10645.0,Discesa,177.41666666666666,23.71288258137106,Giro d'Italia-Valvan
1734869694.0,46.508229,12.946807,1335.72302,2.7,3.8,POINT (1441231.9626387898 5862170.710068157),2.0,17.142337207486385,0.2093739999997979,17.143615791513994,0.6997674775443172,8.571807895756997,1.9848960675983696,0.9924480337991848,0.01221324648152382,0.11980896941325045,25885.826182876273,10647.0,Discesa,177.45,30.85850842472519,Giro d'Italia-Valvan
1734869696.0,46.508317,12.946695,1337.750143,13.6,3.8,POINT (1441219.494855821 5862184.943439164),2.0,18.92179860344932,2.027123000000074,19.03007330639128,6.114867218317631,9.51503665319564,0.9432287574386429,0.47161437871932144,0.10672456628190957,1.0449816093625848,25898.848635700753,10649.0,Discesa,177.48333333333332,34.254131951504306,Giro d'Italia-Valvan
1734869698.0,46.508446,12.946564,1333.488984,2.5,3.8,POINT (1441204.9120025272 5862205.808308768),2.0,25.45589114083616,-4.261158999999907,25.810073029679344,-9.502854524301972,12.905036514839672,3.389999861644032,1.694999930822016,-0.1658560997871089,-1.6195990511894505,25916.362057198246,10651.0,Discesa,177.51666666666668,46.45813145342282,Giro d'Italia-Valvan
1734869700.0,46.508595,12.946442,1329.920028,2.5,3.8,POINT (1441191.3310246503 5862229.908103505),2.0,27.66302706613158,-3.568956000000071,27.892302045393542,-7.351428257042461,13.946151022696771,1.041114507857099,0.5205572539285495,-0.12830662780953897,-1.255237316124751,25935.38862664922,10653.0,Discesa,177.55,50.206143681708376,Giro d'Italia-Valvan
1734869701.0,46.508677,12.946378,1330.837506,2.5,3.8,POINT (1441184.2065772396 5862243.171105972),1.0,15.05539721600676,0.9174780000000737,15.083326927844142,3.487300108683408,15.083326927844142,1.1371759051473713,1.1371759051473713,0.060864868901681565,0.5967157791551733,25945.74310899223,10654.0,Discesa,177.56666666666666,54.29997694023891,Giro d'Italia-Valvan
1734869703.0,46.508844,12.946262,1332.608782,3.8,3.8,POINT (1441171.2935163076 5862270.182404574),2.0,29.939228360512583,1.7712759999999435,29.991579042976326,3.3858080298428934,14.995789521488163,-0.08753740635597929,-0.04376870317798964,0.05909349796122092,0.5793698802954075,25966.33153859693,10656.0,Discesa,177.6,53.98484227735739,Giro d'Italia-Valvan
1734869704.0,46.508935,12.946212,1330.791894,3.5,3.8,POINT (1441165.7275417678 5862284.901171079),1.0,15.736014743381569,-1.8168880000000627,15.840556871791671,-6.586234892900383,15.840556871791671,0.844767350303508,0.844767350303508,-0.11495148419084779,-1.1251922154163918,25977.150656238726,10657.0,Discesa,177.61666666666667,57.02600473845002,Giro d'Italia-Valvan
1734869705.0,46.509028,12.946177,1330.222917,2.7,3.8,POINT (1441161.83135959 5862299.943452418),1.0,15.538676373576523,-0.5689769999999044,15.549089949874048,-2.0970526534212914,15.549089949874048,-0.2914669219176229,-0.2914669219176229,-0.03660047338988506,-0.3589704856035176,25987.831953635596,10658.0,Discesa,177.63333333333333,55.97672381954658,Giro d'Italia-Valvan
1734869706.0,46.509122,12.946172,1326.784876,2.9,3.8,POINT (1441161.2747621362 5862315.14750487),1.0,15.214237137913125,-3.438041000000112,15.597856827344478,-12.73355743236855,15.597856827344478,0.04876687747042929,0.04876687747042929,-0.22224250268662635,-2.162295922018867,25998.288156450893,10659.0,Discesa,177.65,56.15228457844012,Giro d'Italia-Valvan
1734869707.0,46.509214,12.946184,1326.124621,3.1,3.8,POINT (1441162.6105960256 5862330.028092308),1.0,14.940426188155854,-0.6602550000000065,14.95500823633201,-2.530398149347045,14.95500823633201,-0.6428485910124682,-0.6428485910124682,-0.04416377909247714,-0.4331058497356396,26008.556379873047,10660.0,Discesa,177.66666666666666,53.838029650795235,Giro d'Italia-Valvan
1734869709.0,46.509369,12.946236,1322.748398,7.2,3.8,POINT (1441168.399209547 5862355.098704191),2.0,25.730208446240365,-3.3762229999999818,25.95077086393982,-7.475432675645417,12.97538543196991,-1.9796228043620996,-0.9898114021810498,-0.13047091320118184,-1.2762914752572196,26026.242550904077,10662.0,Discesa,177.7,46.711387555091676,Giro d'Italia-Valvan
1734869711.0,46.509484,12.94632,1320.165046,3.1,3.8,POINT (1441177.7500467736 5862373.699526951),2.0,20.81895204321153,-2.583351999999877,20.978619395314006,-7.073479100736772,10.489309697657003,-2.486075734312907,-1.2430378671564535,-0.12345549987886432,-1.2080243529114023,26040.55974763316,10664.0,Discesa,177.73333333333332,37.761514911565214,Giro d'Italia-Valvan
1734869713.0,46.509587,12.946401,1319.977419,6.7,3.8,POINT (1441186.7669255277 5862390.359427699),2.0,18.943505362145817,-0.18762700000002042,18.94443452037501,-0.5674706715788311,9.472217260187506,-1.017092437469497,-0.5085462187347485,-0.009904231627554012,-0.09715892380005253,26053.588206285578,10666.0,Discesa,177.76666666666668,34.099982136675024,Giro d'Italia-Valvan
1734869715.0,46.509676,12.946492,1316.684883,2.6,3.8,POINT (1441196.8969991899 5862404.754901344),2.0,17.602501352547264,-3.2925360000001547,17.907787333384473,-10.594708443423523,8.953893666692236,-0.5183235934952695,-0.25916179674763473,-0.18491254562658385,-1.803672199065424,26065.69840702443,10668.0,Discesa,177.8,32.234017200092055,Giro d'Italia-Valvan
1734869717.0,46.509764,12.946585,1318.353651,7.3,3.8,POINT (1441207.249711834 5862418.98865127),2.0,17.600519766426185,1.668768,17.679453687435675,5.416225836080994,8.839726843717838,-0.11416682297439884,-0.05708341148719942,0.09453097387119602,0.9259683228579721,26077.807796502955,10670.0,Discesa,177.83333333333334,31.823016637384217,Giro d'Italia-Valvan
1734869719.0,46.509836,12.946695,1318.837922,6.5,3.8,POINT (1441219.494855821 5862430.634463807),2.0,16.898772171370645,0.4842710000000352,16.905709665711523,1.6414856889020655,8.452854832855762,-0.386872010862076,-0.193436005431038,0.028649329895708387,0.281011480969403,26089.44099812581,10672.0,Discesa,177.86666666666667,30.430277398280744,Giro d'Italia-Valvan
1734869721.0,46.50991,12.946809,1316.033878,2.7,3.8,POINT (1441232.1852777714 5862442.603787212),2.0,17.444526707759017,-2.8040439999999762,17.66845139823107,-9.13164720524019,8.834225699115535,0.3813708662597737,0.19068543312988684,-0.1593773098619797,-1.5568807373097666,26101.450042627333,10674.0,Discesa,177.9,31.80321251681593,Giro d'Italia-Valvan
1734869723.0,46.509988,12.946923,1314.232034,2.5,3.8,POINT (1441244.8756997217 5862455.22011871),2.0,17.894653663809876,-1.8018439999998463,17.98514029825844,-5.749832402001548,8.99257014912922,0.15834445001368458,0.07917222500684229,-0.10035350685278122,-0.9828163331986979,26113.767911386803,10676.0,Discesa,177.93333333333334,32.373252536865195,Giro d'Italia-Valvan
1734869725.0,46.510084,12.947021,1313.432273,3.0,3.8,POINT (1441255.7850098195 5862470.74793618),2.0,18.976990335466837,-0.7997610000002169,18.993835311740572,-2.4132293574177806,9.496917655870286,0.5043475067410661,0.25217375337053305,-0.042118797892727315,-0.4130632534837516,26126.823609384748,10678.0,Discesa,177.96666666666667,34.18890356113303,Giro d'Italia-Valvan
1734869727.0,46.510182,12.947138,1311.991097,2.9,3.8,POINT (1441268.8093902424 5862486.599278135),2.0,20.51583600992623,-1.441175999999814,20.566392864310487,-4.018255937161669,10.283196432155243,0.7862787762849575,0.39313938814247873,-0.0701317962912815,-0.6874290816710102,26140.941236832863,10680.0,Discesa,178.0,37.01950715575888,Giro d'Italia-Valvan
1734869729.0,46.510259,12.947249,1309.116663,2.5,3.8,POINT (1441281.1658537204 5862499.053924007),2.0,17.54424103464302,-2.8744340000000648,17.7781541308992,-9.304625502447676,8.8890770654496,-1.3941193667056435,-0.6970596833528218,-0.16239635068274366,-1.5861150337869414,26153.01757248071,10682.0,Discesa,178.03333333333333,32.00067743561856,Giro d'Italia-Valvan
1734869731.0,46.510328,12.947357,1308.188738,2.5,3.8,POINT (1441293.1883587262 5862510.2145956885),2.0,16.404304892002557,-0.9279249999999593,16.430528408891906,-3.237539766590932,8.215264204445953,-0.6738128610036469,-0.33690643050182345,-0.056505728591260476,-0.55402626278734,26164.310712119248,10684.0,Discesa,178.06666666666666,29.57495113600543,Giro d'Italia-Valvan
1734869734.0,46.51038,12.947494,1310.589573,2.8,3.9,POINT (1441308.439128965 5862518.625546026),3.0,17.416373860650104,2.4008349999999155,17.581071843069203,7.848717818401466,5.8603572810230675,-2.3549069234228854,-0.7849689744742951,0.13698596799105198,1.3396334171334323,26176.30934275121,10687.0,Discesa,178.11666666666667,21.097286211683045,Giro d'Italia-Valvan
1734869738.0,46.510419,12.947641,1308.64362,5.8,3.8,POINT (1441324.8030941116 5862524.933764062),4.0,17.53775841179537,-1.9459529999999177,17.645387589642453,-6.331520806360555,4.411346897410613,-1.4490103836124542,-0.36225259590311354,-0.11050588472951801,-1.081857728146736,26188.395579877953,10691.0,Discesa,178.18333333333334,15.88084883067821,Giro d'Italia-Valvan
1734869741.0,46.510442,12.947771,1305.736637,2.9,3.8,POINT (1441339.2746279144 5862528.653997333),3.0,14.942069006519386,-2.906983000000082,15.222219823595923,-11.00938113056838,5.074073274531974,0.662726377121361,0.220908792373787,-0.19214994933535398,-1.8734129161501067,26198.695184530377,10694.0,Discesa,178.23333333333332,18.266663788315107,Giro d'Italia-Valvan
1734869744.0,46.510476,12.947905,1304.944264,2.6,3.8,POINT (1441354.191439681 5862534.153475487),3.0,15.898287116676768,-0.7923729999999978,15.918020863644433,-2.853269210099506,5.3060069545481445,0.2319336800161702,0.07731122667205674,-0.04979894216201422,-0.4883257282162092,26209.65189821703,10697.0,Discesa,178.28333333333333,19.10162503637332,Giro d'Italia-Valvan
1734869747.0,46.510507,12.948048,1306.385288,7.4,3.8,POINT (1441370.1101268642 5862539.167708565),3.0,16.68973142369629,1.4410239999999703,16.75182632323089,4.934790919352193,5.58394210774363,0.2779351531954859,0.09264505106516197,0.08612834944021373,0.8438748806985746,26221.155124175188,10700.0,Discesa,178.33333333333334,20.10219158787707,Giro d'Italia-Valvan
1734869751.0,46.510552,12.948198,1303.269704,2.5,3.8,POINT (1441386.8080504832 5862546.446439093),4.0,18.215393800126638,-3.115583999999899,18.479919776740033,-9.70601967055746,4.619979944185008,-0.9639621635586222,-0.24099054088965555,-0.169402000514563,-1.6538967381486467,26233.70711811751,10704.0,Discesa,178.4,16.63192779906603,Giro d'Italia-Valvan
1734869756.0,46.510604,12.948321,1303.481827,2.9,3.8,POINT (1441400.5003478508 5862554.857424097),5.0,16.069339623745055,0.2121230000000196,16.07073962549303,0.7562878783256658,3.214147925098606,-1.4058320190864024,-0.2811664038172805,0.013199713569705129,0.12948542994867618,26244.77625837257,10709.0,Discesa,178.48333333333332,11.57093253035498,Giro d'Italia-Valvan
1734869762.0,46.510663,12.948424,1305.410632,4.1,3.8,POINT (1441411.9662554024 5862564.4006668255),6.0,14.91779198652979,1.9288050000000112,15.041968171798446,7.367220655476002,2.506994695299741,-0.7071532297988647,-0.11785887163314412,0.12858225715899105,1.2579189660482986,26255.047735776843,10715.0,Discesa,178.58333333333334,9.025180903079068,Giro d'Italia-Valvan
1734869778.0,46.510734,12.948504,1305.864131,6.4,3.8,POINT (1441420.8718146659 5862575.88492181),16.0,14.532621867239037,0.45349899999996524,14.53969599679289,1.7873684255703313,0.9087309997995556,-1.5982636955001854,-0.09989148096876159,0.031195463972389488,0.30597786851808756,26265.047134462468,10731.0,Discesa,178.85,3.2714315992784004,Giro d'Italia-Valvan
1734869792.0,46.510781,12.948632,1305.237733,4.9,3.8,POINT (1441435.1207094875 5862583.487183363),14.0,16.150089299000282,-0.6263980000001084,16.162232482552884,-2.2211630013333905,1.154445177325206,0.2457141775256504,0.0175510126804036,-0.03876660759674686,-0.3802051719423382,26276.173715884903,10745.0,Discesa,179.08333333333334,4.156002638370742,Giro d'Italia-Valvan
1734869799.0,46.510808,12.94878,1304.317181,5.5,3.8,POINT (1441451.595994125 5862587.854442971),7.0,17.044294070583973,-0.9205520000000433,17.069135196290645,-3.0915066952998638,2.438447885184378,1.2840027078591718,0.18342895826559596,-0.05395697068043173,-0.5290610810770837,26287.922174187905,10752.0,Discesa,179.2,8.77841238666376,Giro d'Italia-Valvan
1734869806.0,46.510751,12.948915,1303.910922,6.2,3.8,POINT (1441466.624125382 5862578.63467523),7.0,17.630905997015507,-0.4062589999998636,17.63558597412284,-1.320000670845948,2.5193694248746916,0.08092153969031379,0.011560219955759113,-0.023038357834795714,-0.22598629815003285,26300.066952490517,10759.0,Discesa,179.31666666666666,9.06972992954889,Giro d'Italia-Valvan
1734869811.0,46.510738,12.94907,1299.163665,2.7,3.8,POINT (1441483.878646455 5862576.531922539),5.0,17.382176685940813,-4.7472569999999905,18.018782294187176,-15.275560138251954,3.6037564588374353,1.0843870339627437,0.21687740679254874,-0.2666088194988968,-2.584558179884525,26312.050263471414,10764.0,Discesa,179.4,12.973523251814768,Giro d'Italia-Valvan
1734869819.0,46.51079,12.949207,1297.508218,2.8,3.8,POINT (1441499.1294166937 5862584.942936325),8.0,17.416404502455908,-1.6554470000000947,17.494903559693483,-5.42970952776114,2.1868629449616854,-1.41689351387575,-0.17711168923446874,-0.09476630868633834,-0.928266624310872,26324.04882502137,10772.0,Discesa,179.53333333333333,7.872706601862068,Giro d'Italia-Valvan
1734869822.0,46.510851,12.949333,1300.905976,5.2,3.8,POINT (1441513.1556725337 5862594.8097127555),3.0,17.149027086363915,3.397758000000067,17.482387978631742,11.206941663104343,5.827462659543914,3.640599714582229,1.2135332381940762,0.1955980311000999,1.9066048654646883,26335.85949493405,10775.0,Discesa,179.58333333333334,20.978865574358093,Giro d'Italia-Valvan
1734869825.0,46.510904,12.949501,1299.608773,5.2,3.8,POINT (1441531.857346987 5862603.3824947085),3.0,20.572924385420883,-1.2972030000000814,20.613780667103608,-3.6079456027773658,6.871260222367869,1.043797562823955,0.3479325209413184,-0.0629705300013165,-0.617332726854362,26350.035312867632,10778.0,Discesa,179.63333333333333,24.73653680052433,Giro d'Italia-Valvan
1734869827.0,46.510959,12.949628,1298.528146,6.7,3.8,POINT (1441545.9949223178 5862612.278786709),2.0,16.703743520176396,-1.0806269999998221,16.738661902940855,-3.70151786052979,8.369330951470427,1.4980707291025581,0.7490353645512791,-0.0646036739876211,-0.6333212852656848,26361.541024156875,10780.0,Discesa,179.66666666666666,30.12959142529354,Giro d'Italia-Valvan
1734869829.0,46.511006,12.949781,1296.486404,3.6,3.8,POINT (1441563.026804409 5862619.881079733),2.0,18.651537920578164,-2.041742000000113,18.762957581291115,-6.24716599012303,9.381478790645557,1.01214783917513,0.506073919587565,-0.10903361544625842,-1.0675016949338987,26374.393188681417,10782.0,Discesa,179.7,33.77332364632401,Giro d'Italia-Valvan
1734869831.0,46.511066,12.949945,1294.665284,3.2,3.8,POINT (1441581.2832008991 5862629.58614421),2.0,20.675693199937136,-1.8211200000000645,20.755740587903073,-5.033635581532514,10.377870293951537,0.9963915033059791,0.49819575165298957,-0.08785351424328185,-0.8607347506748508,26388.63766261717,10784.0,Discesa,179.73333333333332,37.360333058225535,Giro d'Italia-Valvan
1734869833.0,46.511148,12.950117,1292.931196,3.1,3.8,POINT (1441600.4301533157 5862642.849749655),2.0,23.292252279619923,-1.7340879999999288,23.356713755346732,-4.2577662632151805,11.678356877673366,1.3004865837218293,0.6502432918609147,-0.07431204007344043,-0.7283303403975278,26404.67948159045,10786.0,Discesa,179.76666666666668,42.04208475962412,Giro d'Italia-Valvan
1734869835.0,46.511215,12.950309,1294.6922,6.3,3.8,POINT (1441621.803495548 5862653.6871006675),2.0,23.96388814733157,1.7610039999999572,24.028505368121305,4.2028681136811095,12.014252684060652,0.33589580638728656,0.16794790319364328,0.0733538866108187,0.7189564633894779,26421.190136848192,10788.0,Discesa,179.8,43.25130966261835,Giro d'Italia-Valvan
1734869837.0,46.511264,12.9505,1292.765403,7.0,3.8,POINT (1441643.0655182893 5862661.612932999),2.0,22.69124124407031,-1.9267969999998513,22.772900032183117,-4.853553095367806,11.386450016091558,-0.6278026679690942,-0.3139013339845471,-0.08471048193453055,-0.8300163151502895,26436.82804937696,10790.0,Discesa,179.83333333333334,40.99122005792961,Giro d'Italia-Valvan
1734869839.0,46.511283,12.95071,1290.591156,5.8,3.8,POINT (1441666.442611356 5862664.686216847),2.0,23.57824323102611,-2.1742470000001504,23.678279157878816,-5.268580028443789,11.839139578939408,0.45268956284784956,0.22634478142392478,-0.09195406840116062,-0.900798699423402,26453.082662979516,10792.0,Discesa,179.86666666666667,42.62090248418187,Giro d'Italia-Valvan
1734869841.0,46.511251,12.950838,1285.093245,3.0,3.8,POINT (1441680.6915061774 5862659.510160461),2.0,15.159899846031324,-5.497910999999931,16.126053103770335,-19.933755389802414,8.063026551885168,-3.7761130270542402,-1.8880565135271201,-0.34790966383921784,-3.3445571934393064,26463.530445780067,10794.0,Discesa,179.9,29.026895586786605,Giro d'Italia-Valvan
1734869844.0,46.511231,12.950977,1286.530098,13.9,3.9,POINT (1441696.1649153978 5862656.275126765),3.0,15.807967482184816,1.4368529999999282,15.87313398360328,5.1935843028711535,5.291044661201093,-2.7719818906840743,-0.9239939635613581,0.09064514606499602,0.8880116519245522,26474.42745082506,10797.0,Discesa,179.95,19.047760780323937,Giro d'Italia-Valvan
1734869847.0,46.511262,12.951129,1284.14629,2.7,3.9,POINT (1441713.0854779982 5862661.289429501),3.0,17.647908392969562,-2.3838080000000446,17.80817821192021,-7.692721479146765,5.936059403973403,0.6450147427723101,0.2150049142574367,-0.13426331824999935,-1.3131695000866048,26486.591290664728,10800.0,Discesa,180.0,21.36981385430425,Giro d'Italia-Valvan
1734869850.0,46.511312,12.951271,1284.908367,5.1,3.8,POINT (1441728.8928456912 5862669.377020579),3.0,17.756182101643113,0.7620770000000903,17.772528356444965,2.457567453761004,5.924176118814988,-0.011883285158415191,-0.003961095052805064,0.04289264365798302,0.42064782343080787,26498.82481835529,10803.0,Discesa,180.05,21.32703402773396,Giro d'Italia-Valvan
1734873926.0,46.506091,12.932234,1751.666647,2.8,10.0,POINT (1439609.7036994593 5861824.910930301),95.0,15.703399758513203,-1.8725190000000111,15.814648000541574,-6.800007003040022,0.1664699789530692,-2.8655925205192645,-0.030164131794939625,-0.11868251136172045,-1.161544119690242,28169.896230693557,14879.0,Discesa,247.98333333333332,0.5992919242310492,Valvan-Valvan
1734873931.0,46.506056,12.932364,1750.606755,2.5,10.0,POINT (1439624.1752332626 5861819.250159528),5.0,15.539292659677963,-1.0598919999999907,15.57539686219216,-3.9019425944696864,3.1150793724384322,2.948609393485363,0.5897218786970726,-0.06810174549730591,-0.6675618356305886,28180.605950423338,14884.0,Discesa,248.06666666666666,11.214285740778356,Valvan-Valvan
1734873974.0,46.50599,12.93248,1749.417581,3.0,9.9,POINT (1439637.0882941945 5861808.575573125),43.0,16.753923048390888,-1.1891740000000937,16.796073121824627,-4.059978970384669,0.39060635167034014,-2.7244730207680923,-0.06335983769228122,-0.07086000059494182,-0.6945550221999518,28192.142769214937,14927.0,Discesa,248.78333333333333,1.4061828660132245,Valvan-Valvan
1734873978.0,46.505923,12.932638,1747.840441,3.0,9.9,POINT (1439654.67677374 5861797.739263822),4.0,20.658659492370138,-1.577139999999872,20.718773675130834,-4.365652294816218,5.179693418782708,4.789087067112368,1.197271766778092,-0.07619500654178919,-0.7467499593651045,28206.374349114594,14931.0,Discesa,248.85,18.64689630761775,Valvan-Valvan
1734873981.0,46.505872,12.932815,1747.328742,2.9,9.9,POINT (1439674.3803236103 5861789.490738826),3.0,21.360431692924504,-0.5116990000001351,21.36655980673292,-1.3722843813657388,7.122186602244306,1.9424931834615977,0.6474977278205326,-0.02395088072852566,-0.23493567684300412,28221.095291580605,14934.0,Discesa,248.9,25.6398717680795,Valvan-Valvan
1734873983.0,46.505823,12.93293,1746.053109,2.7,9.9,POINT (1439687.1820650515 5861781.565692689),2.0,15.056259170052854,-1.2756329999999707,15.110201181535922,-4.842786904382419,7.555100590767961,0.43291398852365504,0.21645699426182752,-0.08452257645393702,-0.8281795576151088,28231.4673816675,14936.0,Discesa,248.93333333333334,27.19836212676466,Valvan-Valvan
1734873986.0,46.505748,12.93302,1743.917785,3.3,6.3,POINT (1439697.2008192232 5861769.4355338635),3.0,15.73264721180153,-2.135323999999855,15.87689506408548,-7.729277170707605,5.29229835469516,-2.262802236072801,-0.7542674120242671,-0.13490133542807953,-1.3193718517031197,28242.294484502687,14939.0,Discesa,248.98333333333332,19.052274076902577,Valvan-Valvan
1734873989.0,46.505642,12.933035,1741.247795,3.1,4.4,POINT (1439698.870611585 5861752.291604602),3.0,17.225054921890795,-2.669990000000098,17.430759124669667,-8.811078884007953,5.810253041556556,0.5179546868613958,0.17265156228713194,-0.15378233717888634,-1.5026655874631822,28254.133684898225,14942.0,Discesa,249.03333333333333,20.9169109496036,Valvan-Valvan
1734873992.0,46.505562,12.932888,1739.364279,2.7,5.0,POINT (1439682.5066464383 5861739.352812197),3.0,20.861248865183523,-1.8835160000000997,20.946105526741174,-5.159120646205069,6.982035175580392,1.171782134023836,0.39059404467461195,-0.09004364178389594,-0.882134959952897,28268.499908296653,14945.0,Discesa,249.08333333333334,25.13532663208941,Valvan-Valvan
1734873996.0,46.505446,12.932957,1735.82227,3.1,6.0,POINT (1439690.187691303 5861720.5915970355),4.0,20.27268222389074,-3.5420090000000073,20.579783096693138,-9.91058530983483,5.1449457741732845,-1.8370894014071073,-0.4592723503517768,-0.17297234445640017,-1.6884098402175778,28282.439841996627,14949.0,Discesa,249.15,18.521804787023825,Valvan-Valvan
1734873998.0,46.505405,12.933078,1734.283974,3.0,7.1,POINT (1439703.657349689 5861713.96048746),2.0,15.013437688950756,-1.5382959999999457,15.092039816526555,-5.850183391735782,7.546019908263277,2.401074134089993,1.2005370670449964,-0.10210496203127863,-0.9999101475649702,28292.785211248047,14951.0,Discesa,249.18333333333334,27.1656716697478,Valvan-Valvan
1734874000.0,46.505454,12.933243,1730.858627,2.6,7.8,POINT (1439722.0250656698 5861721.885472658),2.0,20.00445902159792,-3.4253469999998742,20.295600085171134,-9.716479726125426,10.147800042585567,2.60178013432229,1.300890067161145,-0.16958456292416557,-1.6556620119131318,28306.571434788995,14953.0,Discesa,249.21666666666667,36.532080153308044,Valvan-Valvan
1734874002.0,46.50552,12.933403,1727.416757,3.2,7.8,POINT (1439739.8361841969 5861732.559953808),2.0,20.764886009858866,-3.441870000000108,21.04820562659281,-9.411455062852768,10.524102813296405,0.3763027707108382,0.1881513853554191,-0.1642608782502707,-1.6041626207481494,28320.876811648024,14955.0,Discesa,249.25,37.88677012786706,Valvan-Valvan
1734874005.0,46.505526,12.933567,1724.707417,3.4,6.4,POINT (1439758.0925806868 5861733.530361828),3.0,18.282169032239068,-2.7093399999998837,18.481835075526472,-8.429638576040642,6.160611691842157,-4.363491121454248,-1.4544970404847495,-0.14712494790503558,-1.4380945015137652,28333.482259484892,14958.0,Discesa,249.3,22.178202090631768,Valvan-Valvan
1734874007.0,46.505531,12.933699,1723.673324,3.4,5.6,POINT (1439772.7867534717 5861734.339035259),2.0,14.716408072278321,-1.0340929999999844,14.75269517350872,-4.019454745324243,7.37634758675436,1.2157358949122026,0.6078679474561013,-0.07015271944081819,-0.6876338330514783,28343.629128607343,14960.0,Discesa,249.33333333333334,26.554851312315694,Valvan-Valvan
1734874009.0,46.505651,12.93381,1720.993514,3.6,5.5,POINT (1439785.1432169494 5861753.747219937),2.0,23.007820891662828,-2.6798100000000886,23.16335907891895,-6.6435268528395515,11.581679539459476,4.205331952705116,2.102665976352558,-0.11595141752670697,-1.134936259047442,28359.457098529034,14962.0,Discesa,249.36666666666667,41.694046342054115,Valvan-Valvan
1734874011.0,46.505771,12.93387,1717.951366,3.5,5.9,POINT (1439791.8223863973 5861773.155447459),2.0,20.525364797149777,-3.0421479999999974,20.74958468283111,-8.430665308876046,10.374792341415555,-1.2068871980439209,-0.6034435990219604,-0.14714286777355173,-1.438268396026907,28373.569030559425,14964.0,Discesa,249.4,37.349252429096,Valvan-Valvan
1734874013.0,46.50589,12.933864,1713.961544,3.0,5.6,POINT (1439791.1544694523 5861792.40198206),2.0,19.258120551788462,-3.9898220000000038,19.667076213278403,-11.704726897696137,9.833538106639201,-0.5412542347763534,-0.2706271173881767,-0.2042860224115391,-1.9901358694880236,28386.8052270334,14966.0,Discesa,249.43333333333334,35.40073718390113,Valvan-Valvan
1734874015.0,46.505986,12.933945,1711.609419,2.9,5.9,POINT (1439800.1713482067 5861807.928628911),2.0,17.95496769487652,-2.3521250000001146,18.10837808694321,-7.463324503047633,9.054189043471604,-0.7793490631675972,-0.3896745315837986,-0.13025958572295077,-1.2742359442250966,28399.15563711634,14968.0,Discesa,249.46666666666667,32.59508055649778,Valvan-Valvan
1734874017.0,46.50603,12.934086,1707.90808,3.4,5.9,POINT (1439815.8673964087 5861815.045017883),2.0,17.233946766742598,-3.7013389999999617,17.62693483144016,-12.121297302256577,8.81346741572008,-0.24072162775152428,-0.12036081387576214,-0.21155654753748357,-2.059923403428899,28411.031902920997,14970.0,Discesa,249.5,31.728482696592287,Valvan-Valvan
1734874019.0,46.505974,12.934224,1702.361639,3.3,5.3,POINT (1439831.229486138 5861805.987796555),2.0,17.833313181709187,-5.546440999999959,18.67592211387173,-17.276515816032575,9.337961056935866,0.5244936412157859,0.26224682060789295,-0.3015320842626434,-2.913408284648263,28423.31778737423,14972.0,Discesa,249.53333333333333,33.61665980496912,Valvan-Valvan
1734874021.0,46.505942,12.934361,1700.025771,3.2,4.8,POINT (1439846.4802563768 5861800.8122457),2.0,16.10504019036669,-2.3358679999998913,16.273555199978578,-8.25260736172225,8.136777599989289,-1.201183456946577,-0.6005917284732885,-0.14403517033637592,-1.4081044245346643,28434.418484067977,14974.0,Discesa,249.56666666666666,29.29239935996144,Valvan-Valvan
1734874024.0,46.505831,12.934436,1696.939442,3.5,4.0,POINT (1439854.8292181862 5861782.859577284),3.0,19.799077416076234,-3.086328999999978,20.038185876571283,-8.860101680065322,6.679395292190428,-1.457382307798861,-0.48579410259962036,-0.1546379463786211,-1.510959508834561,28448.03415210667,14977.0,Discesa,249.61666666666667,24.04582305188554,Valvan-Valvan
1734874027.0,46.505734,12.934562,1693.741859,3.4,3.9,POINT (1439868.8554740262 5861767.171239403),3.0,21.044234325829375,-3.1975830000001224,21.285777773017955,-8.639767198678765,7.095259257672652,0.4158639654822238,0.13862132182740794,-0.15079238422275154,-1.4736736221010414,28462.518442489738,14980.0,Discesa,249.66666666666666,25.542933327621547,Valvan-Valvan
1734874031.0,46.505628,12.934544,1690.311947,3.9,3.9,POINT (1439866.851723192 5861750.027314556),4.0,17.260625034260556,-3.4299120000000585,17.598109924110787,-11.239015956920133,4.399527481027697,-2.695731776644955,-0.6739329441612387,-0.19615783313243748,-1.9119915073323275,28474.38224885838,14984.0,Discesa,249.73333333333332,15.83829893169971,Valvan-Valvan
1734874034.0,46.505534,12.934469,1687.984705,3.3,3.9,POINT (1439858.5027613824 5861734.8242393555),3.0,17.344701174870632,-2.327241999999842,17.50013469011373,-7.642073996991413,5.833378230037909,1.4338507490102126,0.4779502496700709,-0.1333793529285434,-1.3045753318056366,28486.312181195917,14987.0,Discesa,249.78333333333333,21.000161628136475,Valvan-Valvan
1734874036.0,46.505439,12.934458,1685.287725,3.9,4.0,POINT (1439857.2782469837 5861719.459456021),2.0,15.41350065462801,-2.696980000000167,15.647674062001002,-9.924865491047798,7.823837031000501,1.9904588009625916,0.9952294004812958,-0.17322158063634788,-1.6908183091729294,28496.90619186326,14989.0,Discesa,249.81666666666666,28.165813311601806,Valvan-Valvan
1734874039.0,46.505342,12.934351,1682.741144,3.9,4.1,POINT (1439845.3670614688 5861703.7712312685),3.0,19.69763275758703,-2.546580999999833,19.861566177981175,-7.366544261688199,6.620522059327058,-1.2033149716734428,-0.4011049905578143,-0.12857045186035385,-1.2578041120288754,28510.460345246815,14992.0,Discesa,249.86666666666667,23.83387941357741,Valvan-Valvan
1734874042.0,46.505198,12.934329,1679.980011,4.0,4.3,POINT (1439842.9180326713 5861680.481547182),3.0,23.418094006160715,-2.7611329999999725,23.580309207579727,-6.72446815090714,7.860103069193243,1.2395810098661846,0.41319366995539486,-0.1173641096788245,-1.148700574345857,28526.556376338707,14995.0,Discesa,249.91666666666666,28.296371049095676,Valvan-Valvan
1734874044.0,46.505108,12.934274,1678.674242,3.9,4.4,POINT (1439836.7954606777 5861665.925525955),2.0,15.791252065384796,-1.3057690000000548,15.845146716704162,-4.726998955370232,7.922573358352081,0.062470289158838455,0.031235144579419227,-0.08250169550954303,-0.8084238107114838,28537.415086381792,14997.0,Discesa,249.95,28.521264090067493,Valvan-Valvan
1734874046.0,46.505054,12.934159,1677.303186,3.9,5.2,POINT (1439823.9937192365 5861657.191924786),2.0,15.49710854653052,-1.3710559999999532,15.557640176391956,-5.055892904222533,7.778820088195978,-0.14375327015610306,-0.07187663507805153,-0.08824197780690153,-0.8645308162101232,28548.089644516815,14999.0,Discesa,249.98333333333332,28.003752317505523,Valvan-Valvan
1734874048.0,46.504947,12.934101,1674.394927,3.8,7.2,POINT (1439817.5371887705 5861639.8864814285),2.0,18.47065660619119,-2.9082590000000437,18.698211836293748,-8.947927000710736,9.349105918146874,1.5702858299508957,0.7851429149754479,-0.15617078739050333,-1.5258154651250055,28560.78971611955,15001.0,Discesa,250.01666666666668,33.65678130532875,Valvan-Valvan
1734874050.0,46.504858,12.934006,1672.13421,3.4,10.1,POINT (1439806.9618371453 5861625.492260098),2.0,17.861457658761843,-2.2607170000001133,18.003958205067896,-7.213545330074108,9.001979102533948,-0.3471268156129259,-0.17356340780646295,-0.12590011675165433,-1.231819887459991,28573.07989467893,15003.0,Discesa,250.05,32.40712476912221,Valvan-Valvan
1734874052.0,46.504765,12.933921,1669.103439,3.4,10.2,POINT (1439797.4996804278 5861610.451132652),2.0,17.769860004943943,-3.030770999999959,18.026466582493285,-9.67905036678705,9.013233291246642,0.011254188712694457,0.005627094356347229,-0.16893129736679885,-1.6493450546139867,28585.304451854216,15005.0,Discesa,250.08333333333334,32.44763984848792,Valvan-Valvan
1734874054.0,46.504643,12.933838,1667.27567,3.4,10.4,POINT (1439788.2601626918 5861590.719800181),2.0,21.787477345914546,-1.8277689999999893,21.864009435968065,-4.795360681439847,10.932004717984032,1.9187714267373899,0.9593857133686949,-0.08369483271180427,-0.8200880969481708,28600.28794664558,15007.0,Discesa,250.11666666666667,39.35521698474252,Valvan-Valvan
1734874056.0,46.504535,12.933829,1665.444496,3.6,10.8,POINT (1439787.2582872745 5861573.252755925),2.0,17.495753467120387,-1.831173999999919,17.59132137164604,-5.9750458439346525,8.79566068582302,-2.1363440321610128,-1.0681720160805064,-0.10428422293426294,-1.0211749623853477,28612.313211815363,15009.0,Discesa,250.15,31.66437846896287,Valvan-Valvan
1734874058.0,46.504435,12.933873,1664.651383,3.0,10.8,POINT (1439792.1563448696 5861557.079597741),2.0,16.89858023148624,-0.7931130000001758,16.91718185959904,-2.687131393922674,8.45859092979952,-0.3370697560234994,-0.1685348780117497,-0.04689929025765541,-0.45991339423870997,28623.931045337606,15011.0,Discesa,250.18333333333334,30.450927347278274,Valvan-Valvan
1734874060.0,46.504325,12.93397,1662.709368,2.9,10.7,POINT (1439802.9543354765 5861539.289158101),2.0,20.810966910178394,-1.9420149999998557,20.90138191595868,-5.331225674448822,10.45069095797934,1.99210002817982,0.99605001408991,-0.09304744118598728,-0.9114788307586776,28638.24715288527,15013.0,Discesa,250.21666666666667,37.62248744872563,Valvan-Valvan
1734874062.0,46.504237,12.934049,1661.987581,3.0,10.6,POINT (1439811.7485752492 5861525.056832307),2.0,16.73014496923371,-0.7217869999999493,16.74570772362115,-2.47037423321557,8.372853861810574,-2.077837096168766,-1.038918548084383,-0.04311616412604196,-0.4228385319308764,28649.75629672917,15015.0,Discesa,250.25,30.142273902518067,Valvan-Valvan
1734874073.0,46.504164,12.934129,1662.218033,2.6,10.3,POINT (1439820.6541345126 5861513.250488618),11.0,14.788466353493764,0.23045200000001387,14.79026183719278,0.8927807671333555,1.3445692579266164,-7.028284603883957,-0.6389349639894507,0.015581963884957832,0.1528528801508512,28659.932522790616,15026.0,Discesa,250.43333333333334,4.840449328535819,Valvan-Valvan
1734874081.0,46.504067,12.93417,1659.045092,3.1,10.4,POINT (1439825.2182336352 5861497.562631807),8.0,16.338294039644513,-3.172941000000037,16.643539488803597,-10.990194539849574,2.0804424361004497,0.7358731781738332,0.09198414727172916,-0.19181508015507823,-1.8701882031126704,28671.165018650092,15034.0,Discesa,250.56666666666666,7.489592769961619,Valvan-Valvan
1734874086.0,46.503968,12.934236,1657.902045,3.2,10.2,POINT (1439832.5653200275 5861481.551342895),5.0,17.61649939917758,-1.1430470000000241,17.653543766774792,-3.7124340448338615,3.5307087533549586,1.450266317254509,0.29005326345090177,-0.06479419734548167,-0.6351864089239939,28683.280007962545,15039.0,Discesa,250.65,12.710551512077851,Valvan-Valvan
1734874088.0,46.503858,12.934206,1655.300642,2.8,10.3,POINT (1439829.2257353037 5861463.7610560795),2.0,18.101025692299775,-2.6014030000001185,18.287001631806845,-8.178308825482306,9.143500815903423,5.612792062548464,2.806396031274232,-0.14273841624957656,-1.3955138159781357,28695.722668768245,15041.0,Discesa,250.68333333333334,32.91660293725232,Valvan-Valvan
1734874090.0,46.503768,12.934188,1653.218298,2.7,10.4,POINT (1439827.2219844696 5861449.205393639),2.0,14.692934576746008,-2.082343999999921,14.839760207323906,-8.066476177879048,7.419880103661953,-1.7236207122414697,-0.8618103561207349,-0.14078656833767716,-1.3765582701206613,28705.822124532842,15043.0,Discesa,250.71666666666667,26.71156837318303,Valvan-Valvan
1734874092.0,46.503664,12.934253,1651.453716,2.7,10.6,POINT (1439834.457751371 5861432.385547053),2.0,18.310203762899697,-1.7645820000000185,18.395034967991506,-5.504681319654998,9.197517483995753,1.7776373803338004,0.8888186901669002,-0.09607481330100617,-0.9410446596117706,28718.413533505845,15045.0,Discesa,250.75,33.11106294238471,Valvan-Valvan
1734874094.0,46.503529,12.934351,1649.328907,2.9,10.6,POINT (1439845.3670614688 5861410.552140342),2.0,24.407185323545892,-2.124808999999914,24.499500172542188,-4.975437370432731,12.249750086271094,3.0522326022753408,1.5261163011376704,-0.08683776384081993,-0.8508082264209,28735.200039551157,15047.0,Discesa,250.78333333333333,44.09910031057594,Valvan-Valvan
1734874096.0,46.503395,12.934455,1646.72496,2.9,10.6,POINT (1439856.9442885113 5861388.880516187),2.0,24.570133892600527,-2.603947000000062,24.7077319776447,-6.049634550614857,12.35386598882235,0.10411590255125525,0.05205795127562762,-0.1055860414506368,-1.0338755533333939,28752.099858256766,15049.0,Discesa,250.81666666666666,44.47391755976046,Valvan-Valvan
1734874098.0,46.503281,12.93451,1643.565945,2.8,10.6,POINT (1439863.066860505 5861370.443504855),2.0,19.42702433937341,-3.159014999999954,19.682191200494714,-9.235987945555431,9.841095600247357,-2.5127703885749924,-1.2563851942874962,-0.16119839932444904,-1.5745166193294886,28765.45693892959,15051.0,Discesa,250.85,35.42794416089048,Valvan-Valvan
1734874100.0,46.503191,12.934578,1641.561982,2.9,10.7,POINT (1439870.636585879 5861355.887996898),2.0,16.406204744671324,-2.0039630000001125,16.528140301602154,-6.963990639680192,8.264070150801077,-1.57702544944628,-0.78851272472314,-0.12154456574048543,-1.189418571676541,28776.741164733576,15053.0,Discesa,250.88333333333333,29.750652542883877,Valvan-Valvan
1734874103.0,46.503086,12.934581,1638.138881,3.0,10.7,POINT (1439870.9705443513 5861338.906601407),3.0,16.984679010701427,-3.4231009999998605,17.326192355874433,-11.394777622307874,5.775397451958145,-2.488672698842932,-0.8295575662809774,-0.19887638704184327,-1.938141982973723,28788.415356275567,15056.0,Discesa,250.93333333333334,20.79143082704932,Valvan-Valvan
1734874106.0,46.50297,12.934625,1633.72589,3.0,10.8,POINT (1439875.8686019462 5861320.146240708),3.0,19.38922643454522,-4.412991000000147,19.8850846439272,-12.82210376712743,6.628361547975733,0.8529640960175886,0.2843213653391962,-0.22378792776874193,-2.177081087920962,28801.74501124898,15059.0,Discesa,250.98333333333332,23.86210157271264,Valvan-Valvan
1734874108.0,46.502865,12.934687,1630.614104,2.7,10.9,POINT (1439882.7704103752 5861303.164914247),2.0,18.33031390872554,-3.111785999999938,18.592568948432397,-9.634776991428396,9.296284474216199,2.6679229262404656,1.3339614631202328,-0.168158581195819,-1.6418721234632403,28814.34985324181,15061.0,Discesa,251.01666666666668,33.46662410717832,Valvan-Valvan
1734874110.0,46.502783,12.934753,1626.871301,2.7,11.0,POINT (1439890.1174967678 5861289.903329722),2.0,15.160781726995554,-3.7428030000000945,15.615949438648038,-13.867549563673649,7.807974719324019,-1.48830975489218,-0.74415487744609,-0.2420343990696082,-2.3512433601462606,28824.778284026583,15063.0,Discesa,251.05,28.10870898956647,Valvan-Valvan
1734874112.0,46.502727,12.934886,1623.905232,2.9,11.0,POINT (1439904.9229890432 5861280.846649346),2.0,17.355865318230006,-2.966068999999834,17.607487789497377,-9.698000458315015,8.803743894748688,0.9957691754246696,0.4978845877123348,-0.1692620388575161,-1.652543351888872,28836.73540523233,15065.0,Discesa,251.08333333333334,31.693478021095277,Valvan-Valvan
1734874114.0,46.502647,12.935015,1620.776722,2.8,11.3,POINT (1439919.2832033555 5861267.908550706),2.0,19.328997685318484,-3.1285100000000057,19.58054458739969,-9.193921109746388,9.790272293699845,0.9865283989511564,0.4932641994755782,-0.16046419453368538,-1.56740702297677,28850.04445736728,15067.0,Discesa,251.11666666666667,35.24498025731944,Valvan-Valvan
1734874116.0,46.502609,12.935213,1618.070532,2.9,11.4,POINT (1439941.3244625325 5861261.76296052),2.0,22.881988218786717,-2.706190000000106,23.041459353973107,-6.744883949273543,11.520729676986553,1.7304573832867085,0.8652286916433543,-0.11772043257974152,-1.1521719823455254,28865.81881497749,15069.0,Discesa,251.15,41.47462683715159,Valvan-Valvan
1734874118.0,46.502552,12.935385,1616.392599,3.1,11.1,POINT (1439960.471414949 5861252.544583296),2.0,21.25051212253974,-1.677932999999939,21.316653691954027,-4.5146877825947795,10.658326845977014,-0.8624028310095397,-0.43120141550476987,-0.07879616650584084,-0.7721907466279488,28880.46307442381,15071.0,Discesa,251.18333333333334,38.36997664551725,Valvan-Valvan
1734874120.0,46.50252,12.93557,1614.399012,3.1,10.5,POINT (1439981.065520746 5861247.369358214),2.0,21.234409533371096,-1.993586999999934,21.327787915240766,-5.363477671222907,10.663893957620383,0.005567111643369316,0.002783555821684658,-0.09361034472003765,-0.9169768823528072,28895.102243584766,15073.0,Discesa,251.21666666666667,38.39001824743338,Valvan-Valvan
1734874122.0,46.502521,12.935772,1613.110122,2.7,10.3,POINT (1440003.552057886 5861247.531083953),2.0,22.487118707552547,-1.2888900000000376,22.524025954514876,-3.2804223781176662,11.262012977257438,0.5981190196370552,0.2990595098185276,-0.05725417135425566,-0.5613566120698735,28910.607969332246,15075.0,Discesa,251.25,40.54324671812678,Valvan-Valvan
1734874124.0,46.502526,12.93598,1610.994255,2.7,10.2,POINT (1440026.706511971 5861248.339712687),2.0,23.168569753142133,-2.11586699999998,23.26498479621041,-5.218056072363549,11.632492398105205,0.37047942084776686,0.18523971042388343,-0.09107225901642742,-0.8921843470699719,28926.583521461962,15077.0,Discesa,251.28333333333333,41.87697263317874,Valvan-Valvan
1734874126.0,46.50254,12.936182,1609.373054,2.5,10.3,POINT (1440049.1930491114 5861250.603873535),2.0,22.600238425954593,-1.6212010000001555,22.658311269651055,-4.103015980190449,11.329155634825527,-0.3033367632796775,-0.15166838163983876,-0.07161113811626577,-0.7019049928625353,28942.166749505996,15079.0,Discesa,251.31666666666666,40.7849602853719,Valvan-Valvan
1734874129.0,46.502461,12.936306,1608.139323,2.4,11.0,POINT (1440062.9966659697 5861237.827544955),3.0,18.808891789976098,-1.233730999999807,18.849310399783615,-3.7528241828395887,6.283103466594539,-5.046052168230989,-1.6820173894103296,-0.0654991382390165,-0.642087209202998,28955.117173423758,15082.0,Discesa,251.36666666666667,22.61917247974034,Valvan-Valvan
1734874132.0,46.502398,12.93641,1607.355723,3.2,11.1,POINT (1440074.5738930122 5861227.638840533),3.0,15.422123193249686,-0.7836000000002059,15.442017768017566,-2.908704309475156,5.147339256005855,-1.1357642105886834,-0.3785880701962278,-0.05076646716728957,-0.4978051518580066,28965.736574714578,15085.0,Discesa,251.41666666666666,18.53042132162108,Valvan-Valvan
1734874135.0,46.50239,12.936568,1605.344059,3.2,10.2,POINT (1440092.1623725574 5861226.345037642),3.0,17.636001208678156,-2.0116639999998824,17.75036142396523,-6.507361853068931,5.916787141321744,0.7694478853158886,0.2564826284386295,-0.1135748899547323,-1.1117758883126112,28977.897092197978,15088.0,Discesa,251.46666666666667,21.300433708758277,Valvan-Valvan
1734874137.0,46.502388,12.9367,1604.574764,3.3,10.0,POINT (1440106.8565453421 5861226.021586949),2.0,14.697732280082045,-0.7692950000000565,14.717851370835039,-2.9961881628223,7.358925685417519,1.4421385440957755,0.7210692720478877,-0.0522933484505291,-0.5127639734802116,28988.03174950983,15090.0,Discesa,251.5,26.49213246750307,Valvan-Valvan
1734874139.0,46.502391,12.936846,1604.161207,3.4,9.9,POINT (1440123.109190998 5861226.506762993),2.0,16.25988581156777,-0.4135569999998552,16.265144204631934,-1.4569575404187416,8.132572102315967,0.7736464168984476,0.3868232084492238,-0.025428706142065403,-0.24942872432961538,28999.243557789843,15092.0,Discesa,251.53333333333333,29.27725956833748,Valvan-Valvan
1734874142.0,46.502434,12.937024,1601.744984,3.5,10.0,POINT (1440142.9240603591 5861233.460955899),3.0,20.999758255396962,-2.4162230000001728,21.13830599577087,-6.563564520871623,7.046101998590291,-1.0864701037256763,-0.3621567012418921,-0.1145558115562939,-1.121336195754947,29013.718675640983,15095.0,Discesa,251.58333333333334,25.365967194925048,Valvan-Valvan
1734874145.0,46.502432,12.937215,1597.830932,2.8,10.3,POINT (1440164.1860831007 5861233.137504945),3.0,21.264482866614998,-3.914051999999856,21.621702861783707,-10.429423680981088,7.207234287261236,0.1611322886709452,0.05371076289031507,-0.1820277823185867,-1.775847645555472,29028.38136251157,15098.0,Discesa,251.63333333333333,25.94604343414045,Valvan-Valvan
1734874148.0,46.502434,12.937405,1595.283326,2.7,10.4,POINT (1440185.3367863514 5861233.460955899),3.0,21.15317632219032,-2.547606000000087,21.306035878335265,-6.867403972102335,7.102011959445089,-0.10522232781614704,-0.035074109272049014,-0.11985881037772256,-1.1730016321531507,29042.96729908336,15101.0,Discesa,251.68333333333334,25.56724305400232,Valvan-Valvan
1734874150.0,46.502434,12.937538,1593.005509,2.8,10.4,POINT (1440200.142278627 5861233.460955899),2.0,14.80549227562733,-2.2778169999999136,14.979687974358782,-8.746347342877726,7.489843987179391,0.38783202773430236,0.19391601386715118,-0.15265255865627375,-1.491712297896223,29053.17626838673,15103.0,Discesa,251.71666666666667,26.96343835384581,Valvan-Valvan
1734874153.0,46.502451,12.937701,1590.055223,3.1,10.6,POINT (1440218.2873556265 5861236.210289495),3.0,18.35218391736916,-2.9502860000000055,18.587814342163504,-9.132696010167676,6.195938114054502,-1.2939058731248894,-0.43130195770829644,-0.15939561496117546,-1.557058034217021,29065.82991655125,15106.0,Discesa,251.76666666666668,22.305377210596205,Valvan-Valvan
1734874156.0,46.502461,12.937876,1587.226896,3.1,10.8,POINT (1440237.768266515 5861237.827544955),3.0,19.547925830444296,-2.828327000000172,19.751476853427476,-8.23281140827912,6.5838256178091585,0.38788750375465675,0.12929583458488558,-0.1436896657702218,-1.4047500384857017,29079.308681704053,15109.0,Discesa,251.81666666666666,23.701772224112972,Valvan-Valvan
1734874158.0,46.502454,12.938021,1585.649345,3.2,11.1,POINT (1440253.9095926802 5861236.695466103),2.0,16.18097688314943,-1.5775509999998576,16.25769602528651,-5.568406501042073,8.128848012643255,1.5450223948340964,0.7725111974170482,-0.09718702753264123,-0.9519045802017864,29090.46592338347,15111.0,Discesa,251.85,29.263852845515718,Valvan-Valvan
1734874160.0,46.502448,12.938164,1583.20282,3.2,11.2,POINT (1440269.8282798636 5861235.725112917),2.0,15.94823460289863,-2.446525000000065,16.13479691612877,-8.721419903624156,8.067398458064385,-0.06144955457886958,-0.03072477728943479,-0.15221749276720806,-1.4874937921288114,29101.462725670117,15113.0,Discesa,251.88333333333333,29.042634449031787,Valvan-Valvan
1734874163.0,46.502417,12.938336,1580.396294,3.3,11.9,POINT (1440288.9752322799 5861230.711623163),3.0,19.792444678316677,-2.8065260000000762,19.990434075649848,-8.07061411522249,6.663478025216616,-1.4039204328477695,-0.4679734776159232,-0.14085878896856147,-1.377259741124743,29115.10761214471,15116.0,Discesa,251.93333333333334,23.988520890779817,Valvan-Valvan
1734874166.0,46.502386,12.93849,1577.441916,3.4,13.3,POINT (1440306.1184338622 5861225.698136267),3.0,17.861254472939883,-2.954377999999906,18.103943236598994,-9.392089575121542,6.034647745532998,-0.6288302796836183,-0.20961009322787275,-0.1639228867281062,-1.6008914633254074,29127.42057298969,15119.0,Discesa,251.98333333333332,21.724731883918793,Valvan-Valvan
1734874182.0,46.502241,12.939045,1560.198091,3.2,18.6,POINT (1440367.9007512524 5861202.247993585),16.0,66.0830079062265,-17.243825000000015,68.29577903915454,-14.62475380476151,4.268486189947159,-1.766161555585839,-0.11038509722411494,-0.25525010618665633,-2.4769015835227273,29172.969268613244,15135.0,Discesa,252.25,15.366550283809772,Valvan-Valvan
1734874184.0,46.502266,12.939194,1558.038635,3.0,18.3,POINT (1440384.4873553808 5861206.29111717),2.0,17.07226654067544,-2.1594559999998637,17.20829843569089,-7.209008661610907,8.604149217845444,4.335663027898286,2.167831513949143,-0.12582093694990007,-1.231049277717163,29184.739208528106,15137.0,Discesa,252.28333333333333,30.9749371842436,Valvan-Valvan
1734874186.0,46.502315,12.939375,1555.489879,3.1,18.7,POINT (1440404.6361832141 5861214.2156447945),2.0,21.651175513852174,-2.5487560000001395,21.800677931641683,-6.71390574162837,10.900338965820842,2.296189747975397,1.1480948739876986,-0.11717976085996677,-1.146904533813207,29199.662227912722,15139.0,Discesa,252.31666666666666,39.24122027695503,Valvan-Valvan
1734874188.0,46.502337,12.939566,1553.17634,3.2,18.6,POINT (1440425.8982059557 5861217.773598296),2.0,21.557658596903437,-2.3135389999999916,21.681446143769232,-6.125461735974089,10.840723071884616,-0.05961589393622546,-0.02980794696811273,-0.10690947549767545,-1.0467852300766476,29214.52582411372,15141.0,Discesa,252.35,39.026603058784616,Valvan-Valvan
1734874190.0,46.502292,12.939746,1550.695008,3.3,18.5,POINT (1440445.9357142986 5861210.495967673),2.0,21.318199925616295,-2.481332000000066,21.462121436679343,-6.639068546853766,10.731060718339672,-0.10966235354494458,-0.05483117677247229,-0.11587360540819364,-1.1341780444126899,29229.22014859543,15143.0,Discesa,252.38333333333333,38.63181858602282,Valvan-Valvan
1734874192.0,46.50221,12.939883,1547.951794,3.4,18.5,POINT (1440461.186484537 5861197.234522918),2.0,20.210193216630888,-2.7432139999998526,20.395517470840215,-7.7297562260861294,10.197758735420107,-0.5333019829195642,-0.2666509914597821,-0.13490969652173415,-1.3194531287805533,29243.136837216272,15145.0,Discesa,252.41666666666666,36.711931447512384,Valvan-Valvan
1734874194.0,46.502092,12.939903,1545.051671,4.0,19.3,POINT (1440463.412874353 5861178.151015568),2.0,19.21294002525505,-2.9001230000001215,19.430588715455258,-8.583786454327914,9.715294357727629,-0.4824643776924784,-0.2412321888462392,-0.14981533591611196,-1.4641968417236713,29256.34338249451,15147.0,Discesa,252.45,34.97505968781947,Valvan-Valvan
1734874196.0,46.501978,12.939956,1543.128331,4.1,19.5,POINT (1440469.312807365 5861159.714446108),2.0,19.357590319876035,-1.923340000000053,19.4529056890676,-5.674196166791811,9.7264528445338,0.011158486806170487,0.005579243403085243,-0.09903340551455843,-0.969930441322408,29269.65276633101,15149.0,Discesa,252.48333333333332,35.01523024032168,Valvan-Valvan
1734874204.0,46.502171,12.940859,1533.71635,4.1,18.0,POINT (1440569.8343075514 5861190.927257432),8.0,105.25593375406234,-9.411980999999969,105.67590537480112,-5.10979583303193,13.20948817185014,3.4830353273163404,0.43537941591454254,-0.0891827613910936,-0.8737236107183289,29342.2110658953,15157.0,Discesa,252.61666666666667,47.5541574186605,Valvan-Valvan
1734874206.0,46.502218,12.941085,1531.377937,3.9,14.9,POINT (1440594.9925124706 5861198.528321526),2.0,26.28138980576186,-2.338412999999946,26.385216040066304,-5.084559925447054,13.192608020033152,-0.016880151816987876,-0.008440075908493938,-0.08874231171400851,-0.8694198863168311,29360.328379611434,15159.0,Discesa,252.65,47.49338887211935,Valvan-Valvan
1734874208.0,46.502218,12.941299,1528.826413,3.4,13.6,POINT (1440618.8148835006 5861198.528321526),2.0,23.82237102999352,-2.551523999999972,23.95862342066527,-6.113427961098217,11.979311710332635,-1.2132963097005174,-0.6066481548502587,-0.1066994465046477,-1.0447365860932547,29376.754906552596,15161.0,Discesa,252.68333333333334,43.12552215719749,Valvan-Valvan
1734874210.0,46.502276,12.941469,1526.531316,3.4,12.2,POINT (1440637.7391969354 5861207.908367127),2.0,21.121432111980297,-2.2950969999999415,21.2457610995794,-6.201542131055224,10.6228805497897,-1.3564311605429342,-0.6782155802714671,-0.10823732888805936,-1.05973617346404,29391.30988365041,15163.0,Discesa,252.71666666666667,38.24236997924292,Valvan-Valvan
1734874212.0,46.502393,12.94156,1524.137658,3.4,12.0,POINT (1440647.8692705976 5861226.830213702),2.0,21.462867241175495,-2.3936579999999594,21.595931765804597,-6.363646502227913,10.797965882902298,0.1750853331125981,0.08754266655629905,-0.11106658389689775,-1.0873244662303065,29406.072802393282,15165.0,Discesa,252.75,38.87267717844828,Valvan-Valvan
1734874214.0,46.502496,12.941583,1521.73615,3.4,11.9,POINT (1440650.4296188857 5861243.487941402),2.0,16.8533461210203,-2.401508000000149,17.023587052938485,-8.109735212769172,8.511793526469242,-2.286172356433056,-1.143086178216528,-0.14154158092774494,-1.3838912684348113,29417.657711189833,15167.0,Discesa,252.78333333333333,30.642456695289273,Valvan-Valvan
1734874216.0,46.502616,12.941522,1519.000242,3.5,11.8,POINT (1440643.6391299476 5861262.895042599),2.0,20.56079562895417,-2.735907999999881,20.742022791427175,-7.579497943631284,10.371011395713587,1.859217869244345,0.9296089346221725,-0.13228719476450548,-1.2939556450150893,29431.794960130126,15169.0,Discesa,252.81666666666666,37.335641024568915,Valvan-Valvan
1734874218.0,46.50272,12.941416,1516.021108,3.4,11.4,POINT (1440631.8392639235 5861279.714564954),2.0,20.54587964606051,-2.9791340000001583,20.7607420344351,-8.250336567813264,10.38037101721755,0.009359621503962856,0.004679810751981428,-0.1439955375060299,-1.4077196514231807,29445.93188813347,15171.0,Discesa,252.85,37.36933566198318,Valvan-Valvan
1734874220.0,46.50282,12.941384,1514.475937,3.7,11.1,POINT (1440628.2770402178 5861295.887212945),2.0,16.560313426299007,-1.545170999999982,16.632243811239064,-5.330587094201015,8.316121905619532,-2.064249111598018,-1.032124555799009,-0.09303629585812485,-0.9113699679989589,29457.316144298566,15173.0,Discesa,252.88333333333333,29.938038860230318,Valvan-Valvan
1734874222.0,46.502919,12.941477,1513.167709,3.8,10.9,POINT (1440638.6297528616 5861311.898163759),2.0,19.066441856136446,-1.3082279999998718,19.11127064204302,-3.925150078222613,9.55563532102151,1.2395134154019782,0.6197567077009891,-0.06850679249989758,-0.6715260811474123,29470.433606712,15175.0,Discesa,252.91666666666666,34.40028715567744,Valvan-Valvan
1734874224.0,46.502983,12.941642,1510.917431,2.9,10.6,POINT (1440656.9974688427 5861322.248692934),2.0,21.08332147859398,-2.2502779999999802,21.203070429704894,-6.0922640892348685,10.601535214852447,1.0458998938309367,0.5229499469154684,-0.10633006725816209,-1.0411335119216056,29484.96010964745,15177.0,Discesa,252.95,38.16552677346881,Valvan-Valvan
1734874226.0,46.503051,12.941823,1509.386927,2.9,10.2,POINT (1440677.146296676 5861333.24614353),2.0,22.95472026977398,-1.5305040000000645,23.00568680038891,-3.8145452808469327,11.502843400194456,0.9013081853420086,0.4506540926710043,-0.06657637461719076,-0.6526318631681458,29500.77657380083,15179.0,Discesa,252.98333333333332,41.410236240700044,Valvan-Valvan
1734874228.0,46.503174,12.941941,1507.085743,3.2,10.2,POINT (1440690.2819965896 5861353.138625881),2.0,23.83815148639704,-2.301183999999921,23.948964781181445,-5.5138861247160715,11.974482390590723,0.4716389903962668,0.2358194951981334,-0.09623546745632613,-0.9426133967067274,29517.17729862194,15181.0,Discesa,253.01666666666668,43.1081366061266,Valvan-Valvan
1734874230.0,46.503307,12.942077,1503.925744,3.4,10.3,POINT (1440705.4214473376 5861374.648433859),2.0,26.3035132298646,-3.159999000000198,26.492648072883622,-6.850455188879405,13.246324036441811,1.2718416458510884,0.6359208229255442,-0.11956299830627565,-1.1701204841705264,29535.27575427107,15183.0,Discesa,253.05,47.68676653119052,Valvan-Valvan
1734874232.0,46.503463,12.942214,1500.881866,3.5,10.6,POINT (1440720.6722175763 5861399.878050129),2.0,29.480833264650048,-3.0438779999999497,29.63755595957569,-5.89486612164559,14.818777979787845,1.5724539433460336,0.7862269716730168,-0.10288482278698412,-1.007520431871232,29555.55622862421,15185.0,Discesa,253.08333333333334,53.34760072723624,Valvan-Valvan
1734874234.0,46.503608,12.942343,1496.71984,3.1,10.6,POINT (1440735.0324318886 5861423.328719912),2.0,27.498175728130725,-4.162025999999969,27.811366899162536,-8.606758579599633,13.905683449581268,-0.9130945302065765,-0.45654726510328825,-0.15021627513828406,-1.468085880425718,29574.473048366577,15187.0,Discesa,253.11666666666667,50.06046041849257,Valvan-Valvan
1734874236.0,46.503729,12.942471,1495.447308,3.4,10.5,POINT (1440749.28132671 5861442.8979474),2.0,24.207140849332735,-1.2725319999999556,24.240565294366743,-3.0091807606291123,12.120282647183371,-1.7854008023978967,-0.8927004011989483,-0.052520112060645364,-0.5149854703636226,29591.129746975526,15189.0,Discesa,253.15,43.63301752986014,Valvan-Valvan
1734874238.0,46.503853,12.94258,1493.508788,3.4,10.4,POINT (1440761.4151512065 5861462.952407533),2.0,23.439519366995558,-1.9385199999999259,23.51954353184091,-4.727776927890468,11.759771765920455,-0.3605108812629165,-0.18025544063145826,-0.0825152736915112,-0.8085565595375647,29607.254176048074,15191.0,Discesa,253.18333333333334,42.33517835731364,Valvan-Valvan
1734874240.0,46.50399,12.94266,1490.457985,3.0,10.3,POINT (1440770.3207104702 5861485.109404578),2.0,23.879729978197776,-3.050803000000087,24.073821939535215,-7.280498246396098,12.036910969767607,0.2771392038471525,0.13856960192357626,-0.1270686655852853,-1.2431917750812556,29623.67463268429,15193.0,Discesa,253.21666666666667,43.33287949116339,Valvan-Valvan
1734874242.0,46.504102,12.942718,1489.946919,3.1,10.4,POINT (1440776.777240936 5861503.223195471),2.0,19.230085963673357,-0.511066000000028,19.23687590609824,-1.5223558464579592,9.61843795304912,-2.4184730167184867,-1.2092365083592433,-0.026570121907676644,-0.2606222280828322,29636.896703835395,15195.0,Discesa,253.25,34.626376630976836,Valvan-Valvan
1734874244.0,46.504202,12.942767,1489.339171,3.1,10.6,POINT (1440782.2318959848 5861519.396254588),2.0,17.06813120719679,-0.6077479999999014,17.078947875603717,-2.039279509981244,8.539473937801858,-1.0789640152472622,-0.5394820076236311,-0.03559214181762928,-0.3490851967828425,29648.63185504701,15197.0,Discesa,253.28333333333333,30.74210617608669,Valvan-Valvan
1734874246.0,46.504299,12.942817,1489.091467,2.9,10.6,POINT (1440787.7978705247 5861535.084150355),2.0,16.646024936503945,-0.2477040000001125,16.647867835201215,-0.8525366506853227,8.323933917600607,-0.21554002020125118,-0.10777001010062559,-0.014879571548383652,-0.14596321066791634,29660.077121386752,15199.0,Discesa,253.31666666666666,29.966162103362187,Valvan-Valvan
1734874249.0,46.50439,12.942852,1488.462218,2.6,10.5,POINT (1440791.6940527023 5861549.801686265),3.0,15.224522941671113,-0.6292490000000726,15.237521225759496,-2.366760749424887,5.079173741919832,-3.244760175680775,-1.0815867252269251,-0.04130776768443276,-0.4051139682460413,29670.54344179474,15202.0,Discesa,253.36666666666667,18.285025470911396,Valvan-Valvan
1734874253.0,46.504507,12.942845,1487.501572,2.9,10.5,POINT (1440790.9148162669 5861568.724268635),4.0,18.938620144572226,-0.960645999999997,18.962968483803188,-2.9037927781023467,4.740742120950797,-0.33843162096903523,-0.08460790524225881,-0.05068074477351905,-0.4969652967597992,29683.5603923003,15206.0,Discesa,253.43333333333334,17.06667163542287,Valvan-Valvan
1734874256.0,46.504624,12.942831,1484.784268,2.7,10.5,POINT (1440789.3563433958 5861587.646891732),3.0,18.98669277572324,-2.7173039999997854,19.18015233485167,-8.144649858603104,6.393384111617223,1.6526419906664263,0.5508806635554754,-0.1421509564547148,-1.3898092035254968,29696.610566937874,15209.0,Discesa,253.48333333333332,23.016182801822005,Valvan-Valvan
1734874259.0,46.504744,12.942836,1483.835785,2.7,10.5,POINT (1440789.9129408498 5861607.054752596),3.0,19.415840544266903,-0.9484830000001239,19.438993905078725,-2.796732145841504,6.479664635026242,0.0862805234090187,0.0287601744696729,-0.04881218424130049,-0.47865739736510987,29709.955427599194,15212.0,Discesa,253.53333333333333,23.32679268609447,Valvan-Valvan
1734874261.0,46.504842,12.942888,1481.354386,2.8,10.6,POINT (1440795.701554371 5861622.904537415),2.0,16.873758482332953,-2.4813990000000103,17.05523574499351,-8.3657662358907,8.527617872496755,2.047953237470513,1.0239766187352566,-0.14601016526846533,-1.4272757383107852,29721.55737941655,15214.0,Discesa,253.56666666666666,30.69942434098832,Valvan-Valvan
1734874264.0,46.504921,12.942998,1480.536554,3.6,10.4,POINT (1440807.9466983583 5861635.681425569),3.0,17.697243349054453,-0.817831999999953,17.71613025849257,-2.64589275592049,5.905376752830857,-2.6222411196658983,-0.8740803732219661,-0.04617954024547924,-0.45286029188872057,29733.73954972556,15217.0,Discesa,253.61666666666667,21.259356310191084,Valvan-Valvan
1734874268.0,46.505044,12.943026,1479.54055,3.5,10.1,POINT (1440811.0636441004 5861655.574592187),4.0,20.13587417689829,-0.9960040000000845,20.1604923758299,-2.831779312477944,5.040123093957475,-0.8652536588733817,-0.21631341471834542,-0.04942387269260147,-0.4846508238913296,29747.58025142092,15221.0,Discesa,253.68333333333334,18.14444313824691,Valvan-Valvan
1734874271.0,46.505136,12.943173,1475.565785,3.5,10.1,POINT (1440827.4276092472 5861670.454063308),3.0,22.117369106066356,-3.974764999999934,22.471688253871868,-10.18801058211403,7.490562751290622,2.4504396573331473,0.8168132191110491,-0.17781432888591395,-1.735180917850307,29762.808357144597,15224.0,Discesa,253.73333333333332,26.96602590464624,Valvan-Valvan
1734874273.0,46.5052,12.943303,1472.988214,3.3,10.0,POINT (1440841.8991430502 5861680.8050145935),2.0,17.79234338469697,-2.5775710000000345,17.97807985795511,-8.243073772020862,8.989039928977554,1.4984771776869321,0.7492385888434661,-0.14386877780655247,-1.4064889971445738,29775.0630622316,15226.0,Discesa,253.76666666666668,32.360543744319195,Valvan-Valvan
1734874275.0,46.505282,12.943409,1470.928987,3.4,10.0,POINT (1440853.6990090744 5861694.067188736),2.0,17.751678826946346,-2.0592269999999644,17.870716745911007,-6.616840626120978,8.935358372955504,-0.053681556022050714,-0.026840778011025357,-0.11548565500553418,-1.1303976867420182,29787.281185830772,15228.0,Discesa,253.8,32.167290142639814,Valvan-Valvan
1734874277.0,46.505351,12.943534,1468.176233,2.7,10.0,POINT (1440867.6139454234 5861705.226838574),2.0,17.837130881926747,-2.7527540000000954,18.0482933454524,-8.773083499803079,9.0241466727262,0.08878829977069636,0.04439414988534818,-0.15311919262395102,-1.496236581660239,29799.56463274343,15230.0,Discesa,253.83333333333334,32.48692802181432,Valvan-Valvan
1734874279.0,46.505417,12.943662,1466.603538,2.6,10.0,POINT (1440881.862840245 5861715.9012995),2.0,17.803795092627524,-1.5726949999998396,17.87312197863855,-5.0481092686788545,8.936560989319275,-0.08758568340692463,-0.043792841703462315,-0.08810612773888907,-0.8632033042933238,29811.82635590657,15232.0,Discesa,253.86666666666667,32.17161956154939,Valvan-Valvan
1734874281.0,46.505438,12.943814,1464.833277,2.6,10.1,POINT (1440898.7834028455 5861719.297721602),2.0,17.258074104970238,-1.7702610000001187,17.348629508429926,-5.856677617293444,8.674314754214963,-0.2622462351043122,-0.1311231175521561,-0.102218307649627,-1.001016270568385,29823.72435914897,15234.0,Discesa,253.9,31.22753311517387,Valvan-Valvan
1734874283.0,46.505472,12.943982,1460.448085,2.6,10.2,POINT (1440917.485077299 5861724.796693504),2.0,19.49336603411346,-4.385191999999961,19.980521219847894,-12.67810241391512,9.990260609923947,1.3159458557089838,0.6579729278544919,-0.2212746300278598,-2.1530335994071286,29837.16165824082,15236.0,Discesa,253.93333333333334,35.96493819572621,Valvan-Valvan
1734874285.0,46.505485,12.944148,1457.10378,2.6,10.3,POINT (1440935.9641127705 5861726.899242493),2.0,18.598265086090834,-3.3443050000000767,18.89655630387534,-10.193879300028359,9.44827815193767,-0.5419824579862773,-0.27099122899313866,-0.17791675733638976,-1.7361698884400703,29849.98465693366,15238.0,Discesa,253.96666666666667,34.01380134697561,Valvan-Valvan
1734874288.0,46.505492,12.944337,1453.949052,2.6,10.5,POINT (1440957.0034965305 5861728.031384464),3.0,21.069822363779483,-3.1547279999999773,21.304687822054703,-8.515485283234913,7.101562607351568,-2.346715544586102,-0.782238514862034,-0.1486232555975711,-1.4526324881401176,29864.512181287348,15241.0,Discesa,254.01666666666668,25.565625386465644,Valvan-Valvan
1734874291.0,46.505528,12.944513,1450.648268,3.0,10.8,POINT (1440976.5957269103 5861733.853831192),3.0,20.439089440254637,-3.3007840000000215,20.703901858378888,-9.173703410004965,6.901300619459629,-0.20026198789193828,-0.06675399596397942,-0.16011132910601794,-1.5639897861521073,29878.601308202004,15244.0,Discesa,254.06666666666666,24.844682230054666,Valvan-Valvan
1734874294.0,46.505529,12.944679,1446.530696,3.4,10.9,POINT (1440995.0747623818 5861734.015565879),3.0,18.479743235998367,-4.117571999999882,18.932916025895494,-12.561192680805512,6.310972008631832,-0.5903286108277976,-0.19677620360926587,-0.2192341702574693,-2.1335002629679867,29891.343091972518,15247.0,Discesa,254.11666666666667,22.719499231074593,Valvan-Valvan
1734874296.0,46.505564,12.944819,1444.263623,3.4,10.8,POINT (1441010.659491093 5861739.676281775),2.0,16.580937050104094,-2.267072999999982,16.735205210777774,-7.785642218836533,8.367602605388887,2.0566305967570555,1.0283152983785278,-0.13588509110097438,-1.3289341749856092,29902.771412977196,15249.0,Discesa,254.15,30.123369379399996,Valvan-Valvan
1734874298.0,46.505644,12.944991,1439.241548,3.3,10.7,POINT (1441029.8064435092 5861752.615074654),2.0,23.108832683432368,-5.022075000000086,23.648242752824107,-12.261022889272434,11.824121376412053,3.456518771023166,1.728259385511583,-0.21399521908019212,-2.083307257327497,29918.689056103394,15251.0,Discesa,254.18333333333334,42.566836955083396,Valvan-Valvan
1734874300.0,46.505702,12.945197,1437.207096,3.4,10.6,POINT (1441052.7382586128 5861761.995711398),2.0,24.77628885998924,-2.034451999999874,24.859675875077908,-4.694189141867221,12.429837937538954,0.6057165611269006,0.3028582805634503,-0.0819290562369502,-0.8028251945153818,29935.7644842725,15253.0,Discesa,254.21666666666667,44.747416575140235,Valvan-Valvan
1734874302.0,46.505724,12.945364,1434.081129,3.5,10.5,POINT (1441071.328613575 5861765.553886576),2.0,18.927807802696297,-3.1259670000001734,19.184201257829343,-9.377867997980667,9.592100628914672,-2.8377373086242823,-1.4188686543121412,-0.1636746733821716,-1.5984890826500577,29948.813702069725,15255.0,Discesa,254.25,34.53156226409282,Valvan-Valvan
1734874304.0,46.505777,12.945517,1431.739238,3.6,10.4,POINT (1441088.3604956665 5861774.125859959),2.0,19.067347357783962,-2.3418910000000324,19.210626973586056,-7.002116971611156,9.605313486793028,0.013212857878356132,0.006606428939178066,-0.12220999576438898,-1.1958980173624056,29961.952143048708,15257.0,Discesa,254.28333333333333,34.579128552454904,Valvan-Valvan
1734874306.0,46.505849,12.94567,1430.548082,3.5,10.4,POINT (1441105.3923777577 5861785.770818321),2.0,20.632257821688096,-1.1911559999998644,20.666613545449223,-3.304172435661779,10.333306772724612,0.7279932859315839,0.36399664296579193,-0.05766868805593855,-0.5654163094645834,29976.163608277133,15259.0,Discesa,254.31666666666666,37.1999043818086,Valvan-Valvan
1734874308.0,46.505978,12.945826,1428.365393,3.2,10.6,POINT (1441122.7582183217 5861806.634740626),2.0,27.145453992534634,-2.182688999999982,27.233064530668145,-4.597100993208578,13.616532265334072,3.2832254926094606,1.6416127463047303,-0.08023454837819116,-0.7862566868259278,29994.845107000958,15261.0,Discesa,254.35,49.01951615520266,Valvan-Valvan
1734874310.0,46.506088,12.945994,1425.470741,4.1,10.7,POINT (1441141.459892775 5861824.425721236),2.0,25.812237764065248,-2.894651999999951,25.974037587362883,-6.398565541370363,12.987018793681441,-0.6295134716526309,-0.31475673582631547,-0.11167603610156629,-1.0932661518059577,30012.615600624686,15263.0,Discesa,254.38333333333333,46.75326765725319,Valvan-Valvan
1734874312.0,46.506141,12.94617,1423.282862,3.7,10.6,POINT (1441161.0521231545 5861832.997752019),2.0,21.385396956851427,-2.1878790000000663,21.497023457231272,-5.8414441279589715,10.748511728615636,-2.2385070650658054,-1.1192535325329027,-0.101952433104173,-0.9984216202164861,30027.353148357317,15265.0,Discesa,254.41666666666666,38.69464222301629,Valvan-Valvan
1734874314.0,46.50625,12.946291,1420.844947,3.2,10.4,POINT (1441174.5217815405 5861850.627049142),2.0,22.186117597789572,-2.4379149999999754,22.31966047255587,-6.27077149925685,11.159830236277935,0.4113185076622994,0.2056592538311497,-0.10944560930225318,-1.0715192634496689,30042.619573343716,15267.0,Discesa,254.45,40.17538885060057,Valvan-Valvan
1734874316.0,46.506405,12.946314,1418.076048,3.2,10.3,POINT (1441177.0821298286 5861875.696293998),2.0,25.19965120805228,-2.7688990000001468,25.35131599502662,-6.270418221617498,12.67565799751331,1.515827761235375,0.7579138806176875,-0.10943944344427282,-1.0714591382684124,30059.939759933444,15269.0,Discesa,254.48333333333332,45.63236879104792,Valvan-Valvan
1734874318.0,46.506546,12.946349,1414.677953,3.0,10.3,POINT (1441180.9783120065 5861898.501282052),2.0,23.135421235225724,-3.398095000000012,23.383643115655833,-8.355770446266245,11.691821557827916,-0.983836439685394,-0.491918219842697,-0.1458357058281819,-1.4255824802458363,30075.8420373001,15271.0,Discesa,254.51666666666668,42.0905576081805,Valvan-Valvan
1734874320.0,46.506642,12.946458,1411.316798,3.2,10.3,POINT (1441193.112136503 5861914.028116277),2.0,19.705640765323572,-3.361154999999826,19.990238640546693,-9.679681470989376,9.995119320273346,-1.69670223755457,-0.848351118777285,-0.1689423122130526,-1.6494515719846632,30089.40198654039,15273.0,Discesa,254.55,35.98242955298405,Valvan-Valvan
1734874322.0,46.506743,12.946538,1408.200794,3.6,10.3,POINT (1441202.0176957666 5861930.363669386),2.0,18.605356249374896,-3.1160039999999753,18.864484145986324,-9.507594212433794,9.432242072993162,-0.5628772472801842,-0.2814386236400921,-0.16593882295052692,-1.620399423776638,30102.198649942147,15275.0,Discesa,254.58333333333334,33.956071462775384,Valvan-Valvan
1734874325.0,46.506793,12.94668,1404.292109,3.5,10.5,POINT (1441217.825063459 5861938.4505881),3.0,17.7558758624874,-3.908685000000105,18.18100508974376,-12.414781594202198,6.060335029914587,-3.3719070430785756,-1.1239690143595251,-0.21667881473481893,-2.1090253074969825,30114.432980244528,15278.0,Discesa,254.63333333333333,21.817206107692513,Valvan-Valvan
1734874328.0,46.506903,12.946809,1400.283517,3.4,10.5,POINT (1441232.1852777714 5861956.241835446),3.0,22.863600705884988,-4.008591999999908,23.212346866713148,-9.944388181054595,7.7374489555710495,1.677113925656463,0.5590379752188209,-0.1735623158558127,-1.6941107999894105,30130.16669806784,15281.0,Discesa,254.68333333333334,27.85481624005578,Valvan-Valvan
1734874330.0,46.506989,12.946872,1396.885063,3.9,10.3,POINT (1441239.1984056917 5861970.151381178),2.0,15.577529511718089,-3.398454000000129,15.943930358558546,-12.3070337543922,7.971965179279273,0.23451622370822367,0.11725811185411184,-0.21479826016822304,-2.0910047265795604,30140.87988505016,15283.0,Discesa,254.71666666666667,28.699074645405386,Valvan-Valvan
1734874332.0,46.507108,12.946887,1394.324889,4.3,10.2,POINT (1441240.8681980534 5861989.398347029),2.0,19.319262434821034,-2.560173999999961,19.48816030146927,-7.548809194555539,9.744080150734636,1.7721149714553626,0.8860574857276813,-0.13175157504981536,-1.288746939243213,30154.15807605459,15285.0,Discesa,254.75,35.07868854264469,Valvan-Valvan
1734874334.0,46.507247,12.94688,1389.508785,3.8,10.2,POINT (1441240.0889616178 5862011.880150409),2.0,22.49530379073637,-4.816103999999996,23.005076621831407,-12.084240923442035,11.502538310915703,1.7584581601810676,0.8792290800905338,-0.21090979171830354,-2.0537197513684595,30169.618824128265,15287.0,Discesa,254.78333333333333,41.40913791929653,Valvan-Valvan
1734874336.0,46.507351,12.946951,1385.881105,4.6,10.2,POINT (1441247.9926454641 5862028.701105645),2.0,18.585283247186013,-3.627680000000055,18.936018999793315,-11.044751169740314,9.468009499896658,-2.0345288110190456,-1.0172644055095228,-0.1927672729754636,-1.879357049672847,30182.39957008095,15289.0,Discesa,254.81666666666666,34.08483419962797,Valvan-Valvan
1734874338.0,46.507494,12.946939,1382.567514,4.3,10.3,POINT (1441246.6568115747 5862051.829971642),2.0,23.167410181147563,-3.3135909999998603,23.403178839995643,-8.139702168320161,11.701589419997822,2.233579920101164,1.116789960050582,-0.1420646029689085,-1.388970615156171,30198.322285780774,15291.0,Discesa,254.85,42.12572191199216,Valvan-Valvan
1734874340.0,46.507636,12.946928,1379.444125,3.7,10.3,POINT (1441245.4322971758 5862074.797157525),2.0,22.999805714194732,-3.1233890000000883,23.210916003812216,-7.733496819523423,11.605458001906108,-0.09613141809171388,-0.04806570904585694,-0.13497498219319343,-1.3200877589220694,30214.129742886456,15293.0,Discesa,254.88333333333333,41.77964880686199,Valvan-Valvan
1734874342.0,46.507771,12.94692,1378.271255,3.8,10.2,POINT (1441244.5417412496 5862096.632213824),2.0,21.85320968308957,-1.1728699999998753,21.884661237724917,-3.072138568595983,10.942330618862458,-0.6631273830436495,-0.33156369152182474,-0.05361893309950557,-0.5257497283149585,30229.1490656854,15295.0,Discesa,254.91666666666666,39.39239022790485,Valvan-Valvan
1734874344.0,46.507914,12.946962,1375.818963,3.7,10.1,POINT (1441249.2171598626 5862119.761258531),2.0,23.59686945893929,-2.4522920000001704,23.723953808661125,-5.933134456371201,11.861976904330563,0.9196462854681045,0.4598231427340522,-0.10355273122720132,-1.0140377406745318,30245.368683361106,15297.0,Discesa,254.95,42.703116855590025,Valvan-Valvan
1734874346.0,46.508038,12.946968,1375.062939,3.7,10.2,POINT (1441249.8850768076 5862139.817262638),2.0,20.067122708183362,-0.7560240000000249,20.081359168987152,-2.1575842211536203,10.040679584493576,-1.8212973198369866,-0.9106486599184933,-0.03765694854820816,-0.3693273636305524,30259.16036744966,15299.0,Discesa,254.98333333333332,36.14644650417687,Valvan-Valvan
1734874349.0,46.508166,12.946894,1374.381375,3.6,10.2,POINT (1441241.6474344889 5862160.520282611),3.0,22.281691743871026,-0.6815639999999803,22.29211332411053,-1.752046863191734,7.430704441370177,-2.609975143123399,-0.8699917143744663,-0.030578986411934406,-0.29993310830553965,30274.480677096846,15302.0,Discesa,255.03333333333333,26.75053598893264,Valvan-Valvan
1734874351.0,46.508267,12.946838,1373.680884,4.4,10.2,POINT (1441235.4135430043 5862176.856293719),2.0,17.485041091239513,-0.700490999999829,17.499067106660714,-2.2941739839810715,8.749533553330357,1.3188291119601798,0.6594145559800899,-0.040040889634065345,-0.39269617449393546,30286.502542289065,15304.0,Discesa,255.06666666666666,31.498320791989286,Valvan-Valvan
1734874353.0,46.508371,12.946725,1371.813955,4.2,10.4,POINT (1441222.834440545 5862193.6775646005),2.0,21.004498869113057,-1.8669290000000274,21.087304157563924,-5.0792355504925535,10.543652078781962,1.794118525451605,0.8970592627258025,-0.08864938384044176,-0.8685118473729091,30300.954868079738,15306.0,Discesa,255.1,37.95714748361507,Valvan-Valvan
1734874355.0,46.50851,12.946612,1369.474249,4.0,10.6,POINT (1441210.2553380851 5862216.15989036),2.0,25.762158105657377,-2.3397059999999783,25.868185371752,-5.189337059278074,12.934092685876,2.390440607094037,1.1952203035470186,-0.09057101768016255,-0.8872874355177572,30318.673902264112,15308.0,Discesa,255.13333333333333,46.5627336691536,Valvan-Valvan
1734874357.0,46.508674,12.946464,1366.629283,4.7,10.8,POINT (1441193.780053448 5862242.685873821),2.0,31.2259956199797,-2.844966000000113,31.35532863805047,-5.205782878367564,15.677664319025235,2.7435716331492355,1.3717858165746177,-0.09085805137146148,-0.8900916581729813,30340.153804411893,15310.0,Discesa,255.16666666666666,56.439591548490846,Valvan-Valvan
1734874359.0,46.508822,12.946362,1364.801169,3.2,11.1,POINT (1441182.4254653868 5862266.624025161),2.0,26.494560943977888,-1.828113999999914,26.55755561815044,-3.947129547734038,13.27877780907522,-2.398886509950014,-1.199443254975007,-0.06889040661071365,-0.6752804587084256,30358.373292474098,15312.0,Discesa,255.2,47.80360011267079,Valvan-Valvan
1734874361.0,46.509034,12.946238,1361.992806,3.9,11.4,POINT (1441168.6218485283 5862300.913923064),2.0,36.96399513806497,-2.8083630000000994,37.07052520947957,-4.344736353196131,18.535262604739785,5.256484795664564,2.628242397832282,-0.07582995449436375,-0.7431791396080883,30383.854285564234,15314.0,Discesa,255.23333333333332,66.72694537706323,Valvan-Valvan
1734874362.0,46.509129,12.946225,1360.109954,5.0,11.5,POINT (1441167.1746951481 5862316.279722596),1.0,15.433795649256197,-1.8828519999999571,15.548221113584132,-6.955451445756871,15.548221113584132,-2.9870414911556527,-2.9870414911556527,-0.12139552869105717,-1.1879672912460755,30394.46163464353,15315.0,Discesa,255.25,55.973596008902874,Valvan-Valvan
1734874363.0,46.50922,12.946244,1358.352428,4.6,11.5,POINT (1441169.2897654732 5862330.998566276),1.0,14.870033012071321,-1.757526000000098,14.973535969194693,-6.740658258181634,14.973535969194693,-0.5746851443894396,-0.5746851443894396,-0.11764668035701552,-1.1514534773531009,30404.681877032297,15316.0,Discesa,255.26666666666668,53.904729489100895,Valvan-Valvan
1734874364.0,46.509316,12.946256,1357.516103,4.8,11.4,POINT (1441170.625599363 5862346.526164343),1.0,15.58495280352038,-0.836324999999988,15.60737624950404,-3.0716792781924047,15.60737624950404,0.6338402803093466,0.6338402803093466,-0.05361091696974032,-0.5256712030800561,30415.393027603823,15317.0,Discesa,255.28333333333333,56.18655449821454,Valvan-Valvan
1734874366.0,46.509468,12.946304,1356.284192,4.9,11.0,POINT (1441175.9689349208 5862371.111584035),2.0,25.15937392547027,-1.2319109999998545,25.189515696685277,-2.8032086321611134,12.594757848342638,-3.012618401161401,-1.5063092005807004,-0.04892522025153804,-0.479764956798628,30432.686488013238,15319.0,Discesa,255.31666666666666,45.3411282540335,Valvan-Valvan
1734874368.0,46.509582,12.946391,1354.577655,4.3,10.6,POINT (1441185.65373062 5862389.550693924),2.0,20.82777091352756,-1.7065370000000257,20.897567077503393,-4.684103613220422,10.448783538751696,-2.145974309590942,-1.072987154795471,-0.08175303055525936,-0.8011041624085696,30447.01038617907,15321.0,Discesa,255.35,37.615620739506106,Valvan-Valvan
1734874370.0,46.509667,12.946471,1354.306484,4.0,10.5,POINT (1441194.5592898834 5862403.299178219),2.0,16.3807755074672,-0.27117100000009486,16.383019866229738,-0.9484004461110304,8.191509933114869,-2.2572736056368274,-1.1286368028184137,-0.01655271041202053,-0.1623746740052709,30458.278782192625,15323.0,Discesa,255.38333333333333,29.489435759213528,Valvan-Valvan
1734874372.0,46.509755,12.946552,1353.800456,4.2,10.3,POINT (1441203.5761686375 5862417.532925789),2.0,16.84944130672543,-0.5060280000000148,16.857038194343904,-1.720208769155707,8.428519097171952,0.23700916405708305,0.11850458202854153,-0.030023306843446167,-0.2944843941604034,30469.86921703826,15325.0,Discesa,255.41666666666666,30.342668749819026,Valvan-Valvan
1734874374.0,46.509835,12.946645,1353.236034,4.0,10.2,POINT (1441213.9288812815 5862430.472716305),2.0,16.571567146531446,-0.5644219999999223,16.581176372202435,-1.9507208828511724,8.290588186101218,-0.1379309110707343,-0.06896545553536715,-0.03404650219316355,-0.33393166417804493,30481.272269160516,15327.0,Discesa,255.45,29.846117469964383,Valvan-Valvan
1734874376.0,46.509898,12.946739,1352.893882,3.9,10.2,POINT (1441224.392913416 5862440.662814741),2.0,14.605960243666834,-0.34215199999994184,14.609967235783936,-1.3419371614962112,7.304983617891968,-0.9856045682092498,-0.4928022841046249,-0.023421221822975763,-0.22974118051260145,30491.32669663803,15329.0,Discesa,255.48333333333332,26.297941024411084,Valvan-Valvan
1734874378.0,46.509962,12.946831,1351.891765,3.8,10.2,POINT (1441234.634306569 5862451.014672865),2.0,14.561837120832315,-1.0021169999999984,14.596278252189459,-3.9367759693111952,7.298139126094729,-0.006844491797238561,-0.0034222458986192805,-0.0687097025778716,-0.6735119460007114,30501.350144090615,15331.0,Discesa,255.51666666666668,26.273300853941027,Valvan-Valvan
1734874380.0,46.510016,12.946945,1351.261169,4.5,10.2,POINT (1441247.3247285192 5862459.74906264),2.0,15.405725364606926,-0.6305959999999686,15.418625922075844,-2.3439552633294305,7.709312961037922,0.4111738349431926,0.2055869174715963,-0.04090973686454927,-0.40121258478309574,30511.960673878275,15333.0,Discesa,255.55,27.75352665973652,Valvan-Valvan
1734874382.0,46.51006,12.947094,1350.224057,4.4,10.2,POINT (1441263.9113326475 5862466.865979242),2.0,18.048987185920183,-1.0371120000002065,18.078759352844305,-3.2886538113543766,9.039379676422152,1.3300667153842305,0.6650333576921152,-0.057397836966394354,-0.5627636565891541,30524.398276994136,15335.0,Discesa,255.58333333333334,32.54176683511975,Valvan-Valvan
1734874384.0,46.51012,12.947231,1348.847747,4.2,10.3,POINT (1441279.1621028862 5862476.570874801),2.0,18.076808088819345,-1.3763099999998758,18.129126286065308,-4.353916308952265,9.064563143032654,0.025183466610501526,0.012591733305250763,-0.07599017494749569,-0.744746375912037,30536.84977989571,15337.0,Discesa,255.61666666666667,32.63242731491756,Valvan-Valvan
1734874386.0,46.51023,12.947368,1347.358857,4.2,10.4,POINT (1441294.412873125 5862494.363211153),2.0,23.434018557263315,-1.488890000000083,23.481269539236198,-3.6354243890353284,11.740634769618099,2.676071626585445,1.3380358132927226,-0.06345012529596972,-0.622028160598165,30552.97654777287,15339.0,Discesa,255.65,42.26628517062516,Valvan-Valvan
1734874388.0,46.510343,12.947498,1345.497598,3.6,10.4,POINT (1441308.884406928 5862512.640830538),2.0,23.31301484152621,-1.8612590000000182,23.387196199337414,-4.564684871318797,11.693598099668707,-0.04703666994939226,-0.02351833497469613,-0.07966878032048669,-0.7807242319418125,30569.018056281267,15341.0,Discesa,255.68333333333334,42.096953158807345,Valvan-Valvan
1734874390.0,46.510404,12.947604,1344.03061,4.5,10.4,POINT (1441320.6842729521 5862522.507525822),2.0,15.381434068837043,-1.4669879999999011,15.45123191872171,-5.448045411820089,7.725615959360855,-3.9679821403078517,-1.9839910701539258,-0.09508633023443094,-0.9313919016749586,30579.608744135163,15343.0,Discesa,255.71666666666667,27.81221745369908,Valvan-Valvan
1734874394.0,46.510395,12.947762,1342.105581,5.1,10.4,POINT (1441338.2727524976 5862521.051783198),4.0,17.648620323106304,-1.925028999999995,17.753296481498918,-6.2249466694899995,4.4383241203747295,-3.2872918389861256,-0.8218229597465314,-0.10864581514365573,-1.0637198849058778,30591.77612162847,15347.0,Discesa,255.78333333333333,15.977966833349026,Valvan-Valvan
1734874396.0,46.51038,12.947902,1339.988553,4.9,10.4,POINT (1441353.8574812084 5862518.625546026),2.0,15.772456872734578,-2.1170280000001185,15.913899690366806,-7.644726714424851,7.956949845183403,3.5186257248086736,1.7593128624043368,-0.13342565158188194,-1.305025486152381,30602.649447473366,15349.0,Discesa,255.81666666666666,28.645019442660253,Valvan-Valvan
1734874398.0,46.510367,12.948074,1336.830602,5.1,10.1,POINT (1441373.004433625 5862516.5228076875),2.0,19.262068823482632,-3.157950999999912,19.519220012054326,-9.310620315312802,9.759610006027163,1.80266016084376,0.90133008042188,-0.162500979905281,-1.5871279329229027,30615.928965235762,15351.0,Discesa,255.85,35.13459602169779,Valvan-Valvan
1734874400.0,46.510391,12.948336,1333.464226,4.8,10.1,POINT (1441402.1701402126 5862520.404786553),2.0,29.422919649058667,-3.3663759999999456,29.614872750838188,-6.527022649553112,14.807436375419094,5.047826369391931,2.5239131846959655,-0.1139180355869458,-1.1151203936564202,30636.21750910209,15353.0,Discesa,255.88333333333333,53.30677095150874,Valvan-Valvan
1734874402.0,46.510397,12.948536,1331.793837,4.6,10.0,POINT (1441424.4340383715 5862521.375281537),2.0,22.285040312815443,-1.6703890000001138,22.347555149392313,-4.286624722738624,11.173777574696157,-3.6336588007229373,-1.8168294003614687,-0.07481571520917803,-0.7332576642258207,30651.58158559594,15355.0,Discesa,255.91666666666666,40.225599268906166,Valvan-Valvan
1734874404.0,46.510433,12.948725,1330.405153,4.4,9.9,POINT (1441445.4734221313 5862527.198253691),2.0,21.830315474082564,-1.388684000000012,21.874439808823098,-3.6398314756125787,10.937219904411549,-0.23655767028460772,-0.11827883514230386,-0.06352704346716319,-0.622781207613155,30666.628841580325,15357.0,Discesa,255.95,39.373991655881575,Valvan-Valvan
1734874406.0,46.510452,12.948926,1329.349853,4.5,9.9,POINT (1441467.8486397807 5862530.271490551),2.0,22.585286131715154,-1.0552999999999884,22.609927194518892,-2.6752059173985545,11.304963597259446,0.3677436928478972,0.1838718464239486,-0.046691151427440236,-0.45787378751531516,30682.19908190617,15359.0,Discesa,255.98333333333332,40.69786895013401,Valvan-Valvan
1734874408.0,46.510467,12.949108,1328.654463,4.4,9.9,POINT (1441488.1087871052 5862532.697730934),2.0,20.40490656707151,-0.6953899999998612,20.41675241714553,-1.9518588824560483,10.208376208572766,-1.0965873886866806,-0.5482936943433403,-0.03406636403315503,-0.33412639584490744,30696.266365222666,15361.0,Discesa,256.01666666666665,36.750154350861955,Valvan-Valvan
1734874410.0,46.510489,12.949266,1327.827973,4.9,9.9,POINT (1441505.6972666504 5862536.256218043),2.0,17.94484447456138,-0.8264900000001489,17.963867315706167,-2.63702188254535,8.981933657853084,-1.226442550719682,-0.613221275359841,-0.046024714297555544,-0.4513430631338827,30708.636670594635,15363.0,Discesa,256.05,32.3349611682711,Valvan-Valvan
1734874412.0,46.510509,12.949417,1327.20485,4.5,9.9,POINT (1441522.5065097602 5862539.491207572),2.0,17.117704611697594,-0.6231229999998504,17.12904239724048,-2.0847748780842243,8.56452119862024,-0.4174124592328443,-0.20870622961642216,-0.03638618578543309,-0.35686972384301663,30720.436916616105,15365.0,Discesa,256.0833333333333,30.832276315032864,Valvan-Valvan
1734874414.0,46.510514,12.949562,1326.356518,4.6,9.9,POINT (1441538.6478359255 5862540.299955141),2.0,16.161574273717182,-0.8483320000000276,16.18382371960042,-3.0047367474722724,8.09191185980021,-0.4726093388200301,-0.23630466941001504,-0.05244254939905656,-0.5142256282686294,30731.579218605093,15367.0,Discesa,256.1166666666667,29.130882695280754,Valvan-Valvan
1734874417.0,46.510537,12.949748,1325.330378,4.0,10.1,POINT (1441559.3532612128 5862544.020194914),3.0,21.036986958738826,-1.0261399999999412,21.0619985661795,-2.79255432191216,7.0206661887265005,-1.0712456710737088,-0.35708189035790294,-0.04873926745816482,-0.47794293444515246,30746.081455358195,15370.0,Discesa,256.1666666666667,25.2743982794154,Valvan-Valvan
1734874420.0,46.510578,12.949918,1324.531529,4.5,10.1,POINT (1441578.2775746477 5862550.651930589),3.0,20.052669574013866,-0.7988490000000183,20.068575354752575,-2.281316504611527,6.689525118250859,-0.3311410704756419,-0.11038035682521397,-0.039816484285559554,-0.3904965126557585,30759.901695578155,15373.0,Discesa,256.21666666666664,24.082290425703093,Valvan-Valvan
1734874423.0,46.51065,12.950051,1324.329398,4.6,10.0,POINT (1441593.0830669233 5862562.297917538),3.0,18.836974638782095,-0.2021310000000085,18.838059095439764,-0.614791332223832,6.279353031813255,-0.41017208643760394,-0.13672402881253465,-0.01073013296002818,-0.10526058443462981,30772.872802392732,15376.0,Discesa,256.26666666666665,22.605670914527717,Valvan-Valvan
1734874426.0,46.510714,12.950176,1323.766905,4.4,10.0,POINT (1441606.9980032726 5862572.649918888),3.0,17.34328070299398,-0.5624930000001314,17.35239994692067,-1.8576174990867114,5.784133315640223,-0.4952197161730316,-0.16507323872434387,-0.03242154160172587,-0.31799960506215247,30784.816326655553,15379.0,Discesa,256.31666666666666,20.822879936304805,Valvan-Valvan
1734874430.0,46.510778,12.950318,1323.477348,4.3,9.9,POINT (1441622.805370965 5862583.00193243),4.0,18.895424254173665,-0.2895570000000589,18.897642736634204,-0.8779424766412834,4.724410684158551,-1.0597226314816721,-0.26493065787041803,-0.015322986860503804,-0.15031261885875297,30797.831051258807,15383.0,Discesa,256.3833333333333,17.007878462970783,Valvan-Valvan
1734874434.0,46.510838,12.950441,1322.730604,4.5,9.9,POINT (1441636.4976683327 5862592.706956194),4.0,16.782922673274733,-0.7467439999998078,16.799527376050044,-2.5476539047795446,4.199881844012511,-0.52452884014604,-0.13113221003651,-0.04446494883969315,-0.4360574244750285,30809.38946117023,15387.0,Discesa,256.45,15.11957463844504,Valvan-Valvan
1734874439.0,46.510907,12.950555,1322.252519,4.7,9.9,POINT (1441649.188090283 5862603.867746769),5.0,16.900001643511885,-0.47808500000019194,16.90676257649375,-1.6204110368308873,3.38135251529875,-0.8185293287137609,-0.1637058657427522,-0.028281507828354084,-0.2774046082910412,30821.02471926989,15392.0,Discesa,256.53333333333336,12.1728690550755,Valvan-Valvan
1734874449.0,46.510984,12.95068,1321.381322,4.8,10.3,POINT (1441663.1030266322 5862616.322558775),10.0,18.67479037868789,-0.8711969999999383,18.695100424997527,-2.6709669317967157,1.8695100424997526,-1.5118424727989974,-0.15118424727989974,-0.046617167171743516,-0.45714879170008665,30833.881505951747,15402.0,Discesa,256.7,6.73023615299911,Valvan-Valvan
1734874453.0,46.511044,12.950789,1322.3137,4.9,10.0,POINT (1441675.2368511287 5862626.027619324),4.0,15.53762842823536,0.9323779999999715,15.56557823881887,3.434072362296271,3.8913945597047177,2.021884517204965,0.5054711293012413,0.059935869473809515,0.5876189139693518,30844.580341055636,15406.0,Discesa,256.76666666666665,14.009020414936984,Valvan-Valvan
1734874457.0,46.511104,12.950897,1321.565462,4.7,10.0,POINT (1441687.2593561343 5862635.732690587),4.0,15.450858708486447,-0.7482379999999011,15.468965541827783,-2.772494020834257,3.867241385456946,-0.024153174247771858,-0.0060382935619429645,-0.04838914915541405,-0.47451232340981253,30855.2192680274,15410.0,Discesa,256.8333333333333,13.922068987645005,Valvan-Valvan
1734874463.0,46.511184,12.950992,1321.555613,4.2,10.0,POINT (1441697.8347077596 5862648.672802269),6.0,16.711808769818827,-0.009849000000031083,16.711811672041858,-0.03376690547779166,2.7853019453403096,-1.0819394401166362,-0.18032324001943936,-0.0005893436787971735,-0.00578146115432499,30866.718910951804,15416.0,Discesa,256.93333333333334,10.027087003225114,Valvan-Valvan
1734874470.0,46.511249,12.951084,1320.859027,4.5,10.3,POINT (1441708.0761009126 5862659.186657037),7.0,14.677441050191511,-0.6965860000000248,14.693961611398164,-2.717197938669007,2.0991373730568808,-0.6861645722834289,-0.09802351032620413,-0.047424050458177124,-0.46505556777142143,30876.821445329995,15423.0,Discesa,257.05,7.556894543004771,Valvan-Valvan
1734875805.0,46.506367,12.930977,1750.262276,1.9,5.2,POINT (1439469.7750995324 5861869.550278966),4.0,31.655384182563946,-2.720457000000124,31.772066883263502,-4.911918293912957,7.9430167208158755,7.667157812717079,1.9167894531792697,-0.08572914681772364,-0.8399731521419975,32615.916671934985,16758.0,Discesa,279.3,28.59486019493715,Valvan-Ravasacletto
1734875807.0,46.506481,12.930912,1748.366942,1.8,7.6,POINT (1439462.5393326306 5861887.988336948),2.0,19.80702665179178,-1.8953339999998207,19.89750224918558,-5.465989341177752,9.94875112459279,2.0057344037769154,1.0028672018884577,-0.09539951088246744,-0.934450279595233,32629.53574277551,16760.0,Discesa,279.3333333333333,35.815504048534045,Valvan-Ravasacletto
1734875809.0,46.506598,12.930947,1746.85739,2.3,9.5,POINT (1439466.4355148084 5861906.911647187),2.0,19.320246011871014,-1.5095520000002125,19.37912931996488,-4.467624133052186,9.68956465998244,-0.25918646461035166,-0.12959323230517583,-0.07797475086331787,-0.7641574023011332,32642.816142466567,16762.0,Discesa,279.3666666666667,34.882432775936785,Valvan-Ravasacletto
1734875812.0,46.506714,12.930985,1743.835221,2.8,10.0,POINT (1439470.6656554586 5861925.673259943),3.0,19.232581811422815,-3.022168999999849,19.468582603713905,-8.930317231768452,6.489527534571302,-3.2000371254111375,-1.0666790418037124,-0.15586343894194504,-1.5228369981255259,32656.036581026776,16765.0,Discesa,279.4166666666667,23.362299124456687,Valvan-Ravasacletto
1734875815.0,46.50683,12.931059,1740.469503,2.0,9.9,POINT (1439478.9032977773 5861944.434912733),3.0,20.490445734143304,-3.3657180000000153,20.765028871624416,-9.327989002541777,6.921676290541472,0.43214875597017066,0.1440495853233902,-0.1628041206841757,-1.5900624932488827,32670.126741052005,16768.0,Discesa,279.46666666666664,24.9180346459493,Valvan-Ravasacletto
1734875818.0,46.506946,12.931077,1737.451132,1.3,9.9,POINT (1439480.9070486117 5861963.196605561),3.0,18.868389841139756,-3.0183710000001156,19.10828874313102,-9.088585184211679,6.369429581043673,-0.5522467094977994,-0.18408223649926647,-0.15862573581246917,-1.5496007993204164,32683.095241676136,16771.0,Discesa,279.51666666666665,22.929946491757224,Valvan-Ravasacletto
1734875821.0,46.507044,12.931175,1733.951803,1.5,9.9,POINT (1439491.8163587092 5861979.047032426),3.0,19.241857462358332,-3.499328999999989,19.557463589431936,-10.307179625524858,6.5191545298106455,0.1497249487669725,0.0499083162556575,-0.17989422105988495,-1.7552591793421302,32696.333515112987,16774.0,Discesa,279.56666666666666,23.468956307318326,Valvan-Ravasacletto
1734875824.0,46.507154,12.931191,1729.84099,1.5,9.9,POINT (1439493.5974705622 5861996.838361927),3.0,17.8802618787568,-4.110813000000007,18.34673127218832,-12.947751196326037,6.115577090729439,-0.40357743908120636,-0.13452581302706879,-0.22598088910492406,-2.1980523359565205,32708.62276147993,16777.0,Discesa,279.6166666666667,22.01607752662598,Valvan-Ravasacletto
1734875827.0,46.507281,12.931264,1726.78968,1.3,9.9,POINT (1439501.72379339 5862017.3793053115),3.0,22.089985916989527,-3.0513099999998303,22.299730279285768,-7.864551579601086,7.433243426428589,1.3176663356991503,0.43922211189971677,-0.13726231925695986,-1.3423189753915294,32723.811438678527,16780.0,Discesa,279.6666666666667,26.759676335142924,Valvan-Ravasacletto
1734875831.0,46.507388,12.931184,1722.131622,1.4,9.9,POINT (1439492.8182341265 5862034.68549171),4.0,19.463120855959815,-4.658057999999983,20.012760373947962,-13.459289120486552,5.003190093486991,-2.4300533329415988,-0.6075133332353997,-0.23490891013034212,-2.2833206477345818,32737.197066950197,16784.0,Discesa,279.73333333333335,18.011484336553167,Valvan-Ravasacletto
1734875834.0,46.507449,12.931067,1717.300049,1.9,9.9,POINT (1439479.7938537037 5862044.551650607),3.0,16.33938728295193,-4.831573000000162,17.038769745395992,-16.473000545491136,5.679589915131998,0.6763998216450071,0.22546660721500236,-0.2875080972016423,-2.781757828660654,32748.449629115414,16787.0,Discesa,279.78333333333336,20.446523694475193,Valvan-Ravasacletto
1734875837.0,46.507525,12.930942,1712.637398,1.9,10.2,POINT (1439465.8789173546 5862056.843929637),3.0,18.566786942110532,-4.662650999999869,19.143298871968906,-14.097086925505362,6.381099623989635,0.7015097088576372,0.2338365696192124,-0.24604058178991317,-2.3893795220935323,32761.23313242663,16790.0,Discesa,279.8333333333333,22.971958646362687,Valvan-Ravasacletto
1734875847.0,46.507442,12.930833,1709.582857,1.3,10.1,POINT (1439453.745092858 5862043.419467875),10.0,18.09546546854461,-3.054540999999972,18.351460193782163,-9.58128972867993,1.8351460193782163,-4.545953604611419,-0.45459536046114185,-0.16722505235297896,-1.6328426672092544,32773.687676088804,16800.0,Discesa,280.0,6.606525669761579,Valvan-Ravasacletto
1734875850.0,46.507349,12.930705,1707.211201,1.5,10.0,POINT (1439439.4961980365 5862028.377625433),3.0,20.719267064442878,-2.37165600000003,20.8545625672188,-6.530009921979001,6.9515208557395995,5.116374836361383,1.7054582787871277,-0.11397017332643161,-1.1156285481898307,32787.94918354624,16803.0,Discesa,280.05,25.02547508066256,Valvan-Ravasacletto
1734875852.0,46.507271,12.93054,1705.140489,1.6,9.9,POINT (1439421.1284820559 5862015.761906455),2.0,22.282938667617525,-2.070712000000185,22.378945548254705,-5.3091425291541325,11.189472774127353,4.237951918387753,2.1189759591938766,-0.09266201759139865,-0.9077141135269462,32803.29711759181,16805.0,Discesa,280.0833333333333,40.28210198685847,Valvan-Ravasacletto
1734875854.0,46.507174,12.930395,1702.133709,1.5,9.9,POINT (1439404.9871558906 5862000.073152977),2.0,22.509540112472255,-3.006779999999935,22.709472077602268,-7.608418059588277,11.354736038801134,0.16526326467378105,0.08263163233689053,-0.13279194600801356,-1.2988638264775416,32818.792994878175,16807.0,Discesa,280.1166666666667,40.87704973968408,Valvan-Ravasacletto
1734875856.0,46.507063,12.930225,1700.03822,1.3,10.0,POINT (1439386.062842456 5861982.120077678),2.0,26.08529378146226,-2.0954890000000432,26.169326048148715,-4.592833296014808,13.084663024074358,1.7299269852732237,0.8649634926366119,-0.08016006301068176,-0.7855283339042913,32836.751197053665,16809.0,Discesa,280.15,47.10478688666769,Valvan-Ravasacletto
1734875858.0,46.506946,12.930036,1696.736389,1.2,10.1,POINT (1439365.0234586957 5861963.196605561),2.0,28.29758763499152,-3.301830999999993,28.4895692124782,-6.655315512682556,14.2447846062391,1.1601215821647433,0.5800607910823716,-0.11615716845536503,-1.1369410982814354,32856.23411899031,16811.0,Discesa,280.18333333333334,51.281224582460766,Valvan-Ravasacletto
1734875860.0,46.506834,12.929858,1695.09394,1.4,10.3,POINT (1439345.2085893347 5861945.081866993),2.0,26.847212168202056,-1.6424489999999423,26.89740582141812,-3.5008571936227804,13.44870291070906,-0.7960816955300416,-0.3980408477650208,-0.06110148467084615,-0.5990326649705854,32874.71801938267,16813.0,Discesa,280.21666666666664,48.41533047855261,Valvan-Ravasacletto
1734875862.0,46.506703,12.929695,1691.567274,1.6,10.4,POINT (1439327.0635123355 5861923.894139773),2.0,27.895583952159072,-3.5266659999999774,28.117627515626396,-7.205325465146131,14.058813757813198,0.6101108471041385,0.30505542355206927,-0.1257566530445919,-1.2304236351652604,32893.91630530691,16815.0,Discesa,280.25,50.61172952812751,Valvan-Ravasacletto
1734875864.0,46.506616,12.929504,1689.222415,1.9,10.2,POINT (1439305.8014895937 5861909.822929301),2.0,25.496520845387753,-2.344859000000042,25.60411956988901,-5.254585652769789,12.802059784944506,-1.256753972868692,-0.628376986434346,-0.09170982046888831,-0.8984127232811595,32911.47877614631,16817.0,Discesa,280.28333333333336,46.08741522580022,Valvan-Ravasacletto
1734875866.0,46.506487,12.929408,1684.672375,1.9,10.1,POINT (1439295.1148184778 5861888.958762124),2.0,23.44180904995731,-4.5500399999998535,23.879306429129368,-10.984487737023285,11.939653214564684,-0.8624065703798216,-0.4312032851899108,-0.19171547765599736,-1.8692290135172904,32927.60087133444,16819.0,Discesa,280.31666666666666,42.98275157243286,Valvan-Ravasacletto
1734875868.0,46.506384,12.929296,1682.548745,2.4,9.9,POINT (1439282.6470355089 5861872.299811475),2.0,20.807841043506617,-2.1236300000000483,20.915928219152473,-5.8273800909126985,10.457964109576237,-1.4816891049884475,-0.7408445524942238,-0.10170696935159308,-0.996026094645138,32941.918394489956,16821.0,Discesa,280.35,37.648670794474455,Valvan-Ravasacletto
1734875870.0,46.506344,12.92917,1678.596697,2.5,10.0,POINT (1439268.6207796687 5861865.830324587),2.0,15.446362467688665,-3.9520480000001044,15.94392664551383,-14.351605269381423,7.971963322756915,-2.4860007868193215,-1.2430003934096607,-0.25048276489727356,-2.431621252529388,32952.562563560095,16823.0,Discesa,280.3833333333333,28.699067961924897,Valvan-Ravasacletto
1734875873.0,46.50625,12.929071,1674.173458,2.8,10.3,POINT (1439257.6001500804 5861850.627049142),3.0,18.77748281331811,-4.423238999999967,19.291420477911355,-13.254997631237158,6.430473492637119,-1.5414898301197963,-0.5138299433732655,-0.23134335100913758,-2.24928872602634,32965.48246384668,16826.0,Discesa,280.43333333333334,23.14970457349363,Valvan-Ravasacletto
1734875875.0,46.506194,12.928944,1670.883459,1.9,10.5,POINT (1439243.4625747495 5861841.569791159),2.0,16.79002556299529,-3.28999900000008,17.10932645740436,-11.08661531228026,8.55466322870218,2.1241897360650617,1.0620948680325308,-0.19349794010130988,-1.8863916280020052,32977.048333818864,16828.0,Discesa,280.46666666666664,30.79678762332785,Valvan-Ravasacletto
1734875877.0,46.50619,12.928787,1666.531082,1.3,10.5,POINT (1439225.985414695 5861840.922844515),2.0,17.489129867715945,-4.352376999999933,18.022564997246157,-13.97485115222996,9.011282498623078,0.45661926992089796,0.22830963496044898,-0.2439071650825361,-2.369075565909925,32989.10689341955,16830.0,Discesa,280.5,32.44061699504309,Valvan-Ravasacletto
1734875880.0,46.506124,12.928652,1662.163874,1.5,10.4,POINT (1439210.957283438 5861830.2482318),3.0,18.433450184169125,-4.367207999999891,18.943721688398714,-13.328624685091782,6.314573896132905,-2.6967086024901734,-0.8989028674967244,-0.23262838551744397,-2.261557215878858,33001.803064842454,16833.0,Discesa,280.55,22.73246602607846,Valvan-Ravasacletto
1734875883.0,46.50605,12.928549,1659.354309,1.3,10.3,POINT (1439199.4913758864 5861818.279742048),3.0,16.574431601981058,-2.8095650000000205,16.810872625118943,-9.62086797640527,5.603624208372981,-0.710949687759924,-0.23698322925330798,-0.16791582308795608,-1.639524209398689,33013.21207191779,16836.0,Discesa,280.6,20.173047150142732,Valvan-Ravasacletto
1734875886.0,46.506066,12.928412,1654.614691,1.3,10.4,POINT (1439184.2406056474 5861820.867522233),3.0,15.468762043765356,-4.739618000000064,16.1785839291503,-17.035028233399657,5.392861309716767,-0.21076289865621423,-0.07025429955207141,-0.2973173308430171,-2.873901250172183,33023.87673458274,16839.0,Discesa,280.65,19.41430071498036,Valvan-Ravasacletto
1734875888.0,46.506045,12.928274,1651.923756,1.4,10.6,POINT (1439168.878515918 5861817.4710608935),2.0,15.733078226655474,-2.6909350000000813,15.961543836994151,-9.705769857564762,7.980771918497076,2.5879106087803088,1.2939553043901544,-0.16939764045532618,-1.6538545782030092,33034.72298401726,16841.0,Discesa,280.68333333333334,28.73077890658947,Valvan-Ravasacletto
1734875891.0,46.505992,12.92813,1647.284828,2.0,10.6,POINT (1439152.8485092437 5861808.899045249),3.0,18.178024265073486,-4.638927999999851,18.760602846678008,-14.316003706329141,6.253534282226003,-1.7272376362710729,-0.5757458787570243,-0.24986140040315488,-2.4257154235348435,33047.24776401346,16844.0,Discesa,280.73333333333335,22.51272341601361,Valvan-Ravasacletto
1734875895.0,46.505968,12.928,1641.083859,1.9,10.5,POINT (1439138.376975441 5861805.017380539),4.0,14.983077505221464,-6.200968999999986,16.215567460512577,-22.482943711097445,4.053891865128144,-2.1996424170978583,-0.5499106042744646,-0.3924013932992032,-3.751426278367009,33057.5763101983,16848.0,Discesa,280.8,14.59401071446132,Valvan-Ravasacletto
1734875898.0,46.505935,12.927861,1638.618601,2.6,10.3,POINT (1439122.9035662203 5861799.680094358),3.0,16.368048652582033,-2.4652580000001763,16.55265881059165,-8.565170457531877,5.517552936863884,1.4636610717357392,0.4878870239119131,-0.1494904254784804,-1.4610450959411339,33068.85818211975,16851.0,Discesa,280.85,19.863190572709982,Valvan-Ravasacletto
1734875901.0,46.505981,12.927748,1632.569381,2.9,10.2,POINT (1439110.3244637607 5861807.11994871),3.0,14.61455615059642,-6.0492199999998775,15.81702608227394,-22.485517726511596,5.272342027424647,-0.24521090943923696,-0.08173696981307899,-0.3924463183431772,-3.7518334920433642,33078.92654125115,16854.0,Discesa,280.9,18.98043129872873,Valvan-Ravasacletto
1734875912.0,46.505996,12.927615,1626.619835,1.4,10.5,POINT (1439095.518971485 5861809.545989536),11.0,15.002942231786841,-5.949546000000055,16.139559263389128,-21.631228028510712,1.4672326603081025,-3.805109367116544,-0.3459190333742313,-0.3775361503471938,-3.616272619810346,33089.2701263324,16865.0,Discesa,281.0833333333333,5.282037577109169,Valvan-Ravasacletto
1734875923.0,46.506058,12.927477,1622.895747,1.9,10.3,POINT (1439080.156881756 5861819.573632046),11.0,18.34522867541873,-3.724087999999938,18.719408286191882,-11.475132740682223,1.7017643896538075,0.234531729345705,0.021321066304155,-0.20027884842830546,-1.9516270344371778,33101.90703567156,16876.0,Discesa,281.26666666666665,6.126351802753707,Valvan-Ravasacletto
1734875926.0,46.506049,12.927347,1618.984824,2.6,10.4,POINT (1439065.6853479526 5861818.118005808),3.0,14.54455700121554,-3.910923000000139,15.06119042684004,-15.050417737039702,5.02039680894668,3.3186324192928724,1.1062108064309575,-0.2626793433118969,-2.547352071296458,33111.93509509272,16879.0,Discesa,281.31666666666666,18.07342851220805,Valvan-Ravasacletto
1734875930.0,46.505975,12.927267,1616.428292,2.2,10.4,POINT (1439056.7797886892 5861806.149532569),4.0,14.918221659642487,-2.5565319999998337,15.135692694860364,-9.72430482780798,3.783923173715091,-1.2364736352315893,-0.3091184088078973,-0.1697211367128295,-1.6569825660185782,33122.20006296134,16883.0,Discesa,281.3833333333333,13.622123425374328,Valvan-Ravasacletto
1734875935.0,46.506013,12.927142,1610.881644,1.6,10.4,POINT (1439042.8648523402 5861812.29550328),5.0,15.211785220149103,-5.546648000000005,16.191470397090278,-20.033288814955117,3.2382940794180555,-0.5456290942970354,-0.10912581885940709,-0.34964684982391986,-3.360572915587604,33132.68306098868,16888.0,Discesa,281.46666666666664,11.657858685905,Valvan-Ravasacletto
1734875940.0,46.506092,12.927037,1607.072565,1.4,10.0,POINT (1439031.1763058067 5861825.072666664),5.0,17.316986579509067,-3.8090790000001107,17.730964638821515,-12.405341778444551,3.546192927764303,0.3078988483462477,0.06157976966924954,-0.21651405886906636,-2.107446816976151,33144.60234019092,16893.0,Discesa,281.55,12.766294539951492,Valvan-Ravasacletto
1734875943.0,46.506038,12.926928,1603.150667,1.4,9.9,POINT (1439019.0424813104 5861816.338907404),3.0,14.950192230040797,-3.9218979999998282,15.456051618624171,-14.699241595741546,5.152017206208057,1.6058242784437535,0.5352747594812511,-0.25655016339179526,-2.489239834941951,33154.8992154032,16896.0,Discesa,281.6,18.547261942349003,Valvan-Ravasacletto
1734875946.0,46.505991,12.92674,1601.252809,1.6,9.9,POINT (1438998.1144170412 5861808.737309187),3.0,22.26585209491707,-1.897858000000042,22.346588878414686,-4.871902357165409,7.448862959471562,2.296845753263505,0.765615251087835,-0.08503073696820913,-0.833146708936152,33170.24570160499,16899.0,Discesa,281.65,26.815906654097624,Valvan-Ravasacletto
1734875948.0,46.506079,12.926541,1596.937743,2.0,10.0,POINT (1438975.9618383732 5861822.970094197),2.0,26.33075978398112,-4.315066000000115,26.681992155498328,-9.306863288123326,13.340996077749164,5.892133118277602,2.946066559138801,-0.1624354074107377,-1.5864931378925569,33188.38373469602,16901.0,Discesa,281.68333333333334,48.02758587989699,Valvan-Ravasacletto
1734875950.0,46.506211,12.926442,1590.682099,1.9,10.0,POINT (1438964.9412087847 5861844.319314917),2.0,24.02589232149075,-6.255643999999847,24.826932627664704,-14.594121569928967,12.413466313832352,-0.9275297639168123,-0.46376488195840615,-0.25471547283158436,-2.4718264056356345,33204.90779144238,16903.0,Discesa,281.71666666666664,44.688478729796465,Valvan-Ravasacletto
1734875952.0,46.506358,12.926423,1585.530159,1.8,10.0,POINT (1438962.8261384596 5861868.094644457),2.0,23.86922322235622,-5.151940000000195,24.418892337742747,-12.179889966088709,12.209446168871374,-0.2040201449609782,-0.1020100724804891,-0.21257918243886845,-2.0697307109989014,33221.31343347727,16905.0,Discesa,281.75,43.95400620793695,Valvan-Ravasacletto
1734875954.0,46.506469,12.92645,1580.67332,2.7,9.9,POINT (1438965.8317647113 5861886.047486918),2.0,18.202701491601626,-4.856838999999809,18.83951237862263,-14.939601879629917,9.419756189311315,-2.789689979560059,-1.3948449897800295,-0.2607452417366756,-2.529024617646794,33233.8251451598,16907.0,Discesa,281.78333333333336,33.91112228152073,Valvan-Ravasacletto
1734875958.0,46.506574,12.926519,1576.953666,2.2,9.9,POINT (1438973.512809576 5861903.029939203),4.0,18.638726775463738,-3.7196539999999914,19.006261118118545,-11.286014161032352,4.751565279529636,-4.6681909097816785,-1.1670477274454196,-0.19697810653672004,-1.9198834275308583,33246.642373698436,16911.0,Discesa,281.85,17.10563500630669,Valvan-Ravasacletto
1734875961.0,46.506654,12.926597,1575.505306,1.4,9.9,POINT (1438982.1957298575 5861915.968972484),3.0,15.582415950806535,-1.4483600000000934,15.649582536079043,-5.31029121401411,5.216527512026348,0.46496223249671154,0.1549874108322372,-0.09268206592427307,-0.9079099437473424,33257.36267534697,16914.0,Discesa,281.9,18.77949904329485,Valvan-Ravasacletto
1734875964.0,46.506762,12.926692,1573.553228,1.6,9.9,POINT (1438992.771081483 5861933.436697621),3.0,20.41958578111553,-1.9520780000000286,20.51268124820399,-5.4607849046740355,6.837560416067997,1.6210329040416491,0.5403443013472163,-0.09530867632976661,-0.9335632406259408,33271.408905858254,16917.0,Discesa,281.95,24.61521749784479,Valvan-Ravasacletto
1734875966.0,46.506853,12.926739,1571.612728,1.6,9.9,POINT (1438998.0030975505 5861948.15490037),2.0,15.62048284461692,-1.940499999999929,15.74055350198878,-7.081455523987788,7.87027675099439,1.032716334926393,0.5163581674631965,-0.1235947147271272,-1.2093796445972576,33282.14855520254,16919.0,Discesa,281.98333333333335,28.332996303579804,Valvan-Ravasacletto
1734875968.0,46.506967,12.926771,1568.493436,1.5,10.0,POINT (1439001.565321256 5861966.5931232),2.0,18.779177268008162,-3.1192920000000868,19.036477653298654,-9.430938987411645,9.518238826649327,1.6479620756549371,0.8239810378274686,-0.16460093688503327,-1.6074535992060706,33295.056753159384,16921.0,Discesa,282.01666666666665,34.26565977593758,Valvan-Ravasacletto
1734875970.0,46.507057,12.926848,1565.712431,1.3,10.1,POINT (1439010.1369220468 5861981.14964222),2.0,16.892737672742374,-2.78100500000005,17.120121929767752,-9.34859305637761,8.560060964883876,-0.958177861765451,-0.4790889308827255,-0.16316372926286915,-1.5935435017296393,33306.67647097743,16923.0,Discesa,282.05,30.816219473581953,Valvan-Ravasacletto
1734875972.0,46.50718,12.926892,1562.976034,1.5,10.2,POINT (1439015.034979642 5862001.043590524),2.0,20.48804889065805,-2.736396999999897,20.669978613622295,-7.607439425358538,10.334989306811147,1.7749283419272714,0.8874641709636357,-0.13277486561853188,-1.298697742836935,33320.76019155043,16925.0,Discesa,282.0833333333333,37.20596150452013,Valvan-Ravasacletto
1734875974.0,46.507281,12.926882,1559.622288,1.7,10.4,POINT (1439013.921784734 5862017.3793053115),2.0,16.37360010851126,-3.353746000000001,16.713539204667452,-11.57558195712089,8.356769602333726,-1.9782197044774215,-0.9891098522387107,-0.20203201798620862,-1.9684788396470945,33332.01367958993,16927.0,Discesa,282.1166666666667,30.084370568401415,Valvan-Ravasacletto
1734875976.0,46.507375,12.926884,1556.249934,2.0,10.3,POINT (1439014.1444237153 5862032.582869115),2.0,15.205193864350223,-3.3723540000000867,15.574681118847673,-12.505185070501918,7.7873405594238365,-0.5694290429098894,-0.2847145214549447,-0.2182566530514977,-2.1241393314926853,33342.463962389615,16929.0,Discesa,282.15,28.034426013925813,Valvan-Ravasacletto
1734875978.0,46.507478,12.926946,1554.261168,1.9,10.2,POINT (1439021.0462321446 5862049.242123472),2.0,18.032351907111686,-1.9887659999999414,18.141689709193855,-6.293645749751064,9.070844854596928,1.283504295173091,0.6417521475865455,-0.10984484028730315,-1.0754122009986888,33354.86307832711,16931.0,Discesa,282.18333333333334,32.65504147654894,Valvan-Ravasacletto
1734875980.0,46.507586,12.926979,1551.123554,1.8,10.2,POINT (1439024.7197753408 5862066.7101134),2.0,17.85008660320615,-3.137613999999985,18.12374722166902,-9.969371377463698,9.06187361083451,-0.008971243762417203,-0.004485621881208601,-0.17399835489082396,-1.6983239152220597,33367.13276027915,16933.0,Discesa,282.21666666666664,32.62274499900424,Valvan-Ravasacletto
1734875982.0,46.507702,12.927003,1547.271982,3.1,10.3,POINT (1439027.3914431199 5862085.472067163),2.0,18.951219426509837,-3.851572000000033,19.338648469396926,-11.488104762346723,9.669324234698463,0.6074506238639525,0.30372531193197627,-0.200505252916991,-1.9538036166174033,33380.158369378114,16935.0,Discesa,282.25,34.80956724491447,Valvan-Ravasacletto
1734875984.0,46.507811,12.927032,1543.829152,3.0,10.4,POINT (1439030.619708353 5862103.10187055),2.0,17.922936809086742,-3.442829999999958,18.250609367125694,-10.873538832287274,9.125304683562847,-0.5440195511356158,-0.2720097755678079,-0.18977905396687242,-1.8505772394008952,33392.4776859342,16937.0,Discesa,282.28333333333336,32.85109686082625,Valvan-Ravasacletto
1734875986.0,46.50789,12.927102,1540.348144,2.2,10.4,POINT (1439038.4120727084 5862115.8794565685),2.0,14.9662168470152,-3.4810079999999743,15.365710637908858,-13.093681603074186,7.682855318954429,-1.442449364608418,-0.721224682304209,-0.22852785518145383,-2.2223956499448367,33402.7725310178,16939.0,Discesa,282.31666666666666,27.658279148235945,Valvan-Ravasacletto
1734875989.0,46.508018,12.927075,1534.836394,1.6,10.2,POINT (1439035.4064464571 5862136.582420172),3.0,20.920002178215185,-5.51175000000012,21.633905777714514,-14.76017562748572,7.211301925904838,-0.4715533930495912,-0.15718446434986375,-0.25761366287224585,-2.4993298970405964,33417.15128384709,16942.0,Discesa,282.3666666666667,25.960686933257417,Valvan-Ravasacletto
1734875992.0,46.508107,12.927125,1529.738923,1.7,10.1,POINT (1439040.9724209965 5862150.977478286),3.0,15.433657074096164,-5.097470999999814,16.25367593120515,-18.277499129776125,5.4178919770683835,-1.7934099488364543,-0.5978033162788181,-0.31900253884499175,-3.0766080683319244,33427.762846775026,16945.0,Discesa,282.4166666666667,19.504411117446182,Valvan-Ravasacletto
1734875995.0,46.508216,12.927141,1523.323093,1.5,10.0,POINT (1439042.7535328495 5862168.607413029),3.0,17.719677154983877,-6.415830000000142,18.845419418674645,-19.903992020766548,6.281806472891549,0.863914495823165,0.2879714986077217,-0.34739019505305585,-3.3397660673782856,33439.94149322106,16948.0,Discesa,282.46666666666664,22.614503302409574,Valvan-Ravasacletto
1734875999.0,46.508341,12.92715,1515.69818,1.5,10.1,POINT (1439043.7554082663 5862188.825271621),4.0,20.242666830211174,-7.624912999999879,21.631108585934722,-20.640153352505532,5.407777146483681,-0.874029326407868,-0.218507331601967,-0.36023863411776735,-3.4580010651250928,33453.85380785494,16952.0,Discesa,282.53333333333336,19.46799772734125,Valvan-Ravasacletto
1734876002.0,46.508426,12.92724,1509.641921,2.4,10.1,POINT (1439053.7741624378 5862202.57344202),3.0,17.011396899450585,-6.056259000000182,18.05729485680843,-19.59633243635232,6.0190982856028095,0.6113211391191289,0.20377371303970962,-0.34202052232971014,-3.2901883289345952,33465.55819119077,16955.0,Discesa,282.5833333333333,21.668753828170114,Valvan-Ravasacletto
1734876007.0,46.508527,12.927196,1503.045243,1.8,10.2,POINT (1439048.876104843 5862218.90953127),5.0,17.054582380545273,-6.5966779999998835,18.285921929464966,-21.146369607171085,3.657184385892993,-2.3619138997098164,-0.47238277994196326,-0.36907377448879536,-3.5389744870190603,33477.282366254236,16960.0,Discesa,282.6666666666667,13.165863789214775,Valvan-Ravasacletto
1734876010.0,46.508635,12.927236,1496.290899,3.2,10.3,POINT (1439053.3288844747 5862236.377858306),3.0,18.026915872901217,-6.754343999999946,19.25073657705058,-20.540022718049332,6.4169121923501935,2.7597278064572004,0.9199092688190668,-0.35849102486439577,-3.4419521754294995,33489.67409815161,16963.0,Discesa,282.71666666666664,23.100883892460697,Valvan-Ravasacletto
1734876013.0,46.508732,12.927177,1491.396664,2.3,10.3,POINT (1439046.7610345178 5862252.0670334725),3.0,17.008435273474664,-4.894234999999981,17.69859900351443,-16.05335246388558,5.899533001171477,-0.5173791911787164,-0.1724597303929055,-0.28018385647794747,-2.7127822569722007,33501.36899472918,16966.0,Discesa,282.76666666666665,21.238318804217318,Valvan-Ravasacletto
1734876016.0,46.508811,12.927265,1486.761492,1.6,10.3,POINT (1439056.5571497076 5862264.844835995),3.0,16.10081085257501,-4.635172000000011,16.754728573748405,-16.06028335552968,5.584909524582802,-0.3146234765886753,-0.10487449219622509,-0.280304823357236,-2.713922646962178,33512.44761166473,16969.0,Discesa,282.81666666666666,20.105674288498086,Valvan-Ravasacletto
1734876019.0,46.508924,12.927169,1482.875155,1.8,10.3,POINT (1439045.8704785914 5862283.121978214),3.0,21.17212476931443,-3.8863370000001396,21.5258561391873,-10.401374332464577,7.1752853797291,1.5903758551462985,0.5301252850487662,-0.1815382288339342,-1.7711242574271315,33527.01029968852,16972.0,Discesa,282.8666666666667,25.831027367024763,Valvan-Ravasacletto
1734876021.0,46.509027,12.927252,1479.81046,1.6,10.2,POINT (1439055.1099963272 5862299.781707321),2.0,19.050334955530392,-3.064695000000029,19.295274482653216,-9.139071633288296,9.647637241326608,2.4723518615975077,1.2361759307987539,-0.15950689057649658,-1.5581358004017476,33540.112727151005,16974.0,Discesa,282.9,34.73149406877579,Valvan-Ravasacletto
1734876023.0,46.509139,12.927268,1476.167163,1.6,10.2,POINT (1439056.89110818 5862317.89717674),2.0,18.20281823463941,-3.6432969999998477,18.563841324293012,-11.318204918299365,9.281920662146506,-0.36571657918010203,-0.18285828959005102,-0.19753994123973972,-1.9252881419120658,33552.62320281779,16976.0,Discesa,282.93333333333334,33.41491438372742,Valvan-Ravasacletto
1734876025.0,46.509263,12.927297,1472.991064,1.4,10.2,POINT (1439060.119373413 5862337.953632852),2.0,20.314603815974476,-3.176099000000022,20.561389375667343,-8.886006222352027,10.280694687833671,0.9987740256871653,0.49938701284358267,-0.1550900659327462,-1.5153417223289642,33566.58574130404,16978.0,Discesa,282.96666666666664,37.01050087620122,Valvan-Ravasacletto
1734876027.0,46.50938,12.927289,1468.839362,1.8,10.2,POINT (1439059.2288174867 5862356.877911622),2.0,18.945221476908433,-4.151702000000114,19.394794309451118,-12.36054368463629,9.697397154725559,-0.5832975331081123,-0.29164876655405614,-0.21573218463349492,-2.0999550688791886,33579.606094435745,16980.0,Discesa,283.0,34.91062975701201,Valvan-Ravasacletto
1734876029.0,46.50948,12.92724,1464.076018,1.9,10.1,POINT (1439053.7741624378 5862373.052541151),2.0,17.069619272354668,-4.763343999999961,17.72177610076026,-15.591968017214745,8.86088805038013,-0.8365091043454296,-0.4182545521727148,-0.2721311787660492,-2.636778863152152,33591.34113875081,16982.0,Discesa,283.03333333333336,31.899196981368465,Valvan-Ravasacletto
1734876031.0,46.509596,12.927302,1461.773787,2.1,10.0,POINT (1439060.675970867 5862391.815148681),2.0,19.991758325499177,-2.3022309999998924,20.123883037886255,-6.5691876509198535,10.061941518943128,1.201053468562998,0.600526734281499,-0.11465395368990335,-1.1222926543291611,33605.085821678804,16984.0,Discesa,283.06666666666666,36.22298946819526,Valvan-Ravasacletto
1734876033.0,46.50969,12.927305,1456.470131,1.9,10.2,POINT (1439061.0099293394 5862407.019360018),2.0,15.207878570926848,-5.303656000000046,16.106158374807833,-19.225909749389356,8.053079187403917,-2.008862331539211,-1.0044311657696054,-0.3355554268181221,-3.2303709021873583,33615.53751768641,16986.0,Discesa,283.1,28.9910850746541,Valvan-Ravasacletto
1734876035.0,46.509783,12.927413,1453.405216,2.7,10.5,POINT (1439073.032434345 5862422.061850303),2.0,19.2566129051922,-3.064914999999928,19.498995987938436,-9.04343794225779,9.749497993969218,1.6964188065653012,0.8482094032826506,-0.15783776779217928,-1.5419674001983399,33628.78816844153,16988.0,Discesa,283.1333333333333,35.09819277828919,Valvan-Ravasacletto
1734876037.0,46.509914,12.927465,1448.333126,3.3,10.6,POINT (1439078.8210478663 5862443.25077813),2.0,21.965397992602327,-5.072090000000117,22.54339827846546,-13.002422693026956,11.27169913923273,1.5222011452635122,0.7611005726317561,-0.22693508672934834,-2.207174015442544,33643.887277758564,16990.0,Discesa,283.1666666666667,40.57811690123783,Valvan-Ravasacletto
1734876039.0,46.51006,12.927563,1445.623294,3.3,10.7,POINT (1439089.730357964 5862466.865979242),2.0,26.013280653634826,-2.709832000000006,26.154042896519766,-5.947114207150799,13.077021448259883,1.8053223090271526,0.9026611545135763,-0.10379672390691354,-1.0164184568014696,33661.77495484688,16992.0,Discesa,283.2,47.07727721373558,Valvan-Ravasacletto
1734876041.0,46.510191,12.927742,1443.046457,2.4,10.9,POINT (1439109.656546816 5862488.055015053),2.0,29.0865646088205,-2.5768370000000687,29.200485093019577,-5.062730421688341,14.600242546509788,1.5232210982499055,0.7616105491249527,-0.0883613149993425,-0.8656969529606756,33681.794618369575,16994.0,Discesa,283.23333333333335,52.56087316743524,Valvan-Ravasacletto
1734876043.0,46.510318,12.927924,1439.171617,1.7,11.1,POINT (1439129.9166941405 5862508.597106161),2.0,28.852228279598457,-3.874839999999949,29.11126005042826,-7.649027129916412,14.55563002521413,-0.04461252129565807,-0.022306260647829035,-0.13350070799141345,-1.305755241585302,33701.65445139767,16996.0,Discesa,283.26666666666665,52.40026809077087,Valvan-Ravasacletto
1734876044.0,46.510391,12.928011,1437.296013,1.8,11.1,POINT (1439139.6014898394 5862520.404786553),1.0,15.271430318838435,-1.8756040000000667,15.386178029255804,-7.001878109004269,15.386178029255804,0.830548004041674,0.830548004041674,-0.12220582682543892,-1.1958574250873013,33712.163158355885,16997.0,Discesa,283.28333333333336,55.390240905320894,Valvan-Ravasacletto
1734876045.0,46.510459,12.928098,1436.268086,1.7,11.0,POINT (1439149.2862855385 5862531.403735979),1.0,14.655106830509547,-1.0279269999998633,14.691112623997418,-4.012224435970168,14.691112623997418,-0.6950654052583864,-0.6950654052583864,-0.07002652673665184,-0.6863989221297546,33722.24885326847,16998.0,Discesa,283.3,52.88800544639071,Valvan-Ravasacletto
1734876046.0,46.510526,12.928188,1435.783049,1.7,10.9,POINT (1439159.30503971 5862542.240949609),1.0,14.75874772488865,-0.4850370000001476,14.766715792561156,-1.882312427644542,14.766715792561156,0.07560316856373817,0.07560316856373817,-0.03285254941360479,-0.3222255399808287,33732.406642003836,16999.0,Discesa,283.31666666666666,53.160176853220165,Valvan-Ravasacletto
1734876047.0,46.510582,12.928291,1433.692951,1.8,10.8,POINT (1439170.7709472615 5862551.298929459),1.0,14.612119454281551,-2.090097999999898,14.760844982445853,-8.140294309790733,14.760844982445853,-0.00587081011530266,-0.00587081011530266,-0.14207493778720756,-1.38907097827956,33742.46846698358,17000.0,Discesa,283.3333333333333,53.13904193680507,Valvan-Ravasacletto
1734876048.0,46.510621,12.928419,1432.529656,1.6,10.7,POINT (1439185.019842083 5862557.607170939),1.0,15.582840376771843,-1.163295000000062,15.626201376693441,-4.2693429646426475,15.626201376693441,0.8653563942475877,0.8653563942475877,-0.07451409162987005,-0.7303069808777425,33753.206244409805,17001.0,Discesa,283.35,56.25432495609639,Valvan-Ravasacletto
1734876049.0,46.510638,12.928556,1431.152013,1.6,10.6,POINT (1439200.2706123218 5862560.356918641),1.0,15.496680460590458,-1.3776430000000346,15.55779565147631,-5.080195861591526,15.55779565147631,-0.06840572521713106,-0.06840572521713106,-0.08866614443096227,-0.8686756229966233,33763.889140654916,17002.0,Discesa,283.3666666666667,56.008064345314715,Valvan-Ravasacletto
1734876051.0,46.510636,12.928816,1429.26955,1.6,10.5,POINT (1439229.2136799279 5862560.033418867),2.0,28.94487544547127,-1.882462999999916,29.00602491725149,-3.7210559817103674,14.503012458625745,-1.0547831928505644,-0.5273915964252822,-0.06494467853187581,-0.6366595244498963,33783.84476089646,17004.0,Discesa,283.4,52.210844851052684,Valvan-Ravasacletto
1734876052.0,46.510644,12.92895,1428.155805,1.7,10.6,POINT (1439244.1304916944 5862561.327418036),1.0,14.97283230149419,-1.1137449999998807,15.014197782555435,-4.25407717254547,15.014197782555435,0.5111853239296895,0.5111853239296895,-0.07424765329484938,-0.7277004478183475,33794.16731931024,17005.0,Discesa,283.4166666666667,54.051112017199564,Valvan-Ravasacletto
1734876054.0,46.510663,12.929196,1426.007434,1.8,10.6,POINT (1439271.5150864294 5862564.4006668255),2.0,27.55650353224723,-2.1483709999999974,27.640122736275885,-4.457898855968145,13.820061368137942,-1.1941364144174926,-0.5970682072087463,-0.07780501275753261,-0.7624973199681099,33813.1649979476,17007.0,Discesa,283.45,49.75222092529659,Valvan-Ravasacletto
1734876056.0,46.51074,12.929399,1423.152849,1.9,10.6,POINT (1439294.1129430605 5862576.855422919),2.0,25.802791974092344,-2.854585000000043,25.960214351590192,-6.313009372906681,12.980107175795096,-0.8399541923428462,-0.4199770961714231,-0.11018279926648408,-1.0787075357212936,33830.94116845373,17009.0,Discesa,283.48333333333335,46.728385832862344,Valvan-Ravasacletto
1734876058.0,46.510834,12.929562,1421.137017,2.1,10.6,POINT (1439312.25802006 5862592.059954276),2.0,23.673225236975963,-2.015832000000046,23.758896686774406,-4.86713218195382,11.879448343387203,-1.100658832407893,-0.5503294162039465,-0.08494748170486989,-0.832332922723998,33847.240885516374,17011.0,Discesa,283.51666666666665,42.76601403619393,Valvan-Ravasacletto
1734876060.0,46.510867,12.929758,1420.465162,2.0,10.5,POINT (1439334.0766402553 5862597.397721521),2.0,22.46205570255583,-0.6718550000000505,22.472101270814573,-1.7132440125796824,11.236050635407286,-0.6433977079799167,-0.32169885398995834,-0.029901748909594607,-0.2932924460677988,33862.72418773049,17013.0,Discesa,283.55,40.449782287466235,Valvan-Ravasacletto
1734876066.0,46.510839,12.929885,1415.616326,3.4,11.2,POINT (1439348.214215586 5862592.86870668),6.0,14.8453026799081,-4.848835999999892,15.617113120323538,-18.088293888505376,2.6028521867205896,-8.633198448686697,-1.4388664081144495,-0.3157002844227869,-3.045830608609532,33872.95600089177,17019.0,Discesa,283.65,9.370267872194123,Valvan-Ravasacletto
1734876075.0,46.51085,12.930026,1415.835306,1.7,10.9,POINT (1439363.910263788 5862594.647962231),9.0,15.796571763394528,0.21897999999987405,15.798089495773635,0.7942119586105315,1.7553432773081816,-0.847508909412408,-0.09416765660137866,0.013861613636466704,0.13597807510670562,33883.84623974734,17028.0,Discesa,283.8,6.319235798309454,Valvan-Ravasacletto
1734876078.0,46.510876,12.930161,1415.025483,1.7,10.7,POINT (1439378.938395045 5862598.853476787),3.0,15.605482426313122,-0.8098230000000513,15.62648057143056,-2.970613514769554,5.20882685714352,3.4534835798353383,1.151161193278446,-0.05184698663696992,-0.5083910989224889,33894.602688016006,17031.0,Discesa,283.85,18.75177668571667,Valvan-Ravasacletto
1734876083.0,46.510873,12.930315,1413.264984,1.9,10.6,POINT (1439396.0815966271 5862598.3682250045),5.0,17.15006792342399,-1.7604989999999816,17.240191022928293,-5.861031079589975,3.4480382045856586,-1.7607886525578613,-0.3521577305115723,-0.10229428990056288,-1.0017577628363412,33906.426474160464,17036.0,Discesa,283.93333333333334,12.412937536508371,Valvan-Ravasacletto
1734876086.0,46.51092,12.930427,1412.567401,2.0,10.4,POINT (1439408.549379596 5862605.970505999),3.0,14.60274934676229,-0.697582999999895,14.619401852547023,-2.734978129033269,4.873133950849008,1.4250957462633491,0.4750319154211164,-0.04773437332166486,-0.4680963899221854,33916.48540950534,17039.0,Discesa,283.98333333333335,17.54328222305643,Valvan-Ravasacletto
1734876090.0,46.510917,12.93058,1410.680757,3.0,10.4,POINT (1439425.5812616874 5862605.485253824),4.0,17.038793303811865,-1.886643999999933,17.14292573724683,-6.318416506547936,4.285731434311708,-0.5874025165373,-0.146850629134325,-0.11027717155161934,-1.0796277090430737,33928.23246962145,17043.0,Discesa,284.05,15.428633163522148,Valvan-Ravasacletto
1734876097.0,46.511009,12.930684,1407.536198,1.7,10.4,POINT (1439437.1584887297 5862620.366332702),7.0,18.854142636948648,-3.144559000000072,19.11457417466804,-9.468832564531542,2.7306534535240057,-1.555077980787702,-0.222153997255386,-0.16526230457113386,-1.6138535710035737,33941.20535899014,17050.0,Discesa,284.1666666666667,9.830352432686421,Valvan-Ravasacletto
1734876105.0,46.511062,12.930791,1403.025419,1.8,10.7,POINT (1439449.0696742446 5862628.939139578),8.0,14.675467900197907,-4.510778999999957,15.353061104437113,-17.08578790114933,1.9191326380546392,-0.8115208154693665,-0.10144010193367081,-0.2982032541724673,-2.882209722803154,33951.31210097405,17058.0,Discesa,284.3,6.908877496996701,Valvan-Ravasacletto
1734876116.0,46.511125,12.930901,1400.853141,2.9,11.4,POINT (1439461.314818232 5862639.12946806),11.0,15.930673113711725,-2.1722780000000057,16.078094960697978,-7.764860539526032,1.461644996427089,-0.4574876416275502,-0.041589785602504564,-0.13552238237291256,-1.3254087149062932,33962.28089641362,17069.0,Discesa,284.48333333333335,5.26192198713752,Valvan-Ravasacletto
1734876123.0,46.511202,12.930988,1398.458428,1.9,11.6,POINT (1439470.999613931 5862651.584330022),7.0,15.777162426330605,-2.394713000000138,15.957866542216347,-8.630678013734746,2.279695220316621,0.8180502238895322,0.1168643176985046,-0.15063374801915572,-1.4721350418524426,33973.13657320902,17076.0,Discesa,284.6,8.206902793139836,Valvan-Ravasacletto
1734876127.0,46.511293,12.931023,1394.501375,2.0,11.2,POINT (1439474.8957961088 5862666.303735093),4.0,15.226329866496947,-3.95705299999986,15.732113324286246,-14.567897105438108,3.9330283310715615,1.6533331107549403,0.41333327768873507,-0.25425776958164653,-2.467480949941594,33983.60281819154,17080.0,Discesa,284.6666666666667,14.158901991857622,Valvan-Ravasacletto
1734876255.0,46.511381,12.930988,1390.068262,2.8,10.1,POINT (1439470.999613931 5862680.537908491),128.0,14.757775166800192,-4.4331130000000485,15.409231607857475,-16.71983109137438,0.12038462193638652,-3.812643709135175,-0.029786278977618555,-0.2918161029217998,-2.822258736628026,33993.74710933143,17208.0,Discesa,286.8,0.4333846389709915,Valvan-Ravasacletto
1734876268.0,46.511475,12.931035,1387.044996,3.1,10.6,POINT (1439476.2316299982 5862695.742619167),13.0,16.079714514849055,-3.0232659999999214,16.361459476030948,-10.648290222071772,1.2585738058485345,1.138189183912148,0.08755301414708831,-0.1858477240830706,-1.8126891126948468,34004.801342591505,17221.0,Discesa,287.01666666666665,4.530865701054724,Valvan-Ravasacletto
1734876277.0,46.511573,12.931097,1384.352621,4.5,10.7,POINT (1439483.1334384275 5862711.594366809),9.0,17.289096648138802,-2.6923750000000837,17.497478276863493,-8.85139183631899,1.9441642529848326,0.6855904471362981,0.07617671634847757,-0.15448593092791338,-1.5094860146176068,34016.68899336681,17230.0,Discesa,287.1666666666667,6.998991310745398,Valvan-Ravasacletto
1734876280.0,46.511657,12.931143,1381.018955,3.0,10.4,POINT (1439488.254135004 5862725.181601824),3.0,14.520140797484537,-3.333665999999994,14.897913202134413,-12.930402299326438,4.965971067378137,3.0218068143933046,1.0072689381311015,-0.22567809373069173,-2.1951573362177044,34026.671630913595,17233.0,Discesa,287.21666666666664,17.877495842561295,Valvan-Ravasacletto
1734876284.0,46.511768,12.93119,1376.518855,3.3,10.5,POINT (1439493.4861510715 5862743.136194587),4.0,18.70137410454613,-4.500099999999975,19.235183737312944,-13.529825085383703,4.808795934328236,-0.15717513304990138,-0.039293783262475346,-0.23613999495886853,-2.295064170058545,34039.52696157247,17237.0,Discesa,287.28333333333336,17.31166536358165,Valvan-Ravasacletto
1734876287.0,46.511859,12.931234,1374.458086,3.2,10.3,POINT (1439498.3842086662 5862757.855752946),3.0,15.513103058004921,-2.0607689999999366,15.649381309164985,-7.566899834995481,5.216460436388329,0.40766450206009264,0.1358881673533642,-0.13206731628928678,-1.2918174521161352,34050.191383932426,17240.0,Discesa,287.3333333333333,18.779257570997984,Valvan-Ravasacletto
1734876291.0,46.511948,12.931211,1371.938703,5.9,10.2,POINT (1439495.8238603778 5862772.251828368),4.0,14.621982454925998,-2.5193830000000617,14.837441208404266,-9.776133956610126,3.7093603021010666,-1.507100134287262,-0.3767750335718155,-0.17062572565886716,-1.6657284017409542,34060.240975226676,17244.0,Discesa,287.4,13.35369708756384,Valvan-Ravasacletto
1734876301.0,46.511999,12.93109,1351.124937,5.0,10.7,POINT (1439482.3542019918 5862780.50127547),10.0,15.795096534010712,-20.813765999999987,26.128488850706095,-52.805959178361995,2.6128488850706093,-1.0965114170304573,-0.10965114170304573,-0.9216378523361364,-7.814575332950495,34071.120970221506,17254.0,Discesa,287.56666666666666,9.406255986254195,Valvan-Ravasacletto
1734876306.0,46.512002,12.93095,1337.012166,3.4,11.4,POINT (1439466.7694732808 5862780.986537305),5.0,15.592281681836855,-14.112771000000066,21.030681238233534,-42.14864246906211,4.206136247646707,1.5932873625760973,0.3186574725152195,-0.735632586331046,-6.583062238531147,34081.87054271655,17259.0,Discesa,287.65,15.142090491528144,Valvan-Ravasacletto
1734876311.0,46.511928,12.930831,1344.760222,4.2,12.6,POINT (1439453.5224538764 5862769.016753184),5.0,17.85383026138297,7.748056000000133,19.462569891497175,23.45947614578742,3.892513978299435,-0.31362226934727166,-0.06272445386945433,0.40944509953705976,3.9053644911100838,34094.16172131771,17264.0,Discesa,287.73333333333335,14.013050321877966,Valvan-Ravasacletto
1734876314.0,46.511981,12.9307,1340.856288,3.8,12.6,POINT (1439438.9396005825 5862777.589705018),3.0,16.916119926061196,-3.903934000000163,17.360754995945364,-12.99530502536418,5.786918331981788,1.894404353682353,0.6314681178941176,-0.22681085999357017,-2.205986580016023,34105.81449582716,17267.0,Discesa,287.78333333333336,20.832905995134436,Valvan-Ravasacletto
1734876320.0,46.511969,12.930567,1331.311217,4.2,11.4,POINT (1439424.134108307 5862775.648658589),6.0,14.932188813291315,-9.545071000000007,17.722264052621025,-32.58784674697203,2.9537106754368376,-2.83320765654495,-0.472201276090825,-0.5687652218699855,-5.283588272467459,34116.10847343542,17273.0,Discesa,287.8833333333333,10.633358431572615,Valvan-Ravasacletto
1734876324.0,46.511912,12.930411,1323.984328,3.5,11.0,POINT (1439406.7682677433 5862766.428693897),4.0,19.661642032528174,-7.326888999999937,20.982456239287114,-20.437853065706488,5.245614059821778,2.291903384384941,0.5729758460962352,-0.3567078280353952,-3.425565637802632,34129.65411335547,17277.0,Discesa,287.95,18.884210615358402,Valvan-Ravasacletto
1734876327.0,46.511943,12.930236,1321.452205,4.2,11.1,POINT (1439387.2873568546 5862771.443059461),3.0,20.115907910446822,-2.532122999999956,20.27464914489782,-7.174466323592085,6.758216381632606,1.512602321810828,0.5042007739369426,-0.1252180594201348,-1.225181577864723,34143.519670742055,17280.0,Discesa,288.0,24.329578973877382,Valvan-Ravasacletto
1734876331.0,46.512116,12.930129,1298.355938,4.2,12.0,POINT (1439375.3761713398 5862799.426506895),4.0,30.412985230498457,-23.096267000000125,38.188836326416286,-37.213808582969705,9.547209081604072,2.788992699971465,0.6972481749928663,-0.6495034869797468,-5.933000349457451,34164.74438614392,17284.0,Discesa,288.06666666666666,34.36995269377466,Valvan-Ravasacletto
1734876334.0,46.512213,12.930143,1302.851967,3.4,12.1,POINT (1439376.9346442106 5862815.116686917),3.0,15.767389981236498,4.496029000000135,16.395879469831417,15.915358352852838,5.465293156610472,-4.0819159249935995,-1.360638641664533,0.2777754048920635,2.690068841452323,34175.580433182244,17287.0,Discesa,288.1166666666667,19.6750553637977,Valvan-Ravasacletto
1734876337.0,46.512327,12.930157,1306.306855,5.5,11.7,POINT (1439378.4931170817 5862833.556728097),3.0,18.505781701983445,3.4548879999999826,18.825520112177756,10.574945785233899,6.275173370725919,0.8098802141154469,0.2699600713718156,0.1845676221722287,1.8003460769232962,34188.2982906902,17290.0,Discesa,288.1666666666667,22.590624134613307,Valvan-Ravasacletto
1734876340.0,46.512366,12.930011,1300.931425,5.6,11.4,POINT (1439362.2404714262 5862839.865172117),3.0,17.434017229603988,-5.375430000000051,18.243908694329438,-17.136098500285964,6.081302898109812,-0.19387047261610668,-0.06462349087203556,-0.29908133977605256,-2.8904424585500665,34200.31254601744,17293.0,Discesa,288.21666666666664,21.892690433195323,Valvan-Ravasacletto
1734876342.0,46.512438,12.929927,1315.387403,6.4,11.4,POINT (1439352.8896341992 5862851.511542204),2.0,14.935732089328507,14.45597799999996,20.785845977026774,44.064857281022626,10.392922988513387,4.311620090403575,2.1558100452017874,0.769076843975241,6.822582267603462,34210.58953017846,17295.0,Discesa,288.25,37.4145227586482,Valvan-Ravasacletto
1734876345.0,46.512548,12.929855,1287.004792,4.2,11.6,POINT (1439344.8746308621 5862869.304637404),3.0,19.514981816563694,-28.382610999999997,34.44426109641681,-55.48882222618103,11.48142036547227,1.0884973769588822,0.36283245898629407,-0.9684626459006687,-8.083593755447552,34224.00781913185,17298.0,Discesa,288.3,41.33311331570017,Valvan-Ravasacletto
1734876348.0,46.512618,12.929765,1270.22652,10.9,11.0,POINT (1439334.8558766907 5862880.6275349185),3.0,15.118976263879023,-16.778272000000015,22.585257460868625,-47.977843871329156,7.528419153622875,-3.9530012118493945,-1.3176670706164648,-0.8373713435624764,-7.287711845002359,34234.41241984257,17301.0,Discesa,288.35,27.10230895304235,Valvan-Ravasacletto
1734876351.0,46.512616,12.929595,1265.052381,10.9,10.8,POINT (1439315.931563256 5862880.304023358),3.0,18.92707845130767,-5.174138999999968,19.621570097555285,-15.289511911454705,6.540523365851762,-0.9878957877711132,-0.3292985959237044,-0.2668523238777763,-2.5868624853993625,34247.460935942494,17304.0,Discesa,288.4,23.545884117066343,Valvan-Ravasacletto
1734876354.0,46.512666,12.92939,1260.090486,8.6,10.6,POINT (1439293.1110676434 5862888.391815929),3.0,24.211307454893014,-4.961894999999913,24.714526308759837,-11.581894422484675,8.238175436253279,1.6976520704015172,0.5658840234671724,-0.20214219129072475,-1.9695376452651783,34264.1465422635,17307.0,Discesa,288.45,29.657431570511804,Valvan-Ravasacletto
1734876356.0,46.512665,12.929258,1254.506203,10.6,10.5,POINT (1439278.4168948587 5862888.230060005),2.0,14.695063075917538,-5.584283000000141,15.720340181729071,-20.807332831388347,7.8601700908645356,-0.3780053453887433,-0.18900267269437165,-0.3631564664660408,-3.4847729499945195,34274.27746137011,17309.0,Discesa,288.48333333333335,28.296612327112328,Valvan-Ravasacletto
1734876359.0,46.512695,12.929104,1251.316208,9.7,10.6,POINT (1439261.2736932766 5862893.082739028),3.0,17.81678574241091,-3.1899949999999535,18.100108350255848,-10.150929117702514,6.033369450085282,-1.8268006407792532,-0.6089335469264178,-0.1771671352404719,-1.7289316917021225,34286.55763292524,17312.0,Discesa,288.53333333333336,21.720130020307018,Valvan-Ravasacletto
1734876362.0,46.512742,12.928946,1255.866048,3.7,10.7,POINT (1439243.6852137311 5862900.685274886),3.0,19.16124119647633,4.549840000000131,19.69401452764628,13.357515867590422,6.564671509215427,0.5313020591301445,0.17710068637671483,0.2331326317768398,2.266370339949967,34299.76096308759,17315.0,Discesa,288.5833333333333,23.632817433175536,Valvan-Ravasacletto
1734876365.0,46.512692,12.928764,1250.679638,4.7,10.6,POINT (1439223.4250664068 5862892.597471005),3.0,21.81481471877886,-5.1864100000000235,22.422867566454364,-13.373622183641476,7.474289188818122,0.9096176796026949,0.3032058932008983,-0.2334137400222975,-2.2690533201969703,34314.79373133055,17318.0,Discesa,288.6333333333333,26.90744107974524,Valvan-Ravasacletto
1734876368.0,46.512777,12.92865,1236.495963,5.2,10.7,POINT (1439210.7346444563 5862906.34674203),3.0,18.710672435810928,-14.183674999999994,23.47905235536221,-37.164043472785096,7.826350785120737,0.35206159630261524,0.11735386543420508,-0.6486349219544075,-5.92621242305899,34327.67089326746,17321.0,Discesa,288.68333333333334,28.174862826434655,Valvan-Ravasacletto
1734876370.0,46.512836,12.928506,1234.137014,4.0,10.7,POINT (1439194.7046377822 5862915.890366324),2.0,18.655880537705073,-2.358949000000166,18.80442817587721,-7.206539168498797,9.402214087938605,1.5758633028178677,0.7879316514089338,-0.12577783616423843,-1.2306298002556577,34340.52171361029,17323.0,Discesa,288.71666666666664,33.84797071657898,Valvan-Ravasacletto
1734876372.0,46.512901,12.928366,1230.025967,6.8,11.0,POINT (1439179.1199090711 5862926.404540679),2.0,18.799777428695876,-4.111046999999871,19.24402085856048,-12.335002761389791,9.62201042928024,0.21979634134163462,0.10989817067081731,-0.21528641142884433,-2.095683192530873,34353.46953507731,17325.0,Discesa,288.75,34.63923754540886,Valvan-Ravasacletto
1734876375.0,46.512967,12.928226,1222.350878,10.9,11.3,POINT (1439163.53518036 5862937.0804844275),3.0,18.890726399732614,-7.675089000000071,20.390353971117737,-22.11135241258534,6.796784657039246,-2.8252257722409935,-0.9417419240803312,-0.38591590166840584,-3.6925608646446357,34366.47970613427,17328.0,Discesa,288.8,24.468424765341286,Valvan-Ravasacletto
1734876378.0,46.513003,12.928103,1216.056294,11.2,10.9,POINT (1439149.8428829925 5862942.9037319375),3.0,14.879153832322997,-6.294583999999986,16.155835060404275,-22.930654765539916,5.385278353468092,-1.4115063035711541,-0.4705021011903847,-0.40021542529679993,-3.822140347999733,34376.73249071591,17331.0,Discesa,288.85,19.38700207248513,Valvan-Ravasacletto
1734876381.0,46.513037,12.927957,1210.848719,11.0,10.9,POINT (1439133.5902373365 5862948.403469238),3.0,17.157960286658312,-5.207574999999906,17.93082370052106,-16.883453710005462,5.97694123350702,0.5916628800389283,0.1972209600129761,-0.2946718563476472,-2.84907774473933,34388.55742141476,17334.0,Discesa,288.9,21.516988440625273,Valvan-Ravasacletto
1734876383.0,46.513059,12.927818,1208.237925,10.4,11.1,POINT (1439118.1168281164 5862951.96212462),2.0,15.877355605237524,-2.610794000000169,16.09057694197459,-9.337871719231995,8.045288470987295,2.0683472374802747,1.0341736187401374,-0.1629766066294618,-1.5917321816590282,34399.50160497473,17336.0,Discesa,288.93333333333334,28.96303849555426,Valvan-Ravasacletto
1734876385.0,46.513028,12.927661,1203.273958,10.2,11.1,POINT (1439100.6396680619 5862946.9476560885),2.0,18.1822995855849,-4.963966999999911,18.847731603486107,-15.270246223812727,9.423865801743053,1.3785773307557587,0.6892886653778794,-0.266516074195763,-2.5836804817929466,34412.03354771701,17338.0,Discesa,288.96666666666664,33.92591688627499,Valvan-Ravasacletto
1734876387.0,46.513046,12.927533,1198.629165,9.7,11.1,POINT (1439086.3907732402 5862949.85928263),2.0,14.543334306552898,-4.644792999999936,15.267045384258438,-17.712237978230256,7.633522692129219,-1.7903431096138345,-0.8951715548069172,-0.3091368706169017,-2.984560416449736,34422.058522410756,17340.0,Discesa,289.0,27.48068169166519,Valvan-Ravasacletto
1734876389.0,46.513089,12.927403,1199.233791,6.2,11.4,POINT (1439071.9192394372 5862956.814838825),2.0,16.056308809854738,0.604626000000053,16.06768885674897,2.1565453008218944,8.033844428374485,0.40032173624526557,0.20016086812263278,0.03763881596775363,0.3691496090621111,34433.12121948737,17342.0,Discesa,289.03333333333336,28.921839942148146,Valvan-Ravasacletto
1734876391.0,46.513081,12.927248,1191.876742,5.9,12.1,POINT (1439054.6647183644 5862955.520781442),2.0,17.302978991034305,-7.357049000000188,18.802107646553306,-23.03469908132831,9.401053823276653,1.3672093949021686,0.6836046974510843,-0.4020313411752921,-3.8385404469925017,34445.04976199525,17344.0,Discesa,289.06666666666666,33.84379376379595,Valvan-Ravasacletto
1734876393.0,46.513089,12.927057,1187.436431,12.5,12.3,POINT (1439033.4026956225 5862956.814838825),2.0,21.301366049749756,-4.440310999999838,21.75924073496479,-11.774801557410102,10.879620367482396,1.4785665442057425,0.7392832721028713,-0.2055090559457624,-2.001882852465665,34459.734850983245,17346.0,Discesa,289.1,39.166633322936626,Valvan-Ravasacletto
1734876395.0,46.513028,12.92688,1182.344824,12.5,12.2,POINT (1439013.6991457525 5862946.9476560885),2.0,22.036133341243556,-5.091607000000067,22.616711398333656,-13.010280321219572,11.308355699166828,0.42873533168443245,0.21436766584221623,-0.227072228212707,-2.208484858399031,34474.91699249692,17348.0,Discesa,289.1333333333333,40.710080517000584,Valvan-Ravasacletto
1734876397.0,46.513013,12.926712,1179.427545,3.7,12.0,POINT (1438994.997471299 5862944.521301374),2.0,18.858415218786714,-2.9172790000000077,19.082723634953357,-8.793597123144576,9.541361817476679,-1.7669938816901496,-0.8834969408450748,-0.1534772228927741,-1.4997076694848877,34487.91740364009,17350.0,Discesa,289.1666666666667,34.34890254291604,Valvan-Ravasacletto
1734876399.0,46.513004,12.926531,1173.427498,11.8,11.6,POINT (1438974.8486434654 5862943.065488868),2.0,20.201352754670452,-6.000046999999995,21.073566786874036,-16.542058666572572,10.536783393437018,0.9954215759603393,0.49771078798016966,-0.2887133887897542,-2.7930943852685637,34501.844100273986,17352.0,Discesa,289.2,37.932420216373266,Valvan-Ravasacletto
1734876401.0,46.512998,12.926357,1168.910604,12.4,11.4,POINT (1438955.4790520673 5862942.094947331),2.0,19.39389135290622,-4.516894000000093,19.91294436329212,-13.110632741088747,9.95647218164606,-0.5803112117909581,-0.29015560589547906,-0.22882370835176788,-2.2252224147064914,34515.214253702106,17354.0,Discesa,289.23333333333335,35.843299853925814,Valvan-Ravasacletto
1734876403.0,46.512949,12.926191,1165.347326,12.8,11.2,POINT (1438937.0000165957 5862934.16886212),2.0,20.1071524269848,-3.5632779999998547,20.420443893982416,-10.04930760216749,10.210221946991208,0.25374976534514815,0.12687488267257407,-0.17539350520351915,-1.7118020235740068,34529.06940262947,17356.0,Discesa,289.26666666666665,36.75679900916835,Valvan-Ravasacletto
1734876405.0,46.512893,12.926041,1161.050427,11.3,11.0,POINT (1438920.3020929766 5862925.110487771),2.0,18.996704952052383,-4.296899000000167,19.476604941609665,-12.74536195383731,9.738302470804832,-0.4719194761863754,-0.2359597380931877,-0.2224485304528786,-2.1642672999926797,34542.15639615253,17358.0,Discesa,289.3,35.057888894897395,Valvan-Ravasacletto
1734876407.0,46.51287,12.925868,1157.355844,11.3,10.8,POINT (1438901.0438210694 5862921.390086725),2.0,19.614342221819033,-3.694582999999966,19.959267630314535,-10.667320686249488,9.979633815157268,0.2413313443524352,0.1206656721762176,-0.18617986834115458,-1.815891239163093,34555.67712014911,17360.0,Discesa,289.3333333333333,35.926681734566166,Valvan-Ravasacletto
1734876409.0,46.512838,12.925709,1153.474774,8.0,10.9,POINT (1438883.3440220333 5862916.213879195),2.0,18.441149918501726,-3.8810699999999088,18.845124426799508,-11.884857748294516,9.422562213399754,-0.5570716017575137,-0.27853580087875685,-0.2074298988388988,-2.020326098025406,34568.387406551825,17362.0,Discesa,289.3666666666667,33.92122396823912,Valvan-Ravasacletto
1734876411.0,46.512826,12.925515,1150.585458,9.1,11.0,POINT (1438861.7480408195 5862914.2728021545),2.0,21.683039101126035,-2.889316000000008,21.874696148948367,-7.590084584848747,10.937348074474183,1.5147858610744294,0.7573929305372147,-0.13247196651047755,-1.2957523966047286,34583.33548369871,17364.0,Discesa,289.4,39.37445306810706,Valvan-Ravasacletto
1734876413.0,46.512767,12.925351,1145.943732,9.6,11.3,POINT (1438843.4916443292 5862904.729179615),2.0,20.600406403471037,-4.641726000000062,21.116873922227388,-12.697945784953452,10.558436961113694,-0.37891111336048944,-0.18945555668024472,-0.2216209621871736,-2.1563481520846994,34597.527889089055,17366.0,Discesa,289.43333333333334,38.0103730600093,Valvan-Ravasacletto
1734876416.0,46.512713,12.925182,1140.952408,10.0,11.6,POINT (1438824.6786503852 5862895.994347729),3.0,20.7418906856921,-4.9913239999998495,21.333995042892813,-13.530388478112647,7.111331680964271,-3.4471052801494233,-1.149035093383141,-0.2361498280169704,-2.295157955251829,34611.819477695724,17369.0,Discesa,289.48333333333335,25.600794051471375,Valvan-Ravasacletto
1734876418.0,46.512679,12.924988,1136.787151,9.1,11.7,POINT (1438803.0826691715 5862890.494643215),2.0,22.28526765201107,-4.165257000000111,22.67118259372062,-10.586790714144962,11.33559129686031,4.224259615896039,2.1121298079480195,-0.1847743551813914,-1.8023396442194708,34627.18018210423,17371.0,Discesa,289.51666666666665,40.808128668697115,Valvan-Ravasacletto
1734876421.0,46.512582,12.924649,1130.096881,13.1,11.7,POINT (1438765.3453617925 5862874.8043286605),3.0,40.869185690950495,-6.690270000000055,41.41316278327814,-9.296838140918476,13.804387594426046,2.4687962975657367,0.8229320991885789,-0.16226043558401598,-1.584799235051454,34655.45341797767,17374.0,Discesa,289.56666666666666,49.69579533993377,Valvan-Ravasacletto
1734876423.0,46.512539,12.924457,1125.254535,8.5,11.5,POINT (1438743.9720195602 5862867.8488373505),2.0,22.476623802138498,-4.842345999999907,22.99232333468225,-12.157930842856297,11.496161667341125,-2.308225927084921,-1.1541129635424605,-0.2121959234376117,-2.066055420695291,34670.94434178009,17376.0,Discesa,289.6,41.38618200242805,Valvan-Ravasacletto
1734876425.0,46.512517,12.924318,1121.099825,10.6,11.1,POINT (1438728.4986103398 5862864.290216021),2.0,15.877347973299614,-4.154710000000023,16.41194058755215,-14.664089873901448,8.205970293776074,-3.290191373565051,-1.6450956867825255,-0.25593665010794037,-2.4834177824719545,34681.88862445924,17378.0,Discesa,289.6333333333333,29.54149305759387,Valvan-Ravasacletto
1734876427.0,46.512491,12.924157,1116.846207,11.6,11.1,POINT (1438710.576172322 5862860.084574484),2.0,18.409269546592043,-4.25361799999996,18.89429732297565,-13.01035108066428,9.447148661487825,1.2411783677117505,0.6205891838558752,-0.22707346319799407,-2.2084966626018936,34694.578091676696,17380.0,Discesa,289.6666666666667,34.00973518135617,Valvan-Ravasacletto
1734876429.0,46.51246,12.923974,1112.913544,11.5,11.0,POINT (1438690.2047055068 5862855.0701583605),2.0,20.97953834731365,-3.9326630000000478,21.344949462061823,-10.617015812735024,10.672474731030912,1.2253260695430868,0.6126630347715434,-0.1853018826685279,-1.807426346854132,34709.039019932185,17382.0,Discesa,289.7,38.42090903171128,Valvan-Ravasacletto
1734876431.0,46.512415,12.923828,1108.491467,11.6,10.9,POINT (1438673.9520598513 5862847.791172303),2.0,17.808203975310576,-4.422076999999945,18.34902977871571,-13.94544263071006,9.174514889357855,-1.4979598416730564,-0.7489799208365282,-0.24339388955387026,-2.364189054852347,34721.309706961845,17384.0,Discesa,289.73333333333335,33.02825360168828,Valvan-Ravasacletto
1734876433.0,46.512381,12.923697,1105.314505,11.2,10.8,POINT (1438659.3692065573 5862842.291497947),2.0,15.585442830464814,-3.176962000000003,15.905945925066233,-11.521418469628635,7.952972962533116,-1.221541926824739,-0.6107709634123695,-0.201086686795106,-1.959392881556666,34732.05026829228,17386.0,Discesa,289.76666666666665,28.63070266511922,Valvan-Ravasacletto
1734876435.0,46.512341,12.923544,1100.758251,11.3,10.9,POINT (1438642.3373244659 5862835.821297226),2.0,18.219454024435052,-4.556254000000081,18.780520638710186,-14.040358939639313,9.390260319355093,1.4372873568219768,0.7186436784109884,-0.2450504916585258,-2.3799580746378335,34744.60597849006,17388.0,Discesa,289.8,33.80493714967834,Valvan-Ravasacletto
1734876437.0,46.512304,12.923334,1096.614594,8.0,11.2,POINT (1438618.9602313994 5862829.836365798),2.0,24.131056430162452,-4.143657000000076,24.484235290679067,-9.74350345771225,12.242117645339533,2.85185732598444,1.42592866299222,-0.17005621601653087,-1.6602223711465298,34761.23902285507,17390.0,Discesa,289.8333333333333,44.07162352322232,Valvan-Ravasacletto
1734876439.0,46.512295,12.923093,1091.291507,9.0,11.3,POINT (1438592.1322341182 5862828.380572283),2.0,26.86746681171879,-5.323086999999987,27.389706608293185,-11.20653636988688,13.694853304146593,1.4527356588070592,0.7263678294035296,-0.1955909573990192,-1.9065367956219226,34779.761673951085,17392.0,Discesa,289.8666666666667,49.30147189492774,Valvan-Ravasacletto
1734876441.0,46.5123,12.922862,1086.714562,9.5,11.2,POINT (1438566.417431745 5862829.189346428),2.0,25.727517888651914,-4.576945000000023,26.131467663411666,-10.08742835969718,13.065733831705833,-0.6291194724407596,-0.3145597362203798,-0.17605883793576665,-1.7182284220823674,34797.49854534193,17394.0,Discesa,289.9,47.036641794141,Valvan-Ravasacletto
1734876443.0,46.512328,12.922614,1083.123516,9.1,11.0,POINT (1438538.810198028 5862833.718483015),2.0,27.97628337934082,-3.5910459999997784,28.205815767236654,-7.314510054598086,14.102907883618327,1.0371740519124941,0.5185870259562471,-0.1276622836229668,-1.2489679983274298,34816.78419249325,17396.0,Discesa,289.93333333333334,50.77046838102598,Valvan-Ravasacletto
1734876444.0,46.512332,12.922484,1079.543531,9.4,10.8,POINT (1438524.338664225 5862834.365502719),1.0,14.485990649921927,-3.579985000000079,14.92180343356161,-13.881604848397263,14.92180343356161,0.8188955499432833,0.8188955499432833,-0.24227971006534052,-2.3535796464796506,34826.7709770468,17397.0,Discesa,289.95,53.7184923608218,Valvan-Ravasacletto
1734876445.0,46.51236,12.922346,1078.154141,9.3,10.8,POINT (1438508.9765744954 5862838.894641975),1.0,16.015832893188797,-1.3893900000000485,16.07598543899093,-4.9580550711864415,16.07598543899093,1.1541820054293197,1.1541820054293197,-0.08653438548740525,-0.8478432598565485,34837.8097112289,17398.0,Discesa,289.96666666666664,57.87354758036735,Valvan-Ravasacletto
1734876446.0,46.512383,12.922187,1077.005141,7.1,10.8,POINT (1438491.2767754593 5862842.615008108),1.0,18.086569881715363,-1.1489999999998872,18.123029853922688,-3.6349900834399222,18.123029853922688,2.047044414931758,2.047044414931758,-0.06344254523337005,-0.6219539498004614,34850.27716396989,17399.0,Discesa,289.98333333333335,65.24290747412168,Valvan-Ravasacletto
1734876447.0,46.5124,12.922047,1073.963645,10.3,10.9,POINT (1438475.6920467482 5862845.364844957),1.0,15.825465923424519,-3.041496000000052,16.11508825950038,-10.879023094979761,16.11508825950038,-2.0079415944223094,-2.0079415944223094,-0.18987477240790063,-1.8514993700025542,34861.18640630731,17400.0,Discesa,290.0,58.01431773420136,Valvan-Ravasacletto
1734876448.0,46.512421,12.921918,1071.112903,11.1,11.0,POINT (1438461.3318324361 5862848.761703432),1.0,14.756503738464534,-2.850742000000082,15.02934238527695,-10.934018079115173,15.02934238527695,-1.085745874223429,-1.085745874223429,-0.1908346159531456,-1.8607453541943826,34871.35802206124,17401.0,Discesa,290.01666666666665,54.10563258699702,Valvan-Ravasacletto
1734876450.0,46.512502,12.921749,1067.808922,13.0,11.2,POINT (1438442.518838492 5862861.863884119),2.0,22.925877953009834,-3.3039810000000216,23.162732359647542,-8.200762702066534,11.581366179823771,-3.4479762054531786,-1.7239881027265893,-0.1431303103258078,-1.3993190918384988,34887.14700252369,17403.0,Discesa,290.05,41.692918247365576,Valvan-Ravasacletto
1734876452.0,46.51257,12.921586,1061.874464,8.5,11.5,POINT (1438424.3737614925 5862872.863260765),2.0,21.218626390533952,-5.93445799999995,22.032882191280088,-15.625324899873803,11.016441095640044,-0.5649250841837272,-0.2824625420918636,-0.27271336619665115,-2.642279501818421,34901.762877090805,17405.0,Discesa,290.0833333333333,39.65918794430416,Valvan-Ravasacletto
1734876454.0,46.512672,12.921437,1058.476372,10.6,11.7,POINT (1438407.7871573644 5862889.362351537),2.0,23.395201063677447,-3.398091999999906,23.64069504160903,-8.26426952034321,11.820347520804514,0.8039064251644703,0.40195321258223515,-0.14423871340220154,-1.4100804761165862,34917.8662722486,17407.0,Discesa,290.1166666666667,42.55325107489625,Valvan-Ravasacletto
1734876456.0,46.512745,12.921284,1054.415441,10.4,12.2,POINT (1438390.755275273 5862901.170543355),2.0,20.724825731264197,-4.060930999999982,21.11893847185581,-11.086374187630321,10.559469235927905,-1.2608782848766094,-0.6304391424383047,-0.19349373168226072,-1.886351113863495,34932.139420680855,17409.0,Discesa,290.15,38.01408924934046,Valvan-Ravasacletto
1734876458.0,46.512822,12.921116,1051.113051,11.4,12.6,POINT (1438372.0536008198 5862913.625776571),2.0,22.469656468805358,-3.3023900000000594,22.71103787893074,-8.360965951692357,11.35551893946537,0.7960497035374647,0.39802485176873237,-0.1459263845041728,-1.4264625893673977,34947.615064828715,17411.0,Discesa,290.18333333333334,40.879868182075334,Valvan-Ravasacletto
1734876460.0,46.512908,12.920939,1046.873755,11.7,13.3,POINT (1438352.3500509495 5862927.536837129),2.0,24.11944201947913,-4.2392959999999675,24.48916319327043,-9.968635781073138,12.244581596635214,0.8890626571698448,0.4445313285849224,-0.1739855163118429,-1.6981998703584873,34964.22560736506,17413.0,Discesa,290.21666666666664,44.08049374788677,Valvan-Ravasacletto
1734876462.0,46.513022,12.920738,1042.523894,11.3,13.3,POINT (1438329.9748333 5862945.977114121),2.0,28.99472676915307,-4.349861000000146,29.31919970151238,-8.532025626407728,14.65959985075619,2.4150182541209766,1.2075091270604883,-0.14891193904534653,-1.4554331920526558,34984.18905091168,17415.0,Discesa,290.25,52.77455946272229,Valvan-Ravasacletto
1734876464.0,46.513138,12.920592,1038.323736,11.3,13.3,POINT (1438313.722187644 5862964.740944453),2.0,24.823976706318902,-4.200157999999874,25.17679778567613,-9.603358212892674,12.588398892838065,-2.0712009579181263,-1.0356004789590632,-0.16761022006341572,-1.6365683329053373,35001.271728770604,17417.0,Discesa,290.28333333333336,45.318236014217035,Valvan-Ravasacletto
1734876466.0,46.513257,12.920417,1032.994986,7.9,13.2,POINT (1438294.2412767555 5862983.990087877),2.0,27.386774392504723,-5.328750000000127,27.900376129874193,-11.010684687921247,13.950188064937096,1.3617891720990318,0.6808945860495159,-0.19217270070315007,-1.8736319989617631,35020.122607324854,17419.0,Discesa,290.31666666666666,50.22067703377355,Valvan-Ravasacletto
1734876469.0,46.513413,12.920137,1027.46697,9.7,12.8,POINT (1438263.0718193331 5863009.224322928),3.0,40.10363692505222,-5.52801599999998,40.482843965223935,-7.8483779559110705,13.494281321741312,-0.4559067431957846,-0.15196891439859486,-0.13698003627159053,-1.339575772062481,35047.85030592427,17422.0,Discesa,290.3666666666667,48.579412758268724,Valvan-Ravasacletto
1734876471.0,46.513529,12.919998,1022.721998,10.6,12.3,POINT (1438247.5984101128 5863027.988288258),2.0,24.321035911508858,-4.7449719999999616,24.779579235525514,-11.03958764528851,12.389789617762757,-1.104491703978555,-0.5522458519892774,-0.19267715247277237,-1.8784893350111984,35064.585489891324,17424.0,Discesa,290.4,44.603242623945924,Valvan-Ravasacletto
1734876473.0,46.513666,12.919848,1018.386707,9.4,12.5,POINT (1438230.900486494 5863050.149229929),2.0,27.74757627091646,-4.335290999999984,28.084207963996548,-8.880119365508335,14.042103981998274,1.652314364235517,0.8261571821177585,-0.15498732089823022,-1.5143458830856658,35083.675819557124,17426.0,Discesa,290.43333333333334,50.551574335193784,Valvan-Ravasacletto
1734876475.0,46.513826,12.919603,1013.417739,7.0,13.4,POINT (1438203.6272112497 5863076.030692382),2.0,37.59895798094658,-4.968968000000018,37.92587881958717,-7.528415289536587,18.962939409793584,4.920835427795311,2.4604177138976553,-0.13139563425989564,-1.2852853407005316,35109.93185760534,17428.0,Discesa,290.46666666666664,68.2665818752569,Valvan-Ravasacletto
1734876476.0,46.513895,12.919468,1010.489308,10.3,13.1,POINT (1438188.5990799924 5863087.192096582),1.0,18.719553221149578,-2.9284309999999323,18.94722620652459,-8.891118572145352,18.94722620652459,-0.01571320326899439,-0.01571320326899439,-0.1551792932691534,-1.51620653054254,35122.82243959305,17429.0,Discesa,290.48333333333335,68.21001434348852,Valvan-Ravasacletto
1734876477.0,46.51397,12.919356,1007.504846,11.0,13.0,POINT (1438176.1312970237 5863099.324073739),1.0,17.396277817615182,-2.9844620000000077,17.65042479197297,-9.73475478725373,17.65042479197297,-1.29680141455162,-1.29680141455162,-0.1699035229118577,-1.658746039546588,35134.79678594882,17430.0,Discesa,290.5,63.541529251102695,Valvan-Ravasacletto
1734876478.0,46.514054,12.91925,1005.570093,12.4,12.5,POINT (1438164.3314309996 5863112.911908035),1.0,17.996279588820023,-1.9347530000000006,18.099981994742127,-6.136214714030148,18.099981994742127,0.44955720276915656,0.44955720276915656,-0.10709715036914837,-1.0486157906407583,35147.18080715089,17431.0,Discesa,290.51666666666665,65.15993518107166,Valvan-Ravasacletto
1734876479.0,46.514128,12.919155,1002.748445,13.0,12.4,POINT (1438153.756079374 5863124.882160411),1.0,15.972632968555699,-2.8216480000000956,16.219947638142884,-10.018235162109109,16.219947638142884,-1.8800343565992428,-1.8800343565992428,-0.17485118881787182,-1.7065632699644289,35158.17254930917,17432.0,Discesa,290.53333333333336,58.391811497314386,Valvan-Ravasacletto
1734876480.0,46.514222,12.919066,1000.556575,12.4,11.8,POINT (1438143.8486446936 5863140.087639633),1.0,18.148384509408732,-2.1918699999999944,18.28026680325664,-6.886539731885043,18.28026680325664,2.060319165113757,2.060319165113757,-0.12019279239080154,-1.1762544240420665,35170.65595065652,17433.0,Discesa,290.55,65.80896049172391,Valvan-Ravasacletto
1734876481.0,46.51431,12.91896,998.707045,8.4,12.0,POINT (1438132.0487786694 5863154.322580189),1.0,18.489736905762115,-1.8495299999999588,18.582010980117342,-5.712299949352236,18.582010980117342,0.30174417686070143,0.30174417686070143,-0.09969844197770183,-0.9764222677197568,35183.3785637557,17434.0,Discesa,290.56666666666666,66.89523952842244,Valvan-Ravasacletto
1734876482.0,46.514404,12.918848,995.063197,11.0,12.4,POINT (1438119.5809957008 5863169.528110334),1.0,19.663513397201474,-3.643848000000048,19.998284610661642,-10.498397676210788,19.998284610661642,1.4162736305442998,1.4162736305442998,-0.1832316056335998,-1.7874607535559932,35196.90859229212,17435.0,Discesa,290.5833333333333,71.99382459838192,Valvan-Ravasacletto
1734876483.0,46.514491,12.918693,992.93029,10.5,12.2,POINT (1438102.3264746277 5863183.601337205),1.0,22.26598778457744,-2.132906999999932,22.367912381212523,-5.471790437474623,22.367912381212523,2.3696277705508813,2.3696277705508813,-0.0955007591130731,-0.9354390035779052,35212.23899372493,17436.0,Discesa,290.6,80.52448457236508,Valvan-Ravasacletto
1734876484.0,46.514589,12.918552,991.253762,11.5,12.3,POINT (1438086.630426426 5863199.45396457),1.0,22.30855718156035,-1.676527999999962,22.371465523244822,-4.297801499127056,22.371465523244822,0.0035531420322989504,0.0035531420322989504,-0.07501078675691533,-0.7351659489142912,35227.59351865897,17437.0,Discesa,290.6166666666667,80.53727588368136,Valvan-Ravasacletto
1734876485.0,46.514675,12.9184,987.467934,10.4,12.3,POINT (1438069.7098638255 5863213.36547744),1.0,21.905150742658225,-3.7858280000000377,22.22989254819205,-9.805464328355656,22.22989254819205,-0.141572975052771,-0.141572975052771,-0.1711376372166606,-1.6706771118882837,35242.67524417072,17438.0,Discesa,290.6333333333333,80.02761317349139,Valvan-Ravasacletto
1734876486.0,46.514772,12.918254,984.406695,12.2,12.2,POINT (1438053.4572181695 5863229.056396283),1.0,22.59100318634287,-3.0612390000000005,22.797469359130076,-7.716974697525515,22.797469359130076,0.567576810938025,0.567576810938025,-0.13468661676491375,-1.3172845686037997,35258.225235682614,17439.0,Discesa,290.65,82.07088969286828,Valvan-Ravasacletto
1734876487.0,46.514864,12.918093,981.549581,11.4,12.1,POINT (1438035.5347801517 5863243.938530756),1.0,23.295744482041574,-2.857114000000024,23.47029636330923,-6.99214035192623,23.47029636330923,0.6728270041791546,0.6728270041791546,-0.12203587090266776,-1.194202574442837,35274.26408789912,17440.0,Discesa,290.6666666666667,84.49306690791323,Valvan-Ravasacletto
1734876488.0,46.514959,12.917915,978.77186,11.4,11.9,POINT (1438015.7199107907 5863259.305978662),1.0,25.075635643835483,-2.7777210000000423,25.229015773435034,-6.321094700863094,25.229015773435034,1.7587194101258028,1.7587194101258028,-0.11032391486042704,-1.0800834743102738,35291.530133761546,17441.0,Discesa,290.68333333333334,90.82445678436612,Valvan-Ravasacletto
1734876489.0,46.515057,12.91776,974.918578,11.5,12.0,POINT (1437998.4653897176 5863275.158742547),1.0,23.431359760911544,-3.853281999999922,23.74608183294221,-9.3386927321142,23.74608183294221,-1.4829339404928241,-1.4829339404928241,-0.1629909360074576,-1.5918708899402298,35307.65974969842,17442.0,Discesa,290.7,85.48589459859195,Valvan-Ravasacletto
1734876493.0,46.515343,12.917287,964.066034,11.2,12.3,POINT (1437945.8112705725 5863321.423094489),4.0,70.09170081778184,-10.85254400000008,70.92689359334284,-8.801417331313733,17.73172339833571,-6.0143584346065,-1.503589608651625,-0.15361371127351725,-1.5010308677891033,35355.92435125079,17446.0,Discesa,290.76666666666665,63.83420423400856,Valvan-Ravasacletto
1734876498.0,46.515587,12.916713,951.322218,9.6,11.6,POINT (1437881.913882857 5863360.893573236),5.0,75.10522518033154,-12.743815999999924,76.17873519316373,-9.630196084023424,15.235747038632747,-2.495976359702963,-0.49919527194059266,-0.16807862927887324,-1.6410988531510597,35407.77446828986,17451.0,Discesa,290.85,54.848689339077886,Valvan-Ravasacletto
1734876500.0,46.515719,12.916441,946.746172,9.6,11.5,POINT (1437851.6349813615 5863382.246529052),2.0,37.0507840385051,-4.576046000000019,37.332302297903624,-7.040796938002573,18.666151148951812,3.4304041103190652,1.7152020551595326,-0.12288508853247997,-1.2024710102736156,35433.313440930615,17453.0,Discesa,290.8833333333333,67.19814413622653,Valvan-Ravasacletto
1734876502.0,46.515873,12.916129,939.841976,9.3,11.7,POINT (1437816.9033002337 5863407.158376393),2.0,42.742131578785184,-6.904195999999956,43.296163043676295,-9.17580857186119,21.648081521838147,2.9819303728863353,1.4909651864431677,-0.16014807111169646,-1.5643456139906613,35462.77735708047,17455.0,Discesa,290.9166666666667,77.93309347861734,Valvan-Ravasacletto
1734876503.0,46.515959,12.915998,937.721301,9.2,11.7,POINT (1437802.32044694 5863421.070217967),1.0,20.15437784131372,-2.1206750000000056,20.26564108598745,-6.00664846543226,20.26564108598745,-1.3824404358506968,-1.3824404358506968,-0.10483579273165775,-1.026556310838088,35476.65011494486,17456.0,Discesa,290.93333333333334,72.95630790955482,Valvan-Ravasacletto
1734876504.0,46.516048,12.915857,935.338054,11.4,11.7,POINT (1437786.6243987381 5863435.4673795225),1.0,21.29892462089277,-2.383246999999983,21.43184677692245,-6.384563893706996,21.43184677692245,1.1662056909349978,1.1662056909349978,-0.11143166124913637,-1.0908837354685998,35491.311582198556,17457.0,Discesa,290.95,77.15464839692082,Valvan-Ravasacletto
1734876506.0,46.51626,12.915617,929.860196,11.3,11.6,POINT (1437759.9077209476 5863469.761836859),2.0,43.4728728771566,-5.477858000000083,43.81663616095584,-7.181781790514563,21.90831808047792,0.4764713035554706,0.2382356517777353,-0.12534573840425278,-1.2264242919652861,35521.22100019573,17459.0,Discesa,290.98333333333335,78.86994508972052,Valvan-Ravasacletto
1734876507.0,46.516396,12.915529,926.76737,12.3,11.6,POINT (1437750.1116057578 5863491.762125218),1.0,24.08270252039705,-3.0928259999999455,24.280488737919054,-7.31816473645751,24.280488737919054,2.372170657441135,2.372170657441135,-0.12772606985452667,-1.2495886465669137,35537.77867522918,17460.0,Discesa,291.0,87.4097594565086,Valvan-Ravasacletto
1734876508.0,46.516533,12.915442,924.102337,12.9,11.5,POINT (1437740.426810059 5863513.924236072),1.0,24.1858310841449,-2.665032999999994,24.33221786278182,-6.288045593610023,24.33221786278182,0.05172912486276715,0.05172912486276715,-0.10974709912401621,-1.074459133870791,35554.406941619854,17461.0,Discesa,291.01666666666665,87.59598430601456,Valvan-Ravasacletto
1734876509.0,46.516667,12.915357,919.769019,12.4,11.3,POINT (1437730.9646533413 5863535.6010992825),1.0,23.652036030470384,-4.333318000000077,24.04571590275062,-10.382087723259572,24.04571590275062,-0.28650196003120243,-0.28650196003120243,-0.1812016140017614,-1.7678762300912825,35570.66815688045,17462.0,Discesa,291.03333333333336,86.56457724990223,Valvan-Ravasacletto
1734876510.0,46.51679,12.915288,916.253013,11.3,11.3,POINT (1437723.2836084766 5863555.498565548),1.0,21.3285633366174,-3.5160059999999476,21.616426906316768,-9.36099825958888,21.616426906316768,-2.4292889964338507,-2.4292889964338507,-0.16338024090328482,-1.5956392335090406,35585.33048570547,17463.0,Discesa,291.05,77.81913686274036,Valvan-Ravasacletto
1734876511.0,46.516925,12.915256,914.316361,8.7,11.2,POINT (1437719.7213847712 5863577.3372998815),1.0,22.127353095495543,-1.936651999999981,22.211942192924962,-5.001951550019605,22.211942192924962,0.5955152866081939,0.5955152866081939,-0.08730052357307594,-0.8553307025106212,35600.53686444211,17464.0,Discesa,291.06666666666666,79.96299189452986,Valvan-Ravasacletto
1734876512.0,46.517057,12.915246,909.678608,10.4,11.0,POINT (1437718.6081898634 5863598.690781468),1.0,21.38247831169834,-4.637752999999975,21.879651085866488,-12.237618945433958,21.879651085866488,-0.33229110705847376,-0.33229110705847376,-0.21358674320225887,-2.0793913372498367,35615.23022403734,17465.0,Discesa,291.0833333333333,78.76674390911936,Valvan-Ravasacletto
1734876513.0,46.517194,12.915235,908.287125,11.8,10.9,POINT (1437717.3836754644 5863620.853161909),1.0,22.19618305765537,-1.3914830000001075,22.23975645703515,-3.58718910140549,22.23975645703515,0.36010537116866104,0.36010537116866104,-0.06260826071118256,-0.6137858684006848,35630.482714524915,17466.0,Discesa,291.1,80.06312324532654,Valvan-Ravasacletto
1734876514.0,46.517347,12.915233,905.943346,10.9,10.9,POINT (1437717.161036483 5863645.603915599),1.0,24.751755015822276,-2.343778999999927,24.862475266234533,-5.409290186349585,24.862475266234533,2.622718809199384,2.622718809199384,-0.0944099239476179,-0.9247861181877219,35647.49110439603,17467.0,Discesa,291.1166666666667,89.50491095844433,Valvan-Ravasacletto
1734876515.0,46.517494,12.91525,902.874869,10.7,10.8,POINT (1437719.0534678265 5863669.384117143),1.0,23.855382660218535,-3.06847700000003,24.051919527659,-7.329611390997472,24.051919527659,-0.810555738575534,-0.810555738575534,-0.12792585166458734,-1.2515325163708515,35663.88382466489,17468.0,Discesa,291.1333333333333,86.5869102995724,Valvan-Ravasacletto
1734876516.0,46.517647,12.915292,898.002105,11.4,10.6,POINT (1437723.72888644 5863694.135007482),1.0,25.188610755145625,-4.872763999999961,25.655602522137997,-10.948688674371716,25.655602522137997,1.6036829944789979,1.6036829944789979,-0.19109066614359976,-1.8632115460454244,35681.19421077673,17469.0,Discesa,291.15,92.36016907969679,Valvan-Ravasacletto
1734876517.0,46.5178,12.91532,895.183833,11.4,10.6,POINT (1437726.8458321819 5863718.885967514),1.0,24.94645011299714,-2.818271999999979,25.105139519752505,-6.4455400134630745,25.105139519752505,-0.5504630023854915,-0.5504630023854915,-0.11249589530397029,-1.1012585012024005,35698.337096517535,17470.0,Discesa,291.1666666666667,90.37850227110903,Valvan-Ravasacletto
1734876518.0,46.517949,12.915338,892.257774,11.5,10.6,POINT (1437728.8495830162 5863742.9899106035),1.0,24.187085187968627,-2.9260590000000093,24.363433895112827,-6.897898980656679,24.363433895112827,-0.7417056246396783,-0.7417056246396783,-0.1203910486824197,-1.1781852637676864,35714.95764578183,17471.0,Discesa,291.18333333333334,87.70836202240618,Valvan-Ravasacletto
1734876519.0,46.518075,12.915397,888.099372,11.5,10.6,POINT (1437735.4174329732 5863763.37316238),1.0,21.41526572466138,-4.158402000000024,21.815267893185744,-10.988903702784947,21.815267893185744,-2.5481660019270826,-2.5481660019270826,-0.1917925507981937,-1.8699712430642537,35729.67755798621,17472.0,Discesa,291.2,78.53496441546868,Valvan-Ravasacletto
1734876520.0,46.518208,12.915471,884.956035,11.2,10.5,POINT (1437743.6550752919 5863784.888868311),1.0,23.038757620155405,-3.143336999999974,23.252202480105783,-7.769287850564812,23.252202480105783,1.4369345869200387,1.4369345869200387,-0.13559965352754916,-1.3261597905137228,35745.51505882923,17473.0,Discesa,291.21666666666664,83.70792892838082,Valvan-Ravasacletto
1734876521.0,46.518328,12.915545,881.962198,10.0,10.5,POINT (1437751.8927176103 5863804.30158051),1.0,21.088199208941678,-2.9938370000000987,21.29965271685381,-8.080137702303386,21.29965271685381,-1.952549763251973,-1.952549763251973,-0.1410250069197235,-1.378874170411318,35760.012802145866,17474.0,Discesa,291.23333333333335,76.67874978067371,Valvan-Ravasacletto
1734876523.0,46.518519,12.915654,873.056364,11.3,10.2,POINT (1437764.0265421069 5863835.200235851),2.0,33.19573163518046,-8.905833999999913,34.369615622384764,-15.017816572976962,17.184807811192382,-4.114844905661428,-2.057422452830714,-0.26211034565901925,-2.5419612631075785,35782.834471930786,17476.0,Discesa,291.26666666666665,61.865308120292575,Valvan-Ravasacletto
1734876524.0,46.518613,12.915691,871.102588,9.8,10.3,POINT (1437768.1453632663 5863850.4069438055),1.0,15.754639143894149,-1.9537760000000617,15.875323467964298,-7.069314125202378,15.875323467964298,-1.3094843432280836,-1.3094843432280836,-0.12338280734252415,-1.2073166634165182,35793.66251945231,17477.0,Discesa,291.28333333333336,57.151164484671476,Valvan-Ravasacletto
1734876525.0,46.518722,12.915703,870.123825,8.0,10.2,POINT (1437769.481197156 5863868.040287032),1.0,17.683869642033763,-0.9787629999999581,17.710935111580422,-3.1679621881971887,17.710935111580422,1.835611643616124,1.835611643616124,-0.05529137076272519,-0.5421320201055602,35805.81405771625,17478.0,Discesa,291.3,63.75936640168952,Valvan-Ravasacletto
1734876526.0,46.518839,12.915728,868.016188,8.8,10.3,POINT (1437772.2641844256 5863886.96785995),1.0,19.131075106055196,-2.1076369999999542,19.246822294531988,-6.286822888094006,19.246822294531988,1.5358871829515657,1.5358871829515657,-0.10972575888697943,-1.0742510453724907,35818.96067099363,17479.0,Discesa,291.31666666666666,69.28856026031517,Valvan-Ravasacletto
1734876527.0,46.518946,12.915787,866.310744,9.7,10.4,POINT (1437778.8320343823 5863904.277727272),1.0,18.513999021664183,-1.7054440000000568,18.592382822309748,-5.263031379750932,18.592382822309748,-0.65443947222224,-0.65443947222224,-0.09185722621243378,-0.8998526869791577,35831.68746779088,17480.0,Discesa,291.3333333333333,66.93257816031509,Valvan-Ravasacletto
1734876528.0,46.519042,12.915854,863.664333,10.4,10.6,POINT (1437786.2904402656 5863919.808104535),1.0,17.22847747853254,-2.6464109999999437,17.43054581501175,-8.732763945234902,17.43054581501175,-1.161837007297997,-1.161837007297997,-0.1524154836437988,-1.4894135952782812,35843.53288445852,17481.0,Discesa,291.35,62.7499649340423,Valvan-Ravasacletto
1734876529.0,46.51914,12.915919,860.821804,9.3,10.8,POINT (1437793.5262071672 5863935.6620596275),1.0,17.427111485859477,-2.842529000000013,17.65741164090639,-9.263911298570502,17.65741164090639,0.2268658258946381,0.2268658258946381,-0.16168575377275873,-1.579235397412343,35855.51427591453,17482.0,Discesa,291.3666666666667,63.566681907263,Valvan-Ravasacletto
1734876530.0,46.519227,12.91599,859.047303,9.4,9.8,POINT (1437801.4298910135 5863949.736513109),1.0,16.14182329060798,-1.7745009999999866,16.23906748998277,-6.273442200868732,16.23906748998277,-1.4183441509236197,-1.4183441509236197,-0.10949222183871885,-1.0719737953388075,35866.61438064468,17483.0,Discesa,291.3833333333333,58.46064296393797,Valvan-Ravasacletto
1734876531.0,46.519307,12.916085,857.816553,9.3,9.0,POINT (1437812.005242639 5863962.678559186),1.0,16.713306634559693,-1.2307500000000573,16.758560923400232,-4.211598081811491,16.758560923400232,0.5194934334174626,0.5194934334174626,-0.07350625329828803,-0.7204471526634445,35878.11334469078,17484.0,Discesa,291.4,60.330819324240835,Valvan-Ravasacletto
1734876532.0,46.519382,12.916206,855.525019,8.6,7.5,POINT (1437825.474901025 5863974.811744689),1.0,18.128593091757143,-2.291533999999956,18.272849136345997,-7.2042310672205785,18.272849136345997,1.5142882129457647,1.5142882129457647,-0.12573755219746402,-1.2302377353559688,35890.592055942216,17485.0,Discesa,291.4166666666667,65.78225689084559,Valvan-Ravasacletto
1734876533.0,46.519426,12.916343,855.028747,11.7,7.1,POINT (1437840.7256712634 5863981.929887981),1.0,16.830150230874967,-0.49627200000009,16.837465447382655,-1.688995873845985,16.837465447382655,-1.4353836889633413,-1.4353836889633413,-0.029478539051211217,-0.2891425871200626,35902.18690254704,17486.0,Discesa,291.43333333333334,60.61487561057756,Valvan-Ravasacletto
1734876534.0,46.519444,12.916482,852.710055,10.6,6.0,POINT (1437856.199080484 5863984.841857351),1.0,15.745029644953,-2.318691999999942,15.914844991746307,-8.377449503529112,15.914844991746307,-0.9226204556363484,-0.9226204556363484,-0.14621407675614734,-1.4292547952428103,35913.03915605484,17487.0,Discesa,291.45,57.29344197028671,Valvan-Ravasacletto
1734876536.0,46.519521,12.916724,849.660556,11.7,4.7,POINT (1437883.138397256 5863997.298626106),2.0,29.6799237861284,-3.049498999999969,29.836174689483755,-5.86633746227915,14.918087344741878,-0.9967576470044293,-0.49837882350221463,-0.10238690374985981,-1.0026615509978203,35933.486784137145,17489.0,Discesa,291.48333333333335,53.70511444107076,Valvan-Ravasacletto
1734876537.0,46.519542,12.916856,847.673726,12.3,4.6,POINT (1437897.8325700404 5864000.69592974),1.0,15.081789873779051,-1.9868300000000545,15.212096477662918,-7.50476001608246,15.212096477662918,0.29400913292104036,0.29400913292104036,-0.13098277185266152,-1.281269963585911,35943.881335509395,17490.0,Discesa,291.5,54.76354731958651,Valvan-Ravasacletto
1734876538.0,46.51956,12.916984,846.776167,12.4,4.5,POINT (1437912.081464862 5864003.607905326),1.0,14.54340419075331,-0.8975590000000011,14.571074689744128,-3.5315802928059616,14.571074689744128,-0.64102178791879,-0.64102178791879,-0.06163770390800944,-0.6042830729704146,35953.9051605488,17491.0,Discesa,291.51666666666665,52.455868883078864,Valvan-Ravasacletto
1734876540.0,46.51964,12.917192,843.424228,8.5,4.3,POINT (1437935.235918947 5864016.550030724),2.0,26.525975077028125,-3.3519390000000158,26.736919210089226,-7.201975217717245,13.368459605044613,-1.2026150846995147,-0.6013075423497574,-0.12569818019620138,-1.2298545442584827,35972.17627719055,17493.0,Discesa,291.55,48.12645457816061,Valvan-Ravasacletto
1734876542.0,46.519682,12.917428,841.559948,10.5,4.1,POINT (1437961.5073187742 5864023.344654185),2.0,27.135831604221387,-1.864280000000008,27.19979589576106,-3.930146598620961,13.59989794788053,0.2314383428359168,0.1157191714179584,-0.0685939982319918,-0.6723795601293557,35990.87786466356,17495.0,Discesa,291.5833333333333,48.95963261236991,Valvan-Ravasacletto
1734876544.0,46.519742,12.917651,838.658246,10.4,4.1,POINT (1437986.331565221 5864033.0512682395),2.0,26.654484952083767,-2.9017020000000002,26.811964541183176,-6.2129555455556265,13.405982270591588,-0.19391567728894188,-0.09695783864447094,-0.10843653054998623,-1.0616788850468863,36009.243617269305,17497.0,Discesa,291.6166666666667,48.261536174129716,Valvan-Ravasacletto
1734876546.0,46.519777,12.917888,836.378785,11.8,4.1,POINT (1438012.714284539 5864038.713464721),2.0,26.9834828664542,-2.2794609999999693,27.079591763074056,-4.828663043876263,13.539795881537028,0.13381361094543998,0.06690680547271999,-0.08427606858501221,-0.8257699231822261,36027.841277511805,17499.0,Discesa,291.65,48.7432651735333,Valvan-Ravasacletto
1734876548.0,46.519821,12.918132,834.156694,11.6,4.0,POINT (1438039.8762402928 5864045.831659758),2.0,28.07918340980786,-2.2220909999999776,28.16697053951507,-4.524763096839713,14.083485269757535,0.5436893882205069,0.27184469411025347,-0.07897201391258803,-0.7739104451939074,36047.19286281749,17501.0,Discesa,291.68333333333334,50.700546971127125,Valvan-Ravasacletto
1734876549.0,46.519852,12.918256,833.856994,11.6,3.9,POINT (1438053.679857151 5864050.84675518),1.0,14.686422997031858,-0.29970000000002983,14.689480608168086,-1.1690499545036097,14.689480608168086,0.6059953384105512,0.6059953384105512,-0.020403770826377902,-0.20014710379654088,36057.312747721364,17502.0,Discesa,291.7,52.88213018940511,Valvan-Ravasacletto
1734876551.0,46.519882,12.918478,832.126372,10.0,3.8,POINT (1438078.3927841072 5864055.700076053),2.0,25.184985254114636,-1.7306220000000394,25.24437629962079,-3.9309812713601384,12.622188149810395,-2.0672924583576915,-1.0336462291788457,-0.06860856601946709,-0.6725221339794168,36074.67118655936,17504.0,Discesa,291.73333333333335,45.43987733931742,Valvan-Ravasacletto
1734876553.0,46.519937,12.918689,830.80425,11.0,3.8,POINT (1438101.8811966646 5864064.5978379445),2.0,25.117238923621517,-1.322121999999922,25.1520118028195,-3.013156155747375,12.57600590140975,-0.046182248400644,-0.023091124200322,-0.05258949579452676,-0.5156651850229061,36091.97805897437,17506.0,Discesa,291.76666666666665,45.273621245075105,Valvan-Ravasacletto
1734876555.0,46.520021,12.9189,829.146803,10.1,3.8,POINT (1438125.369609222 5864078.187164401),2.0,27.136236253386944,-1.6574470000000474,27.18680651634982,-3.4952116587570887,13.59340325817491,1.0173973567651586,0.5086986783825793,-0.06100295149940369,-0.5980678554585719,36110.66863738402,17508.0,Discesa,291.8,48.93625172942968,Valvan-Ravasacletto
1734876557.0,46.52013,12.9191,827.409004,9.7,3.8,POINT (1438147.6335073805 5864095.820964573),2.0,28.401268804833194,-1.7377989999999954,28.454384813044054,-3.501412889681739,14.227192406522027,0.6337891483471179,0.31689457417355893,-0.061111183396715334,-0.5991276318926039,36130.22211144565,17510.0,Discesa,291.8333333333333,51.2178926634793,Valvan-Ravasacletto
1734876559.0,46.52023,12.919266,826.378331,9.7,3.8,POINT (1438166.1125428523 5864111.998794011),2.0,24.560067534301147,-1.0306729999999789,24.581684322323444,-2.403030177408417,12.290842161161722,-1.9363502453603054,-0.9681751226801527,-0.04194078862056034,-0.41131852469595626,36147.12838865554,17512.0,Discesa,291.8666666666667,44.2470317801822,Valvan-Ravasacletto
1734876561.0,46.52033,12.919414,825.536359,9.3,3.8,POINT (1438182.5878274895 5864128.176653224),2.0,23.09021724883682,-0.8419720000000552,23.105563170960913,-2.0883336473015452,11.552781585480457,-0.7380605756812653,-0.36903028784063263,-0.03644829802559396,-0.357478640918019,36163.019958658355,17514.0,Discesa,291.9,41.590013707729646,Valvan-Ravasacletto
1734876563.0,46.520418,12.919541,825.284269,11.4,3.8,POINT (1438196.7254028204 5864142.413193961),2.0,20.063651920399,-0.25208999999995285,20.06523555184515,-0.7198556437313345,10.032617775922574,-1.5201638095578822,-0.7600819047789411,-0.012563851122175066,-0.12324813698846046,36176.82795289174,17516.0,Discesa,291.93333333333334,36.11742399332127,Valvan-Ravasacletto
1734876565.0,46.520499,12.919651,824.874066,10.9,3.8,POINT (1438208.9705468076 5864155.517302975),2.0,17.934916345750615,-0.4102030000000241,17.939606763535302,-1.3102265558242276,8.969803381767651,-1.0628143941549233,-0.5314071970774616,-0.02286776734619806,-0.22431324627358898,36189.169718292775,17518.0,Discesa,291.96666666666664,32.29129217436355,Valvan-Ravasacletto
1734876567.0,46.520574,12.919752,823.886063,12.9,3.8,POINT (1438220.213815378 5864167.650754665),2.0,16.54181785834971,-0.9880029999999351,16.571297112381583,-3.4180784470135244,8.285648556190791,-0.6841548255768597,-0.34207741278842985,-0.05965672299184054,-0.5848853812872353,36200.55266661189,17520.0,Discesa,292.0,29.82833480228685,Valvan-Ravasacletto
1734876569.0,46.520656,12.919852,823.426449,8.3,3.8,POINT (1438231.3457644572 5864180.916681013),2.0,17.317768106028566,-0.45961399999998775,17.32386611594468,-1.520274545981798,8.66193305797234,0.37628450178154793,0.18814225089077397,-0.026533796361644303,-0.26026600008470524,36212.46770130298,17522.0,Discesa,292.03333333333336,31.182959008700422,Valvan-Ravasacletto
1734876572.0,46.520723,12.91997,823.206595,11.0,4.1,POINT (1438244.4814643706 5864191.7559283795),3.0,17.0304402668999,-0.21985400000005484,17.03185930736165,-0.739617204005654,5.677286435787217,-2.9846466221851227,-0.9948822073950409,-0.012908755414293255,-0.12663137365562446,36224.19181691476,17525.0,Discesa,292.0833333333333,20.43823116883398,Valvan-Ravasacletto
1734876576.0,46.520796,12.920058,822.886221,11.6,3.9,POINT (1438254.2775795604 5864203.565869831),4.0,15.344008273239348,-0.32037400000001526,15.347352520520063,-1.1961288726591786,3.836838130130016,-1.8404483056572007,-0.4601120764143002,-0.02087638710607065,-0.20478248191653903,36234.74864167716,17529.0,Discesa,292.15,13.812617268468058,Valvan-Ravasacletto
1734876610.0,46.520876,12.920133,822.514408,11.1,3.8,POINT (1438262.62654137 5864216.5082896445),34.0,15.401668544005691,-0.37181299999997464,15.406155875051486,-1.3829137139469436,0.4531222316191613,-3.3837158985108546,-0.09952105583855454,-0.024136397579357195,-0.236755071127538,36245.34127963194,17563.0,Discesa,292.71666666666664,1.6312400338289808,Valvan-Ravasacletto
1734878215.0,46.506822,12.932638,1788.308626,8.0,3.8,POINT (1439654.67677374 5861943.141004358),10.0,34.33884028085657,-4.147179999999935,34.588365873318985,-6.886389617746087,3.4588365873318985,3.385653930360689,0.3385653930360689,-0.12019017240482294,-1.1762289074021375,38267.062229041476,19168.0,Discesa,319.46666666666664,12.451811714394834,Ravascletto-valvan
1734878219.0,46.506713,12.932705,1786.271961,8.1,3.8,POINT (1439662.135179623 5861925.51152173),4.0,19.14226935540059,-2.0366650000000845,19.25031117662605,-6.0732062845867665,4.812577794156512,1.3537412068246137,0.33843530170615344,-0.10599744581885083,-1.0378888666620825,38280.22491035957,19172.0,Discesa,319.53333333333336,17.325280058963443,Ravascletto-valvan
1734878222.0,46.506612,12.932656,1784.075468,8.6,3.8,POINT (1439656.6805245741 5861909.175977636),3.0,17.222173571695258,-2.1964929999999185,17.361677454458345,-7.268188256429079,5.787225818152781,0.9746480239962692,0.32488267466542303,-0.12685381572947335,-1.2411010621825567,38292.065362231326,19175.0,Discesa,319.5833333333333,20.834012945350015,Ravascletto-valvan
1734878226.0,46.506513,12.932625,1783.850735,9.5,3.8,POINT (1439653.2296203596 5861893.163939119),4.0,16.37968611914394,-0.22473300000001473,16.381227740403517,-0.786061738497466,4.095306935100879,-1.691918883051902,-0.4229797207629755,-0.013719365460731445,-0.13458275319392138,38303.32460154257,19179.0,Discesa,319.65,14.743104966363166,Ravascletto-valvan
1734878234.0,46.506396,12.932672,1781.117895,15.5,3.9,POINT (1439658.4616364269 5861874.240658471),8.0,19.63325094347082,-2.7328399999998965,19.822536595372885,-7.924339261776906,2.4778170744216106,-1.6174898606792687,-0.2021862325849086,-0.13830581116306384,-1.3524586155263785,38316.82148551453,19187.0,Discesa,319.78333333333336,8.920141467917798,Ravascletto-valvan
1734878238.0,46.506341,12.932811,1779.143473,7.9,3.8,POINT (1439673.935045647 5861865.345113263),4.0,17.84816846174179,-1.9744220000000041,17.957044847992062,-6.312577495341658,4.4892612119980155,2.011444137576405,0.5028610343941012,-0.11017526158100893,-1.0786340393957343,38329.1178950534,19191.0,Discesa,319.85,16.161340363192856,Ravascletto-valvan
1734878241.0,46.506378,12.93295,1773.547029,8.0,3.8,POINT (1439689.4084548673 5861871.329388138),3.0,16.590296521553785,-5.5964440000000195,17.508801332992952,-18.640915826052375,5.8362671109976505,1.347005898999635,0.44900196633321166,-0.3253453567517325,-3.1356295954164786,38340.552003710916,19194.0,Discesa,319.9,21.010561599591544,Ravascletto-valvan
1734878244.0,46.506352,12.933097,1770.120607,8.1,3.8,POINT (1439705.772420014 5861867.124221584),3.0,16.895643848940907,-3.4264220000000023,17.239580876353656,-11.464059486900174,5.746526958784552,-0.08974015221309806,-0.029913384071032684,-0.2000855836908998,-1.9497689683456823,38352.19908185666,19197.0,Discesa,319.95,20.68749705162439,Ravascletto-valvan
1734878247.0,46.506311,12.933217,1765.276765,11.6,4.0,POINT (1439719.1307589093 5861860.493001489),3.0,14.913694981020674,-4.843841999999995,15.680596395159375,-17.993358253779675,5.226865465053125,-0.5196614937314274,-0.1732204979104758,-0.31404334501935277,-3.03037517340022,38362.47546467712,19200.0,Discesa,320.0,18.81671567419125,Ravascletto-valvan
1734878259.0,46.506315,12.933355,1759.45762,11.2,9.1,POINT (1439734.492848639 5861861.139949571),12.0,15.375706249881468,-5.819145000000162,16.440036229086324,-20.729829603484685,1.370003019090527,-3.856862445962598,-0.3214052038302165,-0.36180377995819835,-3.4723653679669666,38373.07680524607,19212.0,Discesa,320.2,4.9320108687258974,Ravascletto-valvan
1734878262.0,46.506279,12.933477,1757.982022,6.8,10.5,POINT (1439748.0738265156 5861855.31741855),3.0,14.77649578145832,-1.4755979999999909,14.84999047262521,-5.702716808728557,4.949996824208403,3.5799938051178763,1.1933312683726254,-0.09953118462113703,-0.9747896072179019,38383.260031014004,19215.0,Discesa,320.25,17.819988567150254,Ravascletto-valvan
1734878266.0,46.50625,12.933638,1753.472573,8.1,10.7,POINT (1439765.9962645334 5861850.627049142),4.0,18.526018182288563,-4.509448999999904,19.066947316602274,-13.680417774458181,4.7667368291505685,-0.18325999505783486,-0.045814998764458714,-0.23876833321265029,-2.320124661564451,38396.030950235145,19219.0,Discesa,320.31666666666666,17.160252584942047,Ravascletto-valvan
1734878270.0,46.506268,12.933812,1747.137337,10.2,10.6,POINT (1439785.3658559313 5861853.538312617),4.0,19.58715206314679,-6.335236000000123,20.586202688221377,-17.923196169799905,5.146550672055344,0.3798138429047757,0.09495346072619393,-0.312818785643845,-3.018947500966764,38409.53516681331,19223.0,Discesa,320.3833333333333,18.52758241939924,Ravascletto-valvan
1734878273.0,46.506202,12.933984,1745.297566,9.0,10.4,POINT (1439804.5128083478 5861842.863684585),3.0,21.921529838263915,-1.8397709999999279,21.998596041164443,-4.7973233994192634,7.332865347054814,2.18631467499947,0.7287715583331567,-0.08372908860283318,-0.820422970458071,38424.63847836942,19226.0,Discesa,320.43333333333334,26.39831524939733,Ravascletto-valvan
1734878275.0,46.506146,12.934111,1742.604758,11.3,10.4,POINT (1439818.6503836783 5861833.8064346),2.0,16.790021248536664,-2.6928080000000136,17.004588452861093,-9.11158574753688,8.502294226430546,1.1694288793757321,0.5847144396878661,-0.15902717137230737,-1.5534893157355691,38436.20435554441,19228.0,Discesa,320.46666666666664,30.608259215149968,Ravascletto-valvan
1734878278.0,46.506053,12.934215,1739.856688,12.1,10.4,POINT (1439830.227610721 5861818.764950774),3.0,18.981001598636446,-2.7480699999998706,19.178902742658106,-8.238043076280048,6.392967580886036,-2.1093266455445105,-0.7031088818481702,-0.14378097560220923,-1.4056365508354627,38449.26548319823,19231.0,Discesa,320.51666666666665,23.01468329118973,Ravascletto-valvan
1734878280.0,46.505985,12.934306,1739.161856,14.4,10.4,POINT (1439840.357684383 5861807.766892865),2.0,14.952446962015655,-0.6948320000001331,14.968582486665708,-2.6605894136454604,7.484291243332854,1.0913236624468183,0.5456618312234092,-0.046436045311818636,-0.45537390905741376,38459.55736785198,19233.0,Discesa,320.55,26.943448475998274,Ravascletto-valvan
1734878282.0,46.505885,12.93443,1736.88868,16.4,10.3,POINT (1439854.1613012415 5861791.5933032865),2.0,21.263227371266137,-2.2731759999999213,21.38439074112557,-6.10211141773215,10.692195370562786,3.2079041272299316,1.6039520636149658,-0.10650193556296511,-1.0428100023964244,38474.191281217856,19235.0,Discesa,320.5833333333333,38.49190333402603,Ravascletto-valvan
1734878284.0,46.505792,12.934493,1733.748052,10.9,10.5,POINT (1439861.1744291615 5861776.551891679),2.0,16.59602441457285,-3.140628000000106,16.890576384584474,-10.715921442012124,8.445288192292237,-2.2469071782705488,-1.1234535891352744,-0.18702811154817017,-1.8240680470868955,38485.604272707,19237.0,Discesa,320.6166666666667,30.403037492252054,Ravascletto-valvan
1734878286.0,46.505693,12.934553,1733.050506,7.6,10.5,POINT (1439867.8535986089 5861760.540094697),2.0,17.349033030710114,-0.6975459999998748,17.363050351904946,-2.3024295587459496,8.681525175952473,0.23623698366023582,0.11811849183011791,-0.040184976595357025,-0.39410853054676637,38497.53396789154,19239.0,Discesa,320.65,31.253490633428903,Ravascletto-valvan
1734878289.0,46.505576,12.934558,1729.159417,8.8,10.3,POINT (1439868.410196063 5861741.617099493),3.0,18.931179261226298,-3.8910889999999654,19.3269273767613,-11.614740690188164,6.442309125587101,-2.239216050365372,-0.7464053501217908,-0.2027154668091421,-1.9750466458469327,38510.54548846816,19242.0,Discesa,320.7,23.192312852113563,Ravascletto-valvan
1734878291.0,46.505486,12.93454,1727.321171,8.5,10.1,POINT (1439866.4064452287 5861727.060977051),2.0,14.693390280880077,-1.8382460000000265,14.807932546536577,-7.131052685091063,7.4039662732682885,0.9616571476811879,0.48082857384059396,-0.12446034848802141,-1.2178062807436303,38520.644941268576,19244.0,Discesa,320.73333333333335,26.65427858376584,Ravascletto-valvan
1734878293.0,46.505391,12.93448,1723.841956,9.3,10.0,POINT (1439859.727275781 5861711.696207285),2.0,16.75372956913161,-3.4792150000000674,17.11117738473365,-11.731753892175574,8.555588692366825,1.151622419098537,0.5758112095492685,-0.2047577324521236,-1.9946669000376296,38532.16574705666,19246.0,Discesa,320.76666666666665,30.800119292520574,Ravascletto-valvan
1734878295.0,46.505288,12.934423,1721.678193,10.4,10.0,POINT (1439853.382064806 5861695.037592508),2.0,17.826136670831175,-2.163763000000017,17.956976887196827,-6.920790434895612,8.978488443598414,0.4228997512315882,0.2114498756157941,-0.1207905799294587,-1.1820762015422817,38544.42275993334,19248.0,Discesa,320.8,32.32255839695429,Ravascletto-valvan
1734878297.0,46.505204,12.934333,1721.246362,9.4,10.0,POINT (1439843.3633106346 5861681.451949453),2.0,16.880317898765437,-0.4318309999998746,16.885840529151686,-1.4654166270536122,8.442920264575843,-0.5355681790225706,-0.2677840895112853,-0.025576345055555345,-0.25087659111107297,38556.03782260745,19250.0,Discesa,320.8333333333333,30.394512952473036,Ravascletto-valvan
1734878299.0,46.505108,12.934289,1718.874879,9.8,10.0,POINT (1439838.4652530397 5861665.925525955),2.0,16.280687787803174,-2.3714830000001257,16.452499094764082,-8.28755128524613,8.226249547382041,-0.21667071719380182,-0.10833535859690091,-0.14464505685543272,-1.4140251943490427,38567.2309484456,19252.0,Discesa,320.8666666666667,29.614498370575348,Ravascletto-valvan
1734878301.0,46.505025,12.93419,1716.995669,13.2,10.0,POINT (1439827.444623451 5861652.501661072),2.0,17.36820154591049,-1.8792100000000573,17.469569404065684,-6.175283349428573,8.734784702032842,0.5085351546508008,0.2542675773254004,-0.10777902669111208,-1.0552664277867196,38579.18367515018,19254.0,Discesa,320.9,31.445224927318232,Ravascletto-valvan
1734878303.0,46.5049,12.934114,1713.677406,14.0,10.0,POINT (1439818.9843421509 5861632.285035768),2.0,21.915480792308106,-3.318262999999888,22.165269402720867,-8.609860927765965,11.082634701360433,2.3478499993275914,1.1739249996637957,-0.15027042132832977,-1.4686110707051911,38594.253644910685,19256.0,Discesa,320.93333333333334,39.89748492489756,Ravascletto-valvan
1734878305.0,46.504806,12.933999,1711.047345,14.9,10.0,POINT (1439806.1826007096 5861617.082164161),2.0,19.874906012806047,-2.630061000000069,20.04816973894613,-7.538194944212055,10.024084869473064,-1.058549831887369,-0.5292749159436845,-0.13156632143369063,-1.2869453294721032,38607.93206371615,19258.0,Discesa,320.96666666666664,36.08670553010303,Ravascletto-valvan
1734878307.0,46.5047,12.933905,1707.658497,13.2,10.0,POINT (1439795.7185685749 5861599.938531972),2.0,20.084822457798616,-3.3888480000000527,20.36871090492464,-9.57713095127568,10.18435545246232,0.16027058298925567,0.08013529149462784,-0.16715246799441727,-1.6321405431682385,38621.74865170237,19260.0,Discesa,321.0,36.66367962886435,Ravascletto-valvan
1734878309.0,46.504575,12.933828,1706.366215,8.8,10.0,POINT (1439787.1469677838 5861579.722027529),2.0,21.958583560768773,-1.2922819999998865,21.996576660080276,-3.368022418633816,10.998288330040138,0.8139328775778178,0.4069664387889089,-0.058783080486142905,-0.5763299724272922,38636.848511655444,19262.0,Discesa,321.03333333333336,39.5938379881445,Ravascletto-valvan
1734878311.0,46.504451,12.933846,1704.397806,9.4,10.0,POINT (1439789.1507186184 5861559.667301053),2.0,20.154579415814297,-1.9684090000000651,20.250474202340214,-5.578135503638317,10.125237101170107,-0.8730512288700307,-0.43652561443501536,-0.09735683066088077,-0.9535624744910466,38650.70156560543,19264.0,Discesa,321.06666666666666,36.45085356421239,Ravascletto-valvan
1734878313.0,46.504341,12.933956,1703.525941,9.3,10.1,POINT (1439801.3958626054 5861541.876856174),2.0,21.597302615148525,-0.8718649999998433,21.614893680712985,-2.3117273454112395,10.807446840356493,0.6822097391863853,0.34110486959319264,-0.040347253585814355,-0.3956991774440381,38665.56107615113,19266.0,Discesa,321.1,38.906808625283375,Ravascletto-valvan
1734878315.0,46.504232,12.934066,1701.610968,8.8,10.2,POINT (1439813.6410065927 5861524.2481781235),2.0,21.46424564450816,-1.9149730000001455,21.549500288371355,-5.098252432394126,10.774750144185678,-0.03269669617081483,-0.016348348085407416,-0.08898129104308712,-0.8717550234860324,38680.32925795663,19268.0,Discesa,321.1333333333333,38.78910051906844,Ravascletto-valvan
1734878335.0,46.504162,12.934096,1701.056629,9.9,3.9,POINT (1439816.9805913165 5861512.927027371),20.0,11.803443586227072,-0.5543390000000272,11.816453453560676,-2.6888733348749274,0.5908226726780338,-10.183927471507644,-0.5091963735753822,-0.04692969286264755,-0.46021131563477735,38688.44410689877,19288.0,Discesa,321.46666666666664,2.1269616216409215,Ravascletto-valvan
1734878355.0,46.504152,12.933989,1698.306345,9.0,4.2,POINT (1439805.0694058016 5861511.30972131),20.0,12.020483320779189,-2.750283999999965,12.33110219509134,-12.88743517969954,0.616555109754567,0.025732437076533166,0.0012866218538266582,-0.22492817602310408,-2.187986573555423,38696.731964336206,19308.0,Discesa,321.8,2.2195983951164413,Ravascletto-valvan
1734878359.0,46.504053,12.934016,1697.188577,7.6,3.9,POINT (1439808.075032053 5861495.298407363),4.0,16.290977977708938,-1.1177680000000692,16.329279493352477,-3.9250665493615275,4.082319873338119,3.465764763583552,0.866441190895888,-0.06850533464625119,-0.6715118131491697,38707.93035808698,19312.0,Discesa,321.8666666666667,14.69635154401723,Ravascletto-valvan
1734878361.0,46.503966,12.934091,1696.69835,8.9,3.8,POINT (1439816.4239938625 5861481.227882814),2.0,16.361076504382687,-0.4902270000000044,16.3684191934894,-1.7162401880698837,8.1842095967447,4.101889723406582,2.050944861703291,-0.029954042036866173,-0.29380521192375686,38719.185093295084,19314.0,Discesa,321.9,29.463154548280922,Ravascletto-valvan
1734878363.0,46.503857,12.934131,1694.125253,10.2,3.8,POINT (1439820.8767734943 5861463.599326365),2.0,18.18222343180339,-2.5730969999999616,18.3633895862237,-8.05484959093058,9.18169479311185,0.9974851963671494,0.4987425981835747,-0.140583646114657,-1.374587270584095,38731.68460622784,19316.0,Discesa,321.93333333333334,33.05410125520266,Ravascletto-valvan
1734878365.0,46.503733,12.934152,1691.979473,9.0,3.8,POINT (1439823.2144828008 5861443.544864752),2.0,20.190252979187605,-2.1457799999998315,20.30395742637364,-6.066509638591434,10.15197871318682,0.9702839200749693,0.48514196003748467,-0.10588056729739177,-1.036748716417988,38745.562517892424,19318.0,Discesa,321.96666666666664,36.54712336747255,Ravascletto-valvan
1734878367.0,46.503606,12.934265,1689.500395,10.0,3.8,POINT (1439835.7935852604 5861423.005261972),2.0,24.085454138931368,-2.4790780000000723,24.21270180728806,-5.876669990930375,12.10635090364403,1.9543721904572102,0.9771860952286051,-0.10256724039488034,-1.0044213724500761,38762.131586097625,19320.0,Discesa,322.0,43.58286325311851,Ravascletto-valvan
1734878369.0,46.503455,12.934324,1686.500362,10.0,3.8,POINT (1439842.3614352173 5861398.584221893),2.0,25.288808820867917,-3.0000330000000304,25.466135348330656,-6.765428264775086,12.733067674165328,0.6267167705212984,0.3133583852606492,-0.11807899852781197,-1.1556650951330747,38779.517113460104,19322.0,Discesa,322.03333333333336,45.839043626995185,Ravascletto-valvan
1734878371.0,46.503305,12.934408,1683.229833,10.2,3.8,POINT (1439851.712272444 5861374.32497771),2.0,25.999020850311183,-3.2705289999998968,26.203920414982868,-7.1698226486606895,13.101960207491434,0.3688925333261057,0.18444626666305286,-0.12513701200318963,-1.2243927237564831,38797.39448251172,19324.0,Discesa,322.06666666666666,47.167056746969166,Ravascletto-valvan
1734878373.0,46.503168,12.934489,1679.612837,10.3,3.9,POINT (1439860.7291511982 5861352.168259843),2.0,23.92120918953461,-3.6169960000001993,24.19311697887423,-8.598251374031083,12.096558489437115,-1.005401718054319,-0.5027008590271596,-0.15006779639096887,-1.4666456906311818,38813.84382495086,19326.0,Discesa,322.1,43.54761056197361,Ravascletto-valvan
1734878375.0,46.503092,12.934561,1677.12334,10.3,3.9,POINT (1439868.7441545355 5861339.876965981),2.0,14.673656098792152,-2.489496999999801,14.883338960684465,-9.628976149410187,7.441669480342233,-4.654889009094882,-2.327444504547441,-0.16805733740321321,-1.6408929229194222,38823.93917385839,19328.0,Discesa,322.1333333333333,26.790010129232037,Ravascletto-valvan
1734878377.0,46.502987,12.934645,1675.522088,9.5,4.1,POINT (1439878.094991762 5861322.895601411),2.0,19.385688006436926,-1.6012520000001587,19.451707057490275,-4.7218949200763145,9.725853528745137,2.2841840484029046,1.1420920242014523,-0.08241261328852618,-0.8075528833317879,38837.273585472685,19330.0,Discesa,322.1666666666667,35.01307270348249,Ravascletto-valvan
1734878379.0,46.502875,12.934755,1671.654426,9.5,4.4,POINT (1439890.3401357492 5861304.782182021),2.0,21.86411473800163,-3.867661999999882,22.20356553850627,-10.031584629254944,11.101782769253134,1.3759292405079968,0.6879646202539984,-0.17508418097295345,-1.7088140260265312,38852.316697701506,19332.0,Discesa,322.2,39.96641796931129,Ravascletto-valvan
1734878381.0,46.50278,12.934891,1664.149581,11.3,4.6,POINT (1439905.4795864972 5861289.41815018),2.0,21.569803971371293,-7.504845000000159,22.838107229746782,-19.184468589877785,11.419053614873391,0.3172708456202571,0.15863542281012855,-0.334832142138801,-3.2236703641581883,38867.165819246016,19334.0,Discesa,322.23333333333335,41.10859301354421,Ravascletto-valvan
1734878383.0,46.502746,12.93503,1661.025095,11.0,4.4,POINT (1439920.9529957173 5861283.919450571),2.0,16.421391240851467,-3.1244859999999335,16.715995425020576,-10.772856423957293,8.357997712510288,-3.061055902363103,-1.5305279511815515,-0.1880218144426769,-1.833645372630366,38878.48491084895,19336.0,Discesa,322.26666666666665,30.088791765037037,Ravascletto-valvan
1734878385.0,46.502709,12.935186,1657.428743,13.7,4.2,POINT (1439938.3188362813 5861277.935575492),2.0,18.3678844578485,-3.5963520000000244,18.716648395606963,-11.07812022905727,9.358324197803482,1.0003264852931935,0.5001632426465967,-0.19334967292883776,-1.8849642507726418,38891.14594917323,19338.0,Discesa,322.3,33.68996711209253,Ravascletto-valvan
1734878387.0,46.502651,12.935391,1654.782015,14.9,4.1,POINT (1439961.1393318935 5861268.555455185),2.0,24.673096217643007,-2.646727999999939,24.814649827693586,-6.122808779782812,12.407324913846793,3.0490007160433112,1.5245003580216556,-0.10686317267722649,-1.0463335916601442,38908.15112683594,19340.0,Discesa,322.3333333333333,44.66636968984846,Ravascletto-valvan
1734878389.0,46.502595,12.935581,1652.6825,14.6,4.1,POINT (1439982.2900351447 5861259.498796798),2.0,23.00815744779671,-2.0995150000001104,23.103750179956254,-5.213851816447356,11.551875089978127,-0.8554498238686659,-0.42772491193433293,-0.0909988809080934,-0.8914674885928012,38924.008287831304,19342.0,Discesa,322.3666666666667,41.58675032392126,Ravascletto-valvan
1734878391.0,46.50253,12.935778,1649.888938,15.6,4.1,POINT (1440004.2199748307 5861248.986615725),2.0,24.31929697906528,-2.793561999999838,24.479219640417803,-6.552855189870642,12.239609820208901,0.6877347302307744,0.3438673651153872,-0.11436889846964088,-1.1195145769577595,38940.76740026567,19344.0,Discesa,322.4,44.06259535275205,Ravascletto-valvan
1734878393.0,46.502473,12.935997,1647.558063,19.6,4.0,POINT (1440028.5989433145 5861239.768251899),2.0,26.063620929642255,-2.3308750000001055,26.167638682726253,-5.110378461073261,13.083819341363126,0.8442095211542249,0.42210476057711244,-0.08919293016872928,-0.8738229699378737,38958.73212403466,19346.0,Discesa,322.43333333333334,47.10174962890726,Ravascletto-valvan
1734878395.0,46.502411,12.93621,1646.68006,16.8,4.0,POINT (1440052.3099948536 5861229.741270638),2.0,25.74401519360507,-0.8780030000000352,25.758983045853686,-1.9533229347940317,12.879491522926843,-0.20432781843628334,-0.10216390921814167,-0.03409191656687436,-0.3343769206520277,38976.47507274201,19348.0,Discesa,322.46666666666664,46.366169482536634,Ravascletto-valvan
1734878397.0,46.50235,12.936416,1645.046535,11.8,4.0,POINT (1440075.2418099567 5861219.876026041),2.0,24.963797685611233,-1.6335249999999633,25.01718606905568,-3.743855267384173,12.50859303452784,-0.3708984883990034,-0.1854492441995017,-0.06534260113398649,-0.6405548651940983,38993.68006513287,19350.0,Discesa,322.5,45.030934924300226,Ravascletto-valvan
1734878399.0,46.502339,12.936655,1643.588771,8.0,4.2,POINT (1440101.8471682565 5861218.097048685),2.0,26.664767966242888,-1.4577639999999974,26.704586246060224,-3.1292476070779074,13.352293123030112,0.8437000885022723,0.42185004425113615,-0.054615673853663296,-0.5355134398350688,39012.066241607296,19352.0,Discesa,322.53333333333336,48.06825524290841,Ravascletto-valvan
1734878401.0,46.502345,12.936899,1641.80416,9.0,4.2,POINT (1440129.00912401 5861219.067399926),2.0,27.179282953920055,-1.7846110000000408,27.237809352269327,-3.756688948231592,13.618904676134663,0.26661155310455165,0.13330577655227582,-0.06556659111992409,-0.6427475015916357,39030.807382010375,19354.0,Discesa,322.56666666666666,49.028056834084786,Ravascletto-valvan
1734878403.0,46.502293,12.937082,1637.188585,8.9,4.2,POINT (1440149.3805908253 5861210.657692733),2.0,22.039052503797198,-4.615574999999808,22.517179393648593,-11.828337546104372,11.258589696824297,-2.360314979310367,-1.1801574896551834,-0.20644343521678787,-2.010855354413079,39045.997174228,19356.0,Discesa,322.6,40.53092290856747,Ravascletto-valvan
1734878405.0,46.502225,12.937246,1633.170453,8.7,5.2,POINT (1440167.6369873155 5861199.660395465),2.0,21.312826185520986,-4.018132000000151,21.688290499337523,-10.676719592573725,10.844145249668761,-0.4144444471555353,-0.20722222357776765,-0.18634391020259902,-1.8174726551733302,39060.68081354682,19358.0,Discesa,322.6333333333333,39.03892289880754,Ravascletto-valvan
1734878407.0,46.502193,12.937472,1629.539688,10.4,7.6,POINT (1440192.7951922347 5861194.485201509),2.0,25.68497434765282,-3.630764999999883,25.94032308443377,-8.045882698903227,12.970161542216886,2.1260162925481243,1.0630081462740621,-0.1404271443251089,-1.3730671177095841,39078.38940166151,19360.0,Discesa,322.6666666666667,46.69258155198079,Ravascletto-valvan
1734878409.0,46.502157,12.93777,1626.222649,13.6,10.0,POINT (1440225.968400491 5861188.66311195),2.0,33.680238610192276,-3.3170390000000225,33.84318573312813,-5.624705212500534,16.921592866564065,3.9514313243471797,1.9757156621735898,-0.09816962541222164,-0.9614979170872673,39101.624824213526,19362.0,Discesa,322.7,60.91773431963064,Ravascletto-valvan
1734878410.0,46.502153,12.937922,1624.694992,10.6,10.0,POINT (1440242.8889630917 5861188.016213349),1.0,16.932924039427476,-1.5276570000000902,17.001695575285137,-5.155162689873514,17.001695575285137,0.08010270872107128,0.08010270872107128,-0.08997456241426015,-0.8814600345971404,39113.300746973175,19363.0,Discesa,322.71666666666664,61.206104071026495,Ravascletto-valvan
1734878411.0,46.502164,12.93807,1621.699969,14.8,10.1,POINT (1440259.364247729 5861189.795184619),1.0,16.5710513445117,-2.9950229999999465,16.839534002844964,-10.244940186441827,16.839534002844964,-0.16216157244017282,-0.16216157244017282,-0.1788079379232916,-1.7447736751525103,39124.726777918775,19364.0,Discesa,322.73333333333335,60.62232241024187,Ravascletto-valvan
1734878412.0,46.502177,12.938226,1618.797059,19.4,10.1,POINT (1440276.7300882926 5861191.897605674),1.0,17.492643961776338,-2.90291000000002,17.731877487778057,-9.422383658303977,17.731877487778057,0.8923434849330931,0.8923434849330931,-0.16445161822351273,-1.6060085639340076,39136.78814855671,19365.0,Discesa,322.75,63.834758956001004,Ravascletto-valvan
1734878413.0,46.502186,12.938374,1617.074111,14.6,10.1,POINT (1440293.20537293 5861193.353128238),1.0,16.53945433852731,-1.7229480000000876,16.62895365400163,-5.94716522315325,16.62895365400163,-1.1029238337764262,-1.1029238337764262,-0.10379761430412751,-1.0164271445866646,39148.19252501901,19366.0,Discesa,322.76666666666665,59.86423315440587,Ravascletto-valvan
1734878414.0,46.502198,12.938523,1615.857526,14.1,10.2,POINT (1440309.7919770584 5861195.293825364),1.0,16.69975274805313,-1.2165849999998954,16.74400850777175,-4.166664333846718,16.74400850777175,0.11505485377011837,0.11505485377011837,-0.07272201145104144,-0.7127742944265388,39159.707218307245,19367.0,Discesa,322.78333333333336,60.278430627978295,Ravascletto-valvan
1734878415.0,46.502209,12.938677,1613.964211,13.9,10.2,POINT (1440326.9351786405 5861197.072798107),1.0,17.235257599069765,-1.8933150000000296,17.33893728564462,-6.268878841016543,17.33893728564462,0.5949287778728696,0.5949287778728696,-0.10941257618434481,-1.0711971468619208,39171.59125422904,19368.0,Discesa,322.8,62.420174228320626,Ravascletto-valvan
1734878416.0,46.502223,12.938833,1612.898568,19.2,10.3,POINT (1440344.3010192043 5861199.336945753),1.0,17.512817678737466,-1.065642999999909,17.54520954711423,-3.4821156306797967,17.54520954711423,0.20627226146961064,0.20627226146961064,-0.06077438269052133,-0.5958297506750803,39183.66643770414,19369.0,Discesa,322.81666666666666,63.16275436961123,Ravascletto-valvan
1734878417.0,46.502232,12.938978,1611.662362,19.6,10.2,POINT (1440360.4423453694 5861200.792469548),1.0,16.206818314707952,-1.2362060000000383,16.253896922288796,-4.361898606759975,16.253896922288796,-1.2913126248254336,-1.2913126248254336,-0.07612949232611495,-0.7461091280436571,39194.84143229547,19370.0,Discesa,322.8333333333333,58.51402892023967,Ravascletto-valvan
1734878419.0,46.502231,12.939243,1608.21453,16.3,10.2,POINT (1440389.9420104295 5861200.6307446705),2.0,29.500108365783266,-3.447832000000062,29.70090805166031,-6.666214190952499,14.850454025830155,-1.4034428964586407,-0.7017214482293204,-0.1163473862752911,-1.1387945399234978,39215.18299099265,19372.0,Discesa,322.8666666666667,53.46163449298856,Ravascletto-valvan
1734878420.0,46.502226,12.939376,1607.569042,11.9,10.2,POINT (1440404.7475027048 5861199.822120325),1.0,14.8275579529942,-0.6454879999998866,14.841601315476218,-2.492683008155777,14.841601315476218,-0.008852710353936644,-0.008852710353936644,-0.04350552570083498,-0.42665458702194686,39225.40711733838,19373.0,Discesa,322.8833333333333,53.429764735714386,Ravascletto-valvan
1734878421.0,46.502219,12.93951,1607.447384,9.0,10.2,POINT (1440419.6643144714 5861198.690046365),1.0,14.959708042894572,-0.12165800000002491,14.96020271913481,-0.4659406630354546,14.96020271913481,0.11860140365859095,0.11860140365859095,-0.008132198688894119,-0.07977598983159138,39235.722276751534,19374.0,Discesa,322.9,53.85672978888532,Ravascletto-valvan
1734878422.0,46.502203,12.93964,1606.154834,7.3,10.3,POINT (1440434.1358482745 5861196.102449293),1.0,14.701052656870985,-1.2925500000001193,14.7577652347025,-5.024654480116538,14.7577652347025,-0.20243748443230913,-0.20243748443230913,-0.08769676445311754,-0.8592029550778245,39245.85827419214,19375.0,Discesa,322.9166666666667,53.127954844929,Ravascletto-valvan
1734878424.0,46.502122,12.939871,1601.516236,9.4,10.5,POINT (1440459.8506506477 5861183.002750798),2.0,28.859195445400246,-4.638598000000002,29.229604054133446,-9.131169357217612,14.614802027066723,-0.14296320763577697,-0.07148160381788848,-0.15936896984066157,-1.556799958553153,39265.74488954131,19377.0,Discesa,322.95,52.6132872974402,Ravascletto-valvan
1734878426.0,46.502062,12.940075,1597.359712,9.3,10.7,POINT (1440482.5598267696 5861173.299283014),2.0,24.695424013020475,-4.15652399999999,25.042776582189205,-9.553992923915159,12.521388291094603,-2.0934137359721205,-1.0467068679860603,-0.1667486332345596,-1.628234006168471,39282.76510562594,19379.0,Discesa,322.98333333333335,45.07699784794057,Ravascletto-valvan
1734878428.0,46.501968,12.94028,1592.961429,10.6,10.7,POINT (1440505.380322382 5861158.097205016),2.0,27.420397434221908,-4.398282999999992,27.77090363669811,-9.112726178702543,13.885451818349056,1.3640635272544532,0.6820317636272266,-0.15904707565104054,-1.5536821125612466,39301.65421570297,19381.0,Discesa,323.01666666666665,49.9876265460566,Ravascletto-valvan
1734878430.0,46.501865,12.940493,1588.280117,12.8,10.8,POINT (1440529.0913739211 5861141.439639092),2.0,28.977378549141847,-4.681311999999934,29.353077345000973,-9.176879417829745,14.676538672500486,0.7910868541514304,0.3955434270757152,-0.16016676089962947,-1.5645266143728698,39321.614453386195,19383.0,Discesa,323.05,52.83553922100175,Ravascletto-valvan
1734878432.0,46.501786,12.940687,1586.568554,10.1,10.7,POINT (1440550.6873551349 5861128.663469136),2.0,25.092168566014344,-1.7115630000000692,25.15047457302243,-3.902160474633143,12.575237286511214,-2.101301385989272,-1.050650692994636,-0.06810554822353301,-0.6675990538966164,39338.90242257412,19385.0,Discesa,323.0833333333333,45.270854231440374,Ravascletto-valvan
1734878434.0,46.501769,12.940924,1583.270449,10.7,10.5,POINT (1440577.070074453 5861125.914169168),2.0,26.525582537098938,-3.2981049999998504,26.729833997304812,-7.087597097152515,13.364916998652406,0.7896797121411918,0.3948398560705959,-0.12370190540010381,-1.2104231568838346,39357.192450835,19387.0,Discesa,323.1166666666667,48.113701195148664,Ravascletto-valvan
1734878436.0,46.501827,12.941164,1578.918936,15.5,10.2,POINT (1440603.7867522435 5861135.294137301),2.0,28.315449393124492,-4.351513000000068,28.64786797867799,-8.73685182654717,14.323933989338995,0.9590169906865889,0.4795084953432944,-0.15248683063212864,-1.4901053914997344,39376.71048436981,19389.0,Discesa,323.15,51.566162361620385,Ravascletto-valvan
1734878437.0,46.501872,12.941283,1576.629234,16.6,10.1,POINT (1440617.0337716478 5861142.5717056785),1.0,15.114447544922522,-2.289702000000034,15.286898306622524,-8.614292589096513,15.286898306622524,0.9629643172835287,0.9629643172835287,-0.15034776840988112,-1.4693612902670683,39387.12492060106,19390.0,Discesa,323.1666666666667,55.03283390384109,Ravascletto-valvan
1734878441.0,46.502034,12.941802,1568.884832,17.5,10.0,POINT (1440674.8085873693 5861168.771001712),4.0,63.43762640830858,-7.744402000000036,63.908592588616244,-6.960171357836785,15.977148147154061,0.6902498405315374,0.17256246013288434,-0.12147790669725633,-1.188769468122085,39430.844328254585,19394.0,Discesa,323.23333333333335,57.51773332975462,Ravascletto-valvan
1734878442.0,46.502046,12.941932,1568.048406,14.4,10.0,POINT (1440689.2801211725 5861170.711693413),1.0,14.601081291959524,-0.8364259999998467,14.625019088804162,-3.2786174978272267,14.625019088804162,-1.3521290583498988,-1.3521290583498988,-0.05722267025058314,-0.5610480923255614,39440.91185561904,19395.0,Discesa,323.25,52.650068719694985,Ravascletto-valvan
1734878444.0,46.502067,12.942172,1566.27592,9.3,10.1,POINT (1440715.9967989628 5861174.107904919),2.0,26.93167511961107,-1.7724860000000717,26.989939447291732,-3.7654440881805242,13.494969723645866,-1.1300493651582961,-0.5650246825791481,-0.06571939713850584,-0.6442433001362472,39459.48149499856,19397.0,Discesa,323.28333333333336,48.58189100512512,Ravascletto-valvan
1734878446.0,46.50214,12.94239,1563.014252,9.7,10.1,POINT (1440740.2644479559 5861185.91379322),2.0,26.986992908073784,-3.2616680000000997,27.183382136199487,-6.891385279820083,13.591691068099744,0.09672134445387748,0.04836067222693874,-0.1202773631563312,-1.1770780736438002,39478.07888007531,19399.0,Discesa,323.31666666666666,48.93008784515908,Ravascletto-valvan
1734878448.0,46.502231,12.942515,1561.023117,9.9,10.0,POINT (1440754.1793843051 5861200.6307446705),2.0,20.253743199602855,-1.9911349999999857,20.351381579236428,-5.614676624548198,10.175690789618214,-3.4160002784815298,-1.7080001392407649,-0.09799459353312753,-0.9597891068942715,39492.02124340871,19401.0,Discesa,323.35,36.63248684262557,Ravascletto-valvan
1734878466.0,46.502555,12.9424,1553.269697,12.4,3.9,POINT (1440741.377642864 5861253.029760804),18.0,53.940165699488865,-7.7534200000000055,54.49455933746703,-8.179731572357843,3.0274755187481683,-7.148215270870045,-0.3971230706038914,-0.14276324786697717,-1.3957549363594042,39529.1034295972,19419.0,Discesa,323.65,10.898911867493407,Ravascletto-valvan
1734878470.0,46.502852,12.942426,1547.894802,10.4,3.9,POINT (1440744.2719496244 5861301.062466584),4.0,48.119827890209734,-5.374894999999924,48.41908025194645,-6.373413384948289,12.104770062986612,9.077294544238443,2.2693236360596107,-0.11123704815802445,-1.088986401138415,39562.43716348195,19423.0,Discesa,323.71666666666664,43.577172226751806,Ravascletto-valvan
1734878472.0,46.503021,12.942405,1542.843632,13.2,3.9,POINT (1440741.934240318 5861328.394325395),2.0,27.43164943754666,-5.051169999999956,27.892825407859878,-10.4333773121372,13.946412703929939,1.841642640943327,0.9208213204716635,-0.18209678619967026,-1.7765133856262691,39581.292424160034,19425.0,Discesa,323.75,50.20708573414778,Ravascletto-valvan
1734878474.0,46.503184,12.942431,1540.032161,11.5,4.0,POINT (1440744.8285470782 5861354.755902846),2.0,26.519988260550956,-2.811470999999983,26.668598510675462,-6.05151058609557,13.334299255337731,-0.6121134485922077,-0.30605672429610387,-0.10561878444665948,-1.0341949727489177,39599.52126650856,19427.0,Discesa,323.78333333333336,48.00347731921583,Ravascletto-valvan
1734878476.0,46.50333,12.942414,1536.80597,12.7,3.9,POINT (1440742.936115735 5861378.368180427),2.0,23.687991660835255,-3.226191000000199,23.906678089861895,-7.755691856635666,11.953339044930948,-1.3809602104067835,-0.6904801052033918,-0.1353623586684044,-1.3238532593712096,39615.80316723243,19429.0,Discesa,323.81666666666666,43.03202056175141,Ravascletto-valvan
1734878478.0,46.503485,12.942468,1534.956556,16.7,3.8,POINT (1440748.947368238 5861403.436078759),2.0,25.778570236619522,-1.849413999999797,25.844825702405522,-4.10350063646386,12.922412851202761,0.9690738062718136,0.4845369031359068,-0.07161959696397724,-0.7019877614539052,39633.52469432991,19431.0,Discesa,323.85,46.52068626432994,Ravascletto-valvan
1734878489.0,46.504184,12.942767,1526.939461,11.4,4.0,POINT (1440782.2318959848 5861516.48510175),11.0,117.84711021745659,-8.017095000000154,118.11949542240853,-3.891814113265613,10.738135947491685,-2.1842769037110763,-0.19857062761009783,-0.06792497015206847,-0.6658316789175954,39714.54486055935,19442.0,Discesa,324.03333333333336,38.657289410970066,Ravascletto-valvan
1734878492.0,46.504296,12.94282,1524.420977,15.4,4.0,POINT (1440788.1318289968 5861534.5989572825),3.0,19.050484817802346,-2.518483999999944,19.216236193687187,-7.530862228257678,6.4054120645623955,-4.332723882929289,-1.4442412943097631,-0.13143834139717323,-1.2857006851381148,39727.642692761285,19445.0,Discesa,324.0833333333333,23.059483432424624,Ravascletto-valvan
1734878495.0,46.504406,12.942843,1523.981593,15.6,3.9,POINT (1440790.6921772852 5861552.389387434),3.0,17.973724943538393,-0.4393840000000182,17.97909471150954,-1.4003683606176438,5.99303157050318,-0.4123804940592155,-0.13746016468640518,-0.02444103863353318,-0.23974271837173483,39739.997205240645,19448.0,Discesa,324.1333333333333,21.57491365381145,Ravascletto-valvan
1734878497.0,46.504496,12.942803,1520.426157,18.4,4.0,POINT (1440786.2393976536 5861566.945220697),2.0,15.2216795528646,-3.5554359999998724,15.631399603368578,-13.147268072223607,7.815699801684289,1.822668231181109,0.9113341155905545,-0.2294631155026296,-2.23133104168627,39750.46222229441,19450.0,Discesa,324.1666666666667,28.136519286063443,Ravascletto-valvan
1734878500.0,46.504607,12.942817,1520.839998,17.7,4.6,POINT (1440787.7978705247 5861584.89744824),3.0,18.019747818696846,0.41384099999982027,18.02449932238648,1.3156219226631456,6.008166440795493,-1.8075333608887965,-0.6025111202962655,0.022961934261890096,0.22523678119347143,39762.84781662027,19453.0,Discesa,324.21666666666664,21.629399186863775,Ravascletto-valvan
1734878509.0,46.504924,12.94284,1464.390996,2.6,4.9,POINT (1440790.3582188128 5861636.16662422),9.0,51.333067208666705,-56.44900199999984,76.299237321519,-47.71753584773356,8.477693035724334,2.4695265949288414,0.27439184388098237,-0.8328281114813741,-7.257801376001668,39798.57659700592,19462.0,Discesa,324.3666666666667,30.519694928607603,Ravascletto-valvan
1734878513.0,46.505006,12.942959,1514.632866,17.6,4.2,POINT (1440803.6052382172 5861649.428731029),4.0,18.744785944554014,50.241869999999835,53.62473777282303,69.53991121994007,13.406184443205758,4.928491407481424,1.232122851870356,1.2137004123325008,9.19114507912402,39811.480690095195,19466.0,Discesa,324.43333333333334,48.26226399554073,Ravascletto-valvan
1734878515.0,46.505105,12.943037,1513.10559,17.9,4.0,POINT (1440812.2881584992 5861665.4403256625),2.0,18.214397254192452,-1.527276000000029,18.278316096230245,-4.793035314291006,9.139158048115123,-4.267026395090635,-2.1335131975453177,-0.08365424739873928,-0.8196913479951429,39824.0087537296,19468.0,Discesa,324.46666666666664,32.90096897321444,Ravascletto-valvan
1734878517.0,46.505168,12.943142,1510.846395,14.7,6.0,POINT (1440823.9767050324 5861675.629537427),2.0,15.506197355855305,-2.2591949999998633,15.669911246933035,-8.289454784622516,7.834955623466517,-1.3042024246486053,-0.6521012123243026,-0.1446782791868603,-1.4143477011930372,39834.68567763824,19470.0,Discesa,324.5,28.205840244479464,Ravascletto-valvan
1734878521.0,46.505314,12.943383,1452.098068,4.6,10.0,POINT (1440850.8047023136 5861699.2426767545),4.0,35.739638876551616,-58.74832700000002,68.76545435264171,-58.68569272509588,17.191363588160428,9.356407964693911,2.339101991173478,-1.0242585618666067,-8.380968224459352,39859.29409127343,19474.0,Discesa,324.56666666666666,61.88890891737754,Ravascletto-valvan
1734878526.0,46.505445,12.943696,1427.279811,8.8,9.9,POINT (1440885.647702932 5861720.429862596),5.0,40.77905756601243,-24.818256999999903,47.73758913571359,-31.324819510547155,9.547517827142718,-7.64384576101771,-1.528769152203542,-0.5467212380520065,-5.100113046719733,39887.53923976679,19479.0,Discesa,324.65,34.371064177713784,Ravascletto-valvan
1734878528.0,46.505458,12.943854,1424.425012,11.3,10.0,POINT (1440903.2361824773 5861722.53241054),2.0,17.71370431545082,-2.8547990000001846,17.94227404499282,-9.15525344157856,8.97113702249641,-0.5763808046463073,-0.2881904023231536,-0.1597893164100882,-1.560871164924458,39899.75231310138,19481.0,Discesa,324.68333333333334,32.29609328098708,Ravascletto-valvan
1734878530.0,46.505497,12.944016,1420.585997,14.2,10.0,POINT (1440921.2699399858 5861728.840057392),2.0,19.105046942751564,-3.8390150000000176,19.48694062327296,-11.361844769654537,9.74347031163648,0.7723332891400698,0.3861666445700349,-0.19830160033096839,-1.9326141480116443,39912.92069596763,19483.0,Discesa,324.71666666666664,35.07649312189133,Ravascletto-valvan
1734878532.0,46.505523,12.944177,1442.402003,3.6,10.0,POINT (1440939.1923780036 5861733.045157803),2.0,18.409145932736163,21.816006000000016,28.545310854233364,49.84109963642915,14.272655427116682,4.529185115480201,2.2645925577401007,0.8698912914702374,7.497379165105888,39925.61170565149,19485.0,Discesa,324.75,51.381559537620056,Ravascletto-valvan
1734878534.0,46.505551,12.944341,1438.412261,2.6,9.9,POINT (1440957.4487744935 5861737.573729731),2.0,18.80967773523448,-3.9897419999999784,19.228156898931825,-11.975579654965141,9.614078449465913,-4.658576977650769,-2.3292884888253846,-0.20901329481398823,-2.0355236971346997,39938.57859148144,19487.0,Discesa,324.78333333333336,34.61068241807729,Ravascletto-valvan
1734878537.0,46.505568,12.944514,1436.102592,4.4,10.1,POINT (1440976.7070464008 5861740.323220966),3.0,19.453553374774962,-2.3096689999999853,19.590184016358275,-6.7708807230391175,6.5300613387860915,-3.084017110679821,-1.0280057035599404,-0.11817416187684689,-1.156592141813472,39951.99096161146,19490.0,Discesa,324.8333333333333,23.50822081962993,Ravascletto-valvan
1734878540.0,46.505596,12.944681,1432.934323,3.6,10.1,POINT (1440995.2974013633 5861744.851796642),3.0,19.133982734425953,-3.1682690000000093,19.39451530040572,-9.401919816312263,6.4648384334685725,-0.06522290531751906,-0.02174096843917302,-0.16409445680314946,-1.6025519797006684,39965.18148538638,19493.0,Discesa,324.8833333333333,23.27341836048686,Ravascletto-valvan
1734878542.0,46.505623,12.944838,1420.831346,5.1,10.0,POINT (1441012.774561418 5861749.218639681),2.0,18.014450913286534,-12.10297700000001,21.70259187216447,-33.8951098701648,10.851295936082234,4.386457502613662,2.193228751306831,-0.5915812675596035,-5.470784552801839,39977.60011525926,19495.0,Discesa,324.9166666666667,39.06466536989605,Ravascletto-valvan
1734878544.0,46.505698,12.945008,1402.53332,10.9,9.9,POINT (1441031.6988748526 5861761.348770613),2.0,22.478205341913913,-18.298025999999936,28.984262469311183,-39.1467649688185,14.492131234655591,3.640835298573357,1.8204176492866786,-0.6832399402102582,-6.193141372841886,39993.08445715692,19497.0,Discesa,324.95,52.171672444760134,Ravascletto-valvan
1734878546.0,46.505753,12.945205,1414.767437,3.5,10.0,POINT (1441053.628814539 5861770.244210598),2.0,23.66539894394569,12.23411699999997,26.640659262596976,27.337255339073582,13.320329631298488,-1.1718016033571033,-0.5859008016785516,0.4771251141252329,4.505019436155662,40009.39436862918,19499.0,Discesa,324.98333333333335,47.95318667267456,Ravascletto-valvan
1734878548.0,46.505852,12.945349,1396.267181,12.4,10.0,POINT (1441069.6588212133 5861786.256025254),2.0,22.65699279581004,-18.500256000000036,29.250620414188234,-39.232884279831694,14.625310207094117,1.3049805757956285,0.6524902878978143,-0.6847430057369874,-6.204569639554328,40024.99148075326,19501.0,Discesa,325.01666666666665,52.65111674553882,Ravascletto-valvan
1734878550.0,46.505933,12.945517,1392.878777,10.8,10.1,POINT (1441088.3604956665 5861799.356622571),2.0,22.83370923492081,-3.388404000000037,23.083750975353293,-8.440797827789439,11.541875487676647,-3.08343471941747,-1.541717359708735,-0.14731971359011103,-1.4399844841287381,40040.718747224986,19503.0,Discesa,325.05,41.55075175563593,Ravascletto-valvan
1734878552.0,46.506056,12.94566,1388.657789,11.1,10.1,POINT (1441104.27918285 5861819.250159528),2.0,25.478567744322312,-4.220987999999807,25.82584275484856,-9.406650446110367,12.91292137742428,1.3710458897476325,0.6855229448738163,-0.16417702186881933,-1.6033510570424332,40058.25201210547,19505.0,Discesa,325.0833333333333,46.48651695872741,Ravascletto-valvan
1734878554.0,46.506174,12.945822,1386.42819,11.3,10.2,POINT (1441122.3129403584 5861838.335058426),2.0,26.25737564573287,-2.2295990000000074,26.35186686938758,-4.853527905482855,13.17593343469379,0.2630120572695116,0.1315060286347558,-0.08471004228809996,-0.8300120176839825,40076.32586751691,19507.0,Discesa,325.1166666666667,47.433360364897645,Ravascletto-valvan
1734878556.0,46.506292,12.945957,1406.199479,3.5,10.2,POINT (1441137.3410716155 5861857.419998751),2.0,24.29155565841043,19.771289000000024,31.320656842205175,39.14269893979766,15.660328421102587,2.4843949864087964,1.2421974932043982,0.6831689746163628,6.192601453640028,40093.04180193449,19509.0,Discesa,325.15,56.377182315969314,Ravascletto-valvan
1734878558.0,46.506407,12.946092,1403.228765,2.6,10.1,POINT (1441152.3692028725 5861876.019768592),2.0,23.91225976806033,-2.9707140000000436,24.096084928572793,-7.081794960013156,12.048042464286397,-3.6122859568161907,-1.8061429784080953,-0.12360063900336973,-1.2094373184020208,40109.49733591832,19511.0,Discesa,325.18333333333334,43.37295287143103,Ravascletto-valvan
1734878560.0,46.506541,12.946202,1404.914193,4.8,10.0,POINT (1441164.61434686 5861897.692593521),2.0,24.892868289879473,1.6854280000000017,24.94986090623495,3.873428724148958,12.474930453117475,0.42688798883107815,0.21344399441553907,0.0676040845777225,0.6626910162801016,40126.6192878178,19513.0,Discesa,325.21666666666664,44.90974963122291,Ravascletto-valvan
1734878562.0,46.506599,12.946355,1397.712265,3.0,10.0,POINT (1441181.6462289514 5861907.073385057),2.0,19.44438884127294,-7.20192800000018,20.735284524881887,-20.323920672785114,10.367642262440944,-2.107288190676531,-1.0536440953382655,-0.3547193326542413,-3.4072796828624283,40140.016023574244,19515.0,Discesa,325.25,37.3235121447874,Ravascletto-valvan
1734878564.0,46.506687,12.946462,1387.718895,5.0,10.0,POINT (1441193.5574144663 5861921.30632926),2.0,18.55944614056375,-9.993369999999913,21.078910906434064,-28.300329953084994,10.539455453217032,0.17181319077608848,0.08590659538804424,-0.49393393708210553,-4.650855071932358,40152.78856949212,19517.0,Discesa,325.28333333333336,37.942039631581316,Ravascletto-valvan
1734878566.0,46.506772,12.946517,1370.296179,5.5,10.0,POINT (1441199.67998646 5861935.054081333),2.0,15.049470917072135,-17.422716000000037,23.02254563901345,-49.18005704500497,11.511272819506726,0.9718173662896934,0.4859086831448467,-0.8583539217539699,-7.423889896448671,40163.13740493862,19519.0,Discesa,325.31666666666666,41.440582150224216,Ravascletto-valvan
1734878569.0,46.506895,12.946562,1365.666816,10.8,10.2,POINT (1441204.6893635455 5861954.947925336),3.0,20.514845551351673,-4.629363000000012,21.03068923695994,-12.716326162108764,7.010229745653313,-4.501043073853412,-1.5003476912844709,-0.22194176028629212,-2.1594181017228937,40177.23973050529,19522.0,Discesa,325.3666666666667,25.236827084351926,Ravascletto-valvan
1734878572.0,46.507006,12.946598,1359.953142,15.8,10.1,POINT (1441208.696865214 5861972.9009451475),3.0,18.394863141245125,-5.713673999999855,19.26180314932672,-17.255446274314053,6.420601049775573,-0.5896286958777397,-0.19654289862591323,-0.30116435138776887,-2.9099633874078807,40189.88421811483,19525.0,Discesa,325.4166666666667,23.114163779192065,Ravascletto-valvan
1734878575.0,46.507116,12.94666,1356.028232,10.8,10.2,POINT (1441215.598673643 5861990.692262212),3.0,19.083131883268223,-3.9249100000001818,19.482577883388778,-11.622198309431875,6.494192627796259,0.07359157802068594,0.024530526006895315,-0.20284562681930496,-1.9762973529714718,40203.00528427629,19528.0,Discesa,325.46666666666664,23.379093460066535,Ravascletto-valvan
1734878577.0,46.507199,12.946731,1351.787878,8.8,10.2,POINT (1441223.5023574894 5862004.116643464),2.0,15.578261467579425,-4.2403539999997975,16.145055973813907,-15.226828931097469,8.072527986906954,1.5783353591106941,0.7891676795553471,-0.2657582994855796,-2.5765084250848496,40213.72080534714,19530.0,Discesa,325.5,29.061100752865034,Ravascletto-valvan
1734878580.0,46.507332,12.946822,1346.653864,11.4,10.2,POINT (1441233.6324311516 5862025.628044113),3.0,23.7772738188429,-5.134013999999979,24.325230728780927,-12.18431143371059,8.108410242926976,0.03588225602002204,0.011960752006674014,-0.21265635160664062,-2.0704706936411394,40230.07202893176,19533.0,Discesa,325.55,29.190276874537112,Ravascletto-valvan
1734878582.0,46.507496,12.946839,1343.836587,14.4,10.3,POINT (1441235.5248624953 5862052.153452717),2.0,26.592829823268975,-2.8172770000001037,26.741646316262454,-6.047427933971977,13.370823158131227,5.262412915204251,2.6312064576021257,-0.10554752872488925,-1.0334998467612586,40248.34910377143,19535.0,Discesa,325.5833333333333,48.13496336927242,Ravascletto-valvan
1734878584.0,46.507661,12.946903,1341.82534,9.9,10.4,POINT (1441242.649309906 5862078.840682378),2.0,27.621838785663005,-2.011246999999912,27.69496510913429,-4.1645654798638025,13.847482554567145,0.4766593964359185,0.23832969821795924,-0.07268537953852097,-0.71241588470143,40267.33708325332,19537.0,Discesa,325.6166666666667,49.85093719644173,Ravascletto-valvan
1734878586.0,46.50782,12.94697,1339.262946,11.7,10.4,POINT (1441250.1077157892 5862104.55754397),2.0,26.776571633522224,-2.5623940000000403,26.898896844599097,-5.466295466628048,13.449448422299549,-0.3980341322675969,-0.19901706613379844,-0.09540485377949925,-0.9345024550717793,40285.744600082755,19539.0,Discesa,325.65,48.418014320278374,Ravascletto-valvan
1734878588.0,46.507974,12.947005,1337.540623,10.1,10.2,POINT (1441254.003897967 5862129.465770935),2.0,25.211108783678846,-1.7223229999999603,25.269871440488522,-3.9081481685202655,12.634935720244261,-0.8145127020552874,-0.4072563510276437,-0.06821005319646484,-0.6686218673407297,40303.07291736108,19541.0,Discesa,325.68333333333334,45.48576859287934,Ravascletto-valvan
1734878590.0,46.508103,12.946999,1337.089616,11.1,10.3,POINT (1441253.335981022 5862150.330508877),2.0,20.875425802335698,-0.45100700000011784,20.880297166057577,-1.2376647306128838,10.440148583028789,-2.1947871372154726,-1.0973935686077363,-0.021601324585003478,-0.211892514498946,40317.420109866354,19543.0,Discesa,325.71666666666664,37.58453489890364,Ravascletto-valvan
1734878592.0,46.508216,12.946926,1336.278848,11.5,10.4,POINT (1441245.209658194 5862168.607413029),2.0,20.002058596856777,-0.8107680000000528,20.018483780294556,-2.3211694908778275,10.009241890147278,-0.4309066928815106,-0.2154533464407553,-0.04051205011265858,-0.39731451029422016,40331.174235596976,19545.0,Discesa,325.75,36.033270804530204,Ravascletto-valvan
1734878594.0,46.508321,12.946802,1334.900225,11.8,10.5,POINT (1441231.4060413358 5862185.590411123),2.0,21.88520190946821,-1.378622999999834,21.92858098451242,-3.6044925215547416,10.96429049225621,0.9550486021089313,0.47752430105446564,-0.06291026236464292,-0.6167426720201469,40346.234431898105,19547.0,Discesa,325.78333333333336,39.47144577212235,Ravascletto-valvan
1734878596.0,46.508449,12.946649,1333.152317,12.8,10.4,POINT (1441214.3741592446 5862206.293538883),2.0,26.808664767820698,-1.7479080000000522,26.865585588441114,-3.7303687127567384,13.432792794220557,2.4685023019643477,1.2342511509821739,-0.06510721635098768,-0.6382506505787083,40364.682987679094,19549.0,Discesa,325.81666666666666,48.358054059194004,Ravascletto-valvan
1734878598.0,46.508567,12.946456,1329.485488,13.6,10.2,POINT (1441192.8894975213 5862225.379277977),2.0,28.73771261114077,-3.666829000000007,28.97070522158134,-7.271443983002376,14.48535261079067,1.0525598165701133,0.5262799082850567,-0.12691063887772205,-1.2416540161819574,40384.46877831415,19551.0,Discesa,325.85,52.14726939884641,Ravascletto-valvan
1734878600.0,46.508707,12.946296,1327.510631,13.7,10.1,POINT (1441175.0783789945 5862248.023428949),2.0,28.809608056942338,-1.974856999999929,28.87721552651996,-3.9214084580417015,14.43860776325998,-0.046744847530689526,-0.023372423765344763,-0.0684414889083816,-0.6708869541873733,40404.292851292346,19553.0,Discesa,325.8833333333333,51.97898794773593,Ravascletto-valvan
1734878602.0,46.508882,12.946169,1324.661334,11.4,10.2,POINT (1441160.9408036638 5862276.328699679),2.0,31.639522552632073,-2.849297000000206,31.76756019515386,-5.14589012471809,15.88378009757693,1.4451723343169487,0.7225861671584743,-0.08981272562219231,-0.8798788260190671,40426.05146276506,19555.0,Discesa,325.9166666666667,57.18160835127695,Ravascletto-valvan
1734878603.0,46.50898,12.946106,1323.240514,11.8,10.2,POINT (1441153.9276757438 5862292.179691093),1.0,17.33314432024698,-1.4208199999998214,17.391280041989713,-4.686131213153476,17.391280041989713,1.5074999444127837,1.5074999444127837,-0.08178841885000436,-0.8014501615950975,40437.97012909587,19556.0,Discesa,325.93333333333334,62.60860815116297,Ravascletto-valvan
1734878604.0,46.509079,12.94608,1320.958144,8.1,10.2,POINT (1441151.033368983 5862308.192456336),1.0,16.272235935596207,-2.282370000000128,16.431520780518433,-7.9843108383432,16.431520780518433,-0.9597592614712802,-0.9597592614712802,-0.13935251263175755,-1.3626279635995338,40449.154549390834,19557.0,Discesa,325.95,59.15347480986636,Ravascletto-valvan
1734878605.0,46.509175,12.946079,1319.229336,9.8,10.2,POINT (1441150.9220494921 5862323.720014123),1.0,15.527956815781094,-1.7288079999998445,15.623899000365626,-6.352873556363834,15.623899000365626,-0.8076217801528074,-0.8076217801528074,-0.11087856052143047,-1.085491302753659,40459.82630652818,19558.0,Discesa,325.96666666666664,56.24603640131625,Ravascletto-valvan
1734878607.0,46.509326,12.946195,1318.608621,12.1,10.2,POINT (1441163.8351104243 5862348.1436240515),2.0,27.627158097868463,-0.6207150000000183,27.634130195753293,-1.2870801720605702,13.817065097876647,-1.8068339024889788,-0.9034169512444894,-0.02246378673959208,-0.22035121448968012,40478.82658373964,19560.0,Discesa,326.0,49.74143435235593,Ravascletto-valvan
1734878609.0,46.509434,12.94631,1316.815528,16.3,10.2,POINT (1441176.6368518656 5862365.612207872),2.0,21.65723908115783,-1.793092999999999,21.731341125781423,-4.732961235353093,10.865670562890712,-2.951394534985935,-1.4756972674929676,-0.08260575692616971,-0.8094411766023701,40493.72730475802,19562.0,Discesa,326.03333333333336,39.11641402640656,Ravascletto-valvan
1734878611.0,46.509547,12.946412,1316.423777,11.9,10.1,POINT (1441187.9914399264 5862383.88955958),2.0,21.51716188291514,-0.391751000000113,21.520727783733925,-1.0430371569364478,10.760363891866962,-0.10530667102374913,-0.052653335511874566,-0.018204432609181826,-0.17857562014728112,40508.52826842377,19564.0,Discesa,326.06666666666666,38.73731001072107,Ravascletto-valvan
1734878613.0,46.509623,12.946508,1315.78793,11.6,10.1,POINT (1441198.6781110426 5862396.182313075),2.0,16.288545915474266,-0.6358470000000125,16.300951795767094,-2.2354887520485875,8.150475897883547,-2.609887993983415,-1.3049439969917076,-0.03901663911454699,-0.3826561263508473,40519.738049615764,19566.0,Discesa,326.1,29.34171323238077,Ravascletto-valvan
1734878615.0,46.509722,12.9466,1315.191142,12.0,10.1,POINT (1441208.9195041955 5862412.195267749),2.0,19.00791548524763,-0.5967880000000605,19.01728179870248,-1.7983142246789208,9.50864089935124,1.3581650014676931,0.6790825007338466,-0.03138650420609623,-0.3078510557907407,40532.81343381302,19568.0,Discesa,326.1333333333333,34.23110723766447,Ravascletto-valvan
1734878617.0,46.509812,12.946685,1314.853123,10.7,10.1,POINT (1441218.3816609131 5862426.75252458),2.0,17.362204243389485,-0.3380189999998038,17.365494321600313,-1.115331641477697,8.682747160800156,-0.8258937385510841,-0.41294686927554203,-0.019466209395458768,-0.19095145399192376,40544.75698225874,19570.0,Discesa,326.1666666666667,31.257889778880564,Ravascletto-valvan
1734878619.0,46.509897,12.946757,1313.860041,12.3,10.0,POINT (1441226.3966642502 5862440.501067054),2.0,15.914229439984732,-0.9930820000001859,15.945184556072128,-3.5707492880052896,7.972592278036064,-0.7101548827640922,-0.3550774413820461,-0.06232133183893557,-0.6109765857988703,40555.70292909595,19572.0,Discesa,326.2,28.70133220092983,Ravascletto-valvan
1734878621.0,46.509969,12.946841,1313.115919,9.0,10.0,POINT (1441235.7475014767 5862452.146908088),2.0,14.935319554895859,-0.7441219999998339,14.953845249892698,-2.852287443191904,7.476922624946349,-0.4956696530897151,-0.24783482654485756,-0.04978180709698945,-0.48815784154585595,40565.98009367699,19574.0,Discesa,326.23333333333335,26.916921449806857,Ravascletto-valvan
1734878623.0,46.510052,12.94695,1311.982029,16.9,10.2,POINT (1441247.8813259732 5862465.571993976),2.0,18.09592849287721,-1.133890000000065,18.131418437381708,-3.585463164783622,9.065709218690854,1.588786593744505,0.7943932968722525,-0.0625781374344502,-0.6134909377562704,40578.43437995399,19576.0,Discesa,326.26666666666665,32.63655318728708,Ravascletto-valvan
1734878625.0,46.510122,12.94709,1310.852853,14.1,10.3,POINT (1441263.4660546842 5862476.894371505),2.0,19.263436918322274,-1.1291759999999158,19.296503319129023,-3.354701017357034,9.648251659564512,0.5825424408736577,0.29127122043682885,-0.058550578172883685,-0.57405304872091,40591.70082894939,19578.0,Discesa,326.3,34.73370597443224,Ravascletto-valvan
1734878627.0,46.510187,12.947236,1309.464625,12.5,10.3,POINT (1441279.7187003403 5862487.408020838),2.0,19.356789845489814,-1.3882280000000264,19.4065063858089,-4.102108659865114,9.70325319290445,0.05500153333993829,0.027500766669969146,-0.07159530238921841,-0.7017500424475611,40605.03369367158,19580.0,Discesa,326.3333333333333,34.93171149445602,Ravascletto-valvan
1734878629.0,46.51027,12.947416,1308.293284,12.1,10.2,POINT (1441299.7562086831 5862500.833160572),2.0,24.119206401899667,-1.171340999999984,24.147632538112692,-2.780365431197375,12.073816269056346,2.370563076151896,1.185281538075948,-0.04852653118302606,-0.47585845907931534,40621.64608264303,19582.0,Discesa,326.3666666666667,43.465738568602845,Ravascletto-valvan
1734878631.0,46.510383,12.947568,1306.452416,10.1,10.3,POINT (1441316.6767712836 5862519.110793407),2.0,24.90737442565376,-1.8408680000000004,24.975309723267394,-4.2269627712657005,12.487654861633697,0.4138385925773509,0.20691929628867545,-0.07377441771781043,-0.7230707158428562,40638.7888085918,19584.0,Discesa,326.4,44.95555750188131,Ravascletto-valvan
1734878635.0,46.510434,12.94773,1304.74878,10.8,10.5,POINT (1441334.710528792 5862527.360002974),4.0,19.83093211009521,-1.7036360000001878,19.903975582172066,-4.910111149366159,4.9759938955430165,-7.51166096609068,-1.87791524152267,-0.08569760619532256,-0.8396648745374936,40652.45349880011,19588.0,Discesa,326.46666666666664,17.91357802395486,Ravascletto-valvan
1734878638.0,46.510465,12.947856,1304.139602,11.5,10.6,POINT (1441348.7367846319 5862532.374232178),3.0,14.895581471957984,-0.6091779999999289,14.908032909254723,-2.3418950784878674,4.969344303084908,-0.0066495924581087,-0.0022165308193695665,-0.040873779855864316,-0.40086014139997334,40662.71938085328,19591.0,Discesa,326.51666666666665,17.88963949110567,Ravascletto-valvan
1734878641.0,46.510502,12.948012,1303.308254,11.1,10.7,POINT (1441366.1026251959 5862538.358961102),3.0,18.368162640519596,-0.8313479999999345,18.386966533000592,-2.591453890391701,6.128988844333531,1.159644541248623,0.38654818041620764,-0.045229402800951425,-0.44354917736767363,40675.378810416434,19594.0,Discesa,326.56666666666666,22.064359839600712,Ravascletto-valvan
1734878644.0,46.510552,12.948128,1303.480434,7.7,10.4,POINT (1441379.0156861278 5862546.446439093),3.0,15.236615204600447,0.17218000000002576,15.237588025847844,0.6474382459973369,5.0791960086159476,-1.0497928357175832,-0.3499309452391944,0.011299929095990528,0.11084994535454176,40685.87409021756,19597.0,Discesa,326.6166666666667,18.285105631017412,Ravascletto-valvan
1734878647.0,46.5106,12.94824,1302.627027,11.7,10.3,POINT (1441391.4834690967 5862554.210424963),3.0,14.687582808452849,-0.8534070000000611,14.712355088931506,-3.3253738865251914,4.904118362977169,-0.1750776456387788,-0.05835921521292627,-0.05803872317970489,-0.5690402807296989,40695.99125112773,19600.0,Discesa,326.6666666666667,17.65482610671781,Ravascletto-valvan
1734878651.0,46.510633,12.948365,1302.233659,11.5,10.0,POINT (1441405.3984054457 5862559.548169227),4.0,14.90358907863005,-0.3933680000000095,14.908779487539714,-1.511924038431577,3.7271948718849286,-1.1769234910922401,-0.29423087277306004,-0.026388052510680302,-0.258836753419371,40706.26213210569,19604.0,Discesa,326.73333333333335,13.417901538785744,Ravascletto-valvan
1734878656.0,46.510679,12.948478,1301.624924,12.0,10.2,POINT (1441417.9775079053 5862566.98866664),5.0,14.61488352441298,-0.6087350000000242,14.6275554598977,-2.385088990714404,2.9255110919795397,-0.8016837799053889,-0.16033675598107777,-0.04162765584103481,-0.40824937334006206,40716.329849713,19609.0,Discesa,326.81666666666666,10.531839931126344,Ravascletto-valvan
1734878665.0,46.510726,12.94861,1302.792492,9.8,10.8,POINT (1441432.6716806903 5862574.590920497),9.0,16.544273255128736,1.1675680000000739,16.585421085248097,4.036804136029221,1.8428245650275663,-1.0826865269519734,-0.12029850299466371,0.07045552343183496,0.6905970020977246,40727.728393434525,19618.0,Discesa,326.96666666666664,6.634168434099239,Ravascletto-valvan
1734878680.0,46.51078,12.948716,1301.485937,12.6,3.8,POINT (1441444.4715467142 5862583.325433048),15.0,14.680890562173047,-1.3065550000001167,14.738915620442603,-5.085752711115854,0.9825943746961735,-0.8602301903313928,-0.05734867935542619,-0.08876312975119967,-0.8696233074449372,40737.83851229202,19633.0,Discesa,327.21666666666664,3.537339748906225,Ravascletto-valvan
1734878686.0,46.510818,12.948875,1300.949657,12.7,3.8,POINT (1441462.17134575 5862589.471947081),6.0,18.7366624741179,-0.5362800000000334,18.74433559525165,-1.63946990168204,3.1240559325419412,2.141461557845768,0.3569102596409613,-0.02861414777169932,-0.2806664857906743,40750.75177934228,19639.0,Discesa,327.31666666666666,11.246601357150988,Ravascletto-valvan
1734878689.0,46.510858,12.94901,1300.095301,12.1,3.8,POINT (1441477.1994770074 5862595.9419664955),3.0,16.36171996779807,-0.8543559999998251,16.384010634743184,-2.989085253695619,5.461336878247728,2.337280945705787,0.7790936485685956,-0.052169379299798556,-0.5115494946167471,40762.02648519039,19642.0,Discesa,327.3666666666667,19.660812761691822,Ravascletto-valvan
1734878692.0,46.510891,12.949158,1299.157904,12.0,3.8,POINT (1441493.674761645 5862601.279736099),3.0,17.318394504979977,-0.9373970000001464,17.34374530964203,-3.098239415711114,5.781248436547344,0.3199115582996157,0.1066371860998719,-0.054074478819224274,-0.5302121546312788,40773.962747348436,19645.0,Discesa,327.4166666666667,20.812494371570438,Ravascletto-valvan
1734878695.0,46.510911,12.949337,1297.923126,10.6,3.8,POINT (1441513.6009504967 5862604.514749555),3.0,20.187082855502506,-1.2347780000000057,20.224811270422457,-3.500235033385065,6.741603756807486,0.9603553202601418,0.3201184400867139,-0.061090625926223024,-0.5989263394370866,40787.879238447444,19648.0,Discesa,327.46666666666664,24.26977352450695,Ravascletto-valvan
1734878698.0,46.510926,12.949469,1296.613297,11.1,3.8,POINT (1441528.2951232814 5862606.9410104295),3.0,14.893134514193324,-1.3098289999998087,14.950622317050783,-5.026146118533051,4.983540772350261,-1.7580629844572249,-0.586020994819075,-0.08772279845473492,-0.8594573668912567,40798.146177104696,19651.0,Discesa,327.51666666666665,17.940746780460938,Ravascletto-valvan
1734878702.0,46.510952,12.949612,1295.117168,8.4,3.8,POINT (1441544.2138104648 5862611.146530864),4.0,16.46484144371324,-1.49612900000011,16.532676908209947,-5.1921000312730845,4.133169227052487,-0.850371545297774,-0.2125928863244435,-0.09061924063861587,-0.8877585627232956,40809.49520941889,19655.0,Discesa,327.5833333333333,14.879409217388952,Ravascletto-valvan
1734878705.0,46.51101,12.949755,1293.484787,10.5,3.8,POINT (1441560.1324976485 5862620.528083698),3.0,18.477503490163443,-1.6323809999998957,18.54946907483238,-5.048644917751758,6.1831563582774605,2.049987131224974,0.6833290437416579,-0.08811547657884648,-0.8632946606394275,40822.22374112449,19658.0,Discesa,327.6333333333333,22.259362889798858,Ravascletto-valvan
1734878709.0,46.511102,12.949839,1292.327337,12.1,3.8,POINT (1441569.483334875 5862635.409188039),4.0,17.5751365069357,-1.1574500000001535,17.613208502141916,-3.767900893911748,4.403302125535479,-1.7798542327419815,-0.4449635581854954,-0.06576227648759757,-0.6446630378911766,40834.31294467028,19662.0,Discesa,327.7,15.851887651927724,Ravascletto-valvan
1734878713.0,46.511143,12.949968,1291.066663,8.7,3.8,POINT (1441583.8435491873 5862642.040992652),4.0,15.81760372263315,-1.2606739999998808,15.867762490676931,-4.556880961047345,3.9669406226692328,-0.4363615028662462,-0.10909037571656155,-0.07953257639171965,-0.7793923023025559,40845.21197538822,19666.0,Discesa,327.76666666666665,14.280986241609238,Ravascletto-valvan
1734878717.0,46.511152,12.950135,1289.545984,12.7,3.8,POINT (1441602.4339041498 5862643.49675531),4.0,18.647266355936104,-1.5206789999999728,18.709169066804314,-4.662137012012182,4.677292266701079,0.7103516440318458,0.17758791100796145,-0.081369641038703,-0.7973556140699213,40858.067695750564,19670.0,Discesa,327.8333333333333,16.838252160123883,Ravascletto-valvan
1734878720.0,46.511206,12.950262,1288.090802,12.9,3.8,POINT (1441616.5714794805 5862652.231336324),3.0,16.618181058916658,-1.4551820000001499,16.681771379564605,-5.004378058795994,5.560590459854868,0.8832981931537898,0.2944327310512633,-0.08734287414055247,-0.8557445786296382,40869.51468828142,19673.0,Discesa,327.8833333333333,20.018125655477526,Ravascletto-valvan
1734878735.0,46.511273,12.950366,1303.690046,6.7,3.8,POINT (1441628.1487065232 5862663.068698899),15.0,15.858140294151237,15.599243999999999,22.244483067954604,44.52846269902572,1.4829655378636404,-4.077624921991228,-0.2718416614660819,0.7771682849494795,6.879394912100832,40880.43150110129,19688.0,Discesa,328.1333333333333,5.338675936309105,Ravascletto-valvan
1734878738.0,46.511328,12.9505,1301.74705,13.1,3.8,POINT (1441643.0655182893 5862671.965051297),3.0,17.368257231468853,-1.9429959999999937,17.476601291855523,-6.383168563311625,5.825533763951841,4.342568226088201,1.4475227420294001,-0.11140730813958398,-1.0906463128436008,40892.39566593488,19691.0,Discesa,328.18333333333334,20.97192155022663,Ravascletto-valvan
1734878741.0,46.511384,12.950678,1301.478326,7.4,3.8,POINT (1441662.8803876506 5862681.023164808),3.0,21.787117023042565,-0.26872400000002017,21.78877419140249,-0.7066547787060141,7.262924730467496,1.4373909665156548,0.47913032217188495,-0.012333452563371861,-0.12098810226049314,40907.40803194678,19694.0,Discesa,328.23333333333335,26.146529029682988,Ravascletto-valvan
1734878743.0,46.51143,12.950827,1284.102881,11.7,3.8,POINT (1441679.466991779 5862688.463765029),2.0,18.17905300504709,-17.3754449999999,25.147247505608505,-43.70521279909892,12.573623752804252,5.310699022336756,2.655349511168378,-0.7627998636290432,-6.778201686366806,40919.934469855434,19696.0,Discesa,328.26666666666665,45.26504551009531,Ravascletto-valvan
1734878745.0,46.511472,12.950971,1299.540247,7.8,3.8,POINT (1441695.496998453 5862695.257362037),2.0,17.410171575282252,15.437365999999884,23.268569859334253,41.56297470473403,11.634284929667126,-0.9393388231371258,-0.4696694115685629,0.7254107555207269,6.508374230797345,40931.93167569448,19698.0,Discesa,328.3,41.883425746801656,Ravascletto-valvan
