,unixtime,latitudine,longitudine,altitudine,precisione_orizzontale,precisione_verticale,geometry,delta_tempo,delta_distanza_orizzontale,delta_distanza_verticale,delta_distanza_reale,pendenza,velocita,delta_velocita,accelerazione,pendenza_radianti,accelerazione_max,distanza_percorsa_da_inizio,time_from_start,stato,nome_impianto,impianto_inizio,impianto_fine,time_from_start_minuti,velocita_kmh,impianti,delta_minuti,discesa
0,1734875805.0,46.506367,12.930977,1750.262276,1.9,5.2,POINT (1439469.7750995324 5861869.550278966),4.0,31.655384182563946,-2.720457000000124,31.772066883263502,-4.911918293912957,7.9430167208158755,7.667157812717079,1.9167894531792697,-0.08572914681772364,-0.8399731521419975,0.0,0.0,Discesa,,Valvan,Ravasacletto,279.3,28.59486019493715,Valvan-Ravasacletto,22.25,8
1,1734875807.0,46.506481,12.930912,1748.366942,1.8,7.6,POINT (1439462.5393326306 5861887.988336948),2.0,19.80702665179178,-1.8953339999998207,19.89750224918558,-5.465989341177752,9.94875112459279,2.0057344037769154,1.0028672018884577,-0.09539951088246744,-0.934450279595233,13.619070840526547,2.0,Discesa,,Valvan,Ravasacletto,279.3333333333333,35.815504048534045,Valvan-Ravasacletto,0.03333333333330302,8
2,1734875809.0,46.506598,12.930947,1746.85739,2.3,9.5,POINT (1439466.4355148084 5861906.911647187),2.0,19.320246011871014,-1.5095520000002125,19.37912931996488,-4.467624133052186,9.68956465998244,-0.25918646461035166,-0.12959323230517583,-0.07797475086331787,-0.7641574023011332,26.899470531581755,4.0,Discesa,,Valvan,Ravasacletto,279.3666666666667,34.882432775936785,Valvan-Ravasacletto,0.03333333333335986,8
3,1734875812.0,46.506714,12.930985,1743.835221,2.8,10.0,POINT (1439470.6656554586 5861925.673259943),3.0,19.232581811422815,-3.022168999999849,19.468582603713905,-8.930317231768452,6.489527534571302,-3.2000371254111375,-1.0666790418037124,-0.15586343894194504,-1.5228369981255259,40.11990909179076,7.0,Discesa,,Valvan,Ravasacletto,279.4166666666667,23.362299124456687,Valvan-Ravasacletto,0.05000000000001137,8
4,1734875815.0,46.50683,12.931059,1740.469503,2.0,9.9,POINT (1439478.9032977773 5861944.434912733),3.0,20.490445734143304,-3.3657180000000153,20.765028871624416,-9.327989002541777,6.921676290541472,0.43214875597017066,0.1440495853233902,-0.1628041206841757,-1.5900624932488827,54.210069117019884,10.0,Discesa,,Valvan,Ravasacletto,279.46666666666664,24.9180346459493,Valvan-Ravasacletto,0.049999999999954525,8
5,1734875818.0,46.506946,12.931077,1737.451132,1.3,9.9,POINT (1439480.9070486117 5861963.196605561),3.0,18.868389841139756,-3.0183710000001156,19.10828874313102,-9.088585184211679,6.369429581043673,-0.5522467094977994,-0.18408223649926647,-0.15862573581246917,-1.5496007993204164,67.17856974115057,13.0,Discesa,,Valvan,Ravasacletto,279.51666666666665,22.929946491757224,Valvan-Ravasacletto,0.05000000000001137,8
6,1734875821.0,46.507044,12.931175,1733.951803,1.5,9.9,POINT (1439491.8163587092 5861979.047032426),3.0,19.241857462358332,-3.499328999999989,19.557463589431936,-10.307179625524858,6.5191545298106455,0.1497249487669725,0.0499083162556575,-0.17989422105988495,-1.7552591793421302,80.41684317800173,16.0,Discesa,,Valvan,Ravasacletto,279.56666666666666,23.468956307318326,Valvan-Ravasacletto,0.05000000000001137,8
7,1734875824.0,46.507154,12.931191,1729.84099,1.5,9.9,POINT (1439493.5974705622 5861996.838361927),3.0,17.8802618787568,-4.110813000000007,18.34673127218832,-12.947751196326037,6.115577090729439,-0.40357743908120636,-0.13452581302706879,-0.22598088910492406,-2.1980523359565205,92.70608954494674,19.0,Discesa,,Valvan,Ravasacletto,279.6166666666667,22.01607752662598,Valvan-Ravasacletto,0.05000000000001137,8
8,1734875827.0,46.507281,12.931264,1726.78968,1.3,9.9,POINT (1439501.72379339 5862017.3793053115),3.0,22.089985916989527,-3.0513099999998303,22.299730279285768,-7.864551579601086,7.433243426428589,1.3176663356991503,0.43922211189971677,-0.13726231925695986,-1.3423189753915294,107.89476674354228,22.0,Discesa,,Valvan,Ravasacletto,279.6666666666667,26.759676335142924,Valvan-Ravasacletto,0.05000000000001137,8
9,1734875831.0,46.507388,12.931184,1722.131622,1.4,9.9,POINT (1439492.8182341265 5862034.68549171),4.0,19.463120855959815,-4.658057999999983,20.012760373947962,-13.459289120486552,5.003190093486991,-2.4300533329415988,-0.6075133332353997,-0.23490891013034212,-2.2833206477345818,121.28039501521198,26.0,Discesa,,Valvan,Ravasacletto,279.73333333333335,18.011484336553167,Valvan-Ravasacletto,0.06666666666666288,8
10,1734875834.0,46.507449,12.931067,1717.300049,1.9,9.9,POINT (1439479.7938537037 5862044.551650607),3.0,16.33938728295193,-4.831573000000162,17.038769745395992,-16.473000545491136,5.679589915131998,0.6763998216450071,0.22546660721500236,-0.2875080972016423,-2.781757828660654,132.53295718042864,29.0,Discesa,,Valvan,Ravasacletto,279.78333333333336,20.446523694475193,Valvan-Ravasacletto,0.05000000000001137,8
11,1734875837.0,46.507525,12.930942,1712.637398,1.9,10.2,POINT (1439465.8789173546 5862056.843929637),3.0,18.566786942110532,-4.662650999999869,19.143298871968906,-14.097086925505362,6.381099623989635,0.7015097088576372,0.2338365696192124,-0.24604058178991317,-2.3893795220935323,145.31646049164556,32.0,Discesa,,Valvan,Ravasacletto,279.8333333333333,22.971958646362687,Valvan-Ravasacletto,0.049999999999954525,8
12,1734875847.0,46.507442,12.930833,1709.582857,1.3,10.1,POINT (1439453.745092858 5862043.419467875),10.0,18.09546546854461,-3.054540999999972,18.351460193782163,-9.58128972867993,1.8351460193782163,-4.545953604611419,-0.45459536046114185,-0.16722505235297896,-1.6328426672092544,157.77100415381938,42.0,Discesa,,Valvan,Ravasacletto,280.0,6.606525669761579,Valvan-Ravasacletto,0.16666666666668561,8
13,1734875850.0,46.507349,12.930705,1707.211201,1.5,10.0,POINT (1439439.4961980365 5862028.377625433),3.0,20.719267064442878,-2.37165600000003,20.8545625672188,-6.530009921979001,6.9515208557395995,5.116374836361383,1.7054582787871277,-0.11397017332643161,-1.1156285481898307,172.0325116112581,45.0,Discesa,,Valvan,Ravasacletto,280.05,25.02547508066256,Valvan-Ravasacletto,0.05000000000001137,8
14,1734875852.0,46.507271,12.93054,1705.140489,1.6,9.9,POINT (1439421.1284820559 5862015.761906455),2.0,22.282938667617525,-2.070712000000185,22.378945548254705,-5.3091425291541325,11.189472774127353,4.237951918387753,2.1189759591938766,-0.09266201759139865,-0.9077141135269462,187.38044565682503,47.0,Discesa,,Valvan,Ravasacletto,280.0833333333333,40.28210198685847,Valvan-Ravasacletto,0.03333333333330302,8
15,1734875854.0,46.507174,12.930395,1702.133709,1.5,9.9,POINT (1439404.9871558906 5862000.073152977),2.0,22.509540112472255,-3.006779999999935,22.709472077602268,-7.608418059588277,11.354736038801134,0.16526326467378105,0.08263163233689053,-0.13279194600801356,-1.2988638264775416,202.87632294319337,49.0,Discesa,,Valvan,Ravasacletto,280.1166666666667,40.87704973968408,Valvan-Ravasacletto,0.03333333333335986,8
16,1734875856.0,46.507063,12.930225,1700.03822,1.3,10.0,POINT (1439386.062842456 5861982.120077678),2.0,26.08529378146226,-2.0954890000000432,26.169326048148715,-4.592833296014808,13.084663024074358,1.7299269852732237,0.8649634926366119,-0.08016006301068176,-0.7855283339042913,220.8345251186838,51.0,Discesa,,Valvan,Ravasacletto,280.15,47.10478688666769,Valvan-Ravasacletto,0.03333333333330302,8
17,1734875858.0,46.506946,12.930036,1696.736389,1.2,10.1,POINT (1439365.0234586957 5861963.196605561),2.0,28.29758763499152,-3.301830999999993,28.4895692124782,-6.655315512682556,14.2447846062391,1.1601215821647433,0.5800607910823716,-0.11615716845536503,-1.1369410982814354,240.31744705532765,53.0,Discesa,,Valvan,Ravasacletto,280.18333333333334,51.281224582460766,Valvan-Ravasacletto,0.03333333333335986,8
18,1734875860.0,46.506834,12.929858,1695.09394,1.4,10.3,POINT (1439345.2085893347 5861945.081866993),2.0,26.847212168202056,-1.6424489999999423,26.89740582141812,-3.5008571936227804,13.44870291070906,-0.7960816955300416,-0.3980408477650208,-0.06110148467084615,-0.5990326649705854,258.8013474476902,55.0,Discesa,,Valvan,Ravasacletto,280.21666666666664,48.41533047855261,Valvan-Ravasacletto,0.03333333333330302,8
19,1734875862.0,46.506703,12.929695,1691.567274,1.6,10.4,POINT (1439327.0635123355 5861923.894139773),2.0,27.895583952159072,-3.5266659999999774,28.117627515626396,-7.205325465146131,14.058813757813198,0.6101108471041385,0.30505542355206927,-0.1257566530445919,-1.2304236351652604,277.99963337193185,57.0,Discesa,,Valvan,Ravasacletto,280.25,50.61172952812751,Valvan-Ravasacletto,0.03333333333335986,8
20,1734875864.0,46.506616,12.929504,1689.222415,1.9,10.2,POINT (1439305.8014895937 5861909.822929301),2.0,25.496520845387753,-2.344859000000042,25.60411956988901,-5.254585652769789,12.802059784944506,-1.256753972868692,-0.628376986434346,-0.09170982046888831,-0.8984127232811595,295.5621042113271,59.0,Discesa,,Valvan,Ravasacletto,280.28333333333336,46.08741522580022,Valvan-Ravasacletto,0.03333333333335986,8
21,1734875866.0,46.506487,12.929408,1684.672375,1.9,10.1,POINT (1439295.1148184778 5861888.958762124),2.0,23.44180904995731,-4.5500399999998535,23.879306429129368,-10.984487737023285,11.939653214564684,-0.8624065703798216,-0.4312032851899108,-0.19171547765599736,-1.8692290135172904,311.68419939946034,61.0,Discesa,,Valvan,Ravasacletto,280.31666666666666,42.98275157243286,Valvan-Ravasacletto,0.03333333333330302,8
22,1734875868.0,46.506384,12.929296,1682.548745,2.4,9.9,POINT (1439282.6470355089 5861872.299811475),2.0,20.807841043506617,-2.1236300000000483,20.915928219152473,-5.8273800909126985,10.457964109576237,-1.4816891049884475,-0.7408445524942238,-0.10170696935159308,-0.996026094645138,326.00172255497455,63.0,Discesa,,Valvan,Ravasacletto,280.35,37.648670794474455,Valvan-Ravasacletto,0.03333333333335986,8
23,1734875870.0,46.506344,12.92917,1678.596697,2.5,10.0,POINT (1439268.6207796687 5861865.830324587),2.0,15.446362467688665,-3.9520480000001044,15.94392664551383,-14.351605269381423,7.971963322756915,-2.4860007868193215,-1.2430003934096607,-0.25048276489727356,-2.431621252529388,336.645891625114,65.0,Discesa,,Valvan,Ravasacletto,280.3833333333333,28.699067961924897,Valvan-Ravasacletto,0.03333333333330302,8
24,1734875873.0,46.50625,12.929071,1674.173458,2.8,10.3,POINT (1439257.6001500804 5861850.627049142),3.0,18.77748281331811,-4.423238999999967,19.291420477911355,-13.254997631237158,6.430473492637119,-1.5414898301197963,-0.5138299433732655,-0.23134335100913758,-2.24928872602634,349.5657919117002,68.0,Discesa,,Valvan,Ravasacletto,280.43333333333334,23.14970457349363,Valvan-Ravasacletto,0.05000000000001137,8
25,1734875875.0,46.506194,12.928944,1670.883459,1.9,10.5,POINT (1439243.4625747495 5861841.569791159),2.0,16.79002556299529,-3.28999900000008,17.10932645740436,-11.08661531228026,8.55466322870218,2.1241897360650617,1.0620948680325308,-0.19349794010130988,-1.8863916280020052,361.13166188388277,70.0,Discesa,,Valvan,Ravasacletto,280.46666666666664,30.79678762332785,Valvan-Ravasacletto,0.03333333333330302,8
26,1734875877.0,46.50619,12.928787,1666.531082,1.3,10.5,POINT (1439225.985414695 5861840.922844515),2.0,17.489129867715945,-4.352376999999933,18.022564997246157,-13.97485115222996,9.011282498623078,0.45661926992089796,0.22830963496044898,-0.2439071650825361,-2.369075565909925,373.1902214845686,72.0,Discesa,,Valvan,Ravasacletto,280.5,32.44061699504309,Valvan-Ravasacletto,0.03333333333335986,8
27,1734875880.0,46.506124,12.928652,1662.163874,1.5,10.4,POINT (1439210.957283438 5861830.2482318),3.0,18.433450184169125,-4.367207999999891,18.943721688398714,-13.328624685091782,6.314573896132905,-2.6967086024901734,-0.8989028674967244,-0.23262838551744397,-2.261557215878858,385.8863929074723,75.0,Discesa,,Valvan,Ravasacletto,280.55,22.73246602607846,Valvan-Ravasacletto,0.05000000000001137,8
28,1734875883.0,46.50605,12.928549,1659.354309,1.3,10.3,POINT (1439199.4913758864 5861818.279742048),3.0,16.574431601981058,-2.8095650000000205,16.810872625118943,-9.62086797640527,5.603624208372981,-0.710949687759924,-0.23698322925330798,-0.16791582308795608,-1.639524209398689,397.2953999828096,78.0,Discesa,,Valvan,Ravasacletto,280.6,20.173047150142732,Valvan-Ravasacletto,0.05000000000001137,8
29,1734875886.0,46.506066,12.928412,1654.614691,1.3,10.4,POINT (1439184.2406056474 5861820.867522233),3.0,15.468762043765356,-4.739618000000064,16.1785839291503,-17.035028233399657,5.392861309716767,-0.21076289865621423,-0.07025429955207141,-0.2973173308430171,-2.873901250172183,407.96006264775497,81.0,Discesa,,Valvan,Ravasacletto,280.65,19.41430071498036,Valvan-Ravasacletto,0.049999999999954525,8
30,1734875888.0,46.506045,12.928274,1651.923756,1.4,10.6,POINT (1439168.878515918 5861817.4710608935),2.0,15.733078226655474,-2.6909350000000813,15.961543836994151,-9.705769857564762,7.980771918497076,2.5879106087803088,1.2939553043901544,-0.16939764045532618,-1.6538545782030092,418.80631208227715,83.0,Discesa,,Valvan,Ravasacletto,280.68333333333334,28.73077890658947,Valvan-Ravasacletto,0.03333333333335986,8
31,1734875891.0,46.505992,12.92813,1647.284828,2.0,10.6,POINT (1439152.8485092437 5861808.899045249),3.0,18.178024265073486,-4.638927999999851,18.760602846678008,-14.316003706329141,6.253534282226003,-1.7272376362710729,-0.5757458787570243,-0.24986140040315488,-2.4257154235348435,431.33109207847883,86.0,Discesa,,Valvan,Ravasacletto,280.73333333333335,22.51272341601361,Valvan-Ravasacletto,0.05000000000001137,8
32,1734875895.0,46.505968,12.928,1641.083859,1.9,10.5,POINT (1439138.376975441 5861805.017380539),4.0,14.983077505221464,-6.200968999999986,16.215567460512577,-22.482943711097445,4.053891865128144,-2.1996424170978583,-0.5499106042744646,-0.3924013932992032,-3.751426278367009,441.65963826332154,90.0,Discesa,,Valvan,Ravasacletto,280.8,14.59401071446132,Valvan-Ravasacletto,0.06666666666666288,8
33,1734875898.0,46.505935,12.927861,1638.618601,2.6,10.3,POINT (1439122.9035662203 5861799.680094358),3.0,16.368048652582033,-2.4652580000001763,16.55265881059165,-8.565170457531877,5.517552936863884,1.4636610717357392,0.4878870239119131,-0.1494904254784804,-1.4610450959411339,452.94151018476987,93.0,Discesa,,Valvan,Ravasacletto,280.85,19.863190572709982,Valvan-Ravasacletto,0.05000000000001137,8
34,1734875901.0,46.505981,12.927748,1632.569381,2.9,10.2,POINT (1439110.3244637607 5861807.11994871),3.0,14.61455615059642,-6.0492199999998775,15.81702608227394,-22.485517726511596,5.272342027424647,-0.24521090943923696,-0.08173696981307899,-0.3924463183431772,-3.7518334920433642,463.0098693161708,96.0,Discesa,,Valvan,Ravasacletto,280.9,18.98043129872873,Valvan-Ravasacletto,0.049999999999954525,8
35,1734875912.0,46.505996,12.927615,1626.619835,1.4,10.5,POINT (1439095.518971485 5861809.545989536),11.0,15.002942231786841,-5.949546000000055,16.139559263389128,-21.631228028510712,1.4672326603081025,-3.805109367116544,-0.3459190333742313,-0.3775361503471938,-3.616272619810346,473.3534543974165,107.0,Discesa,,Valvan,Ravasacletto,281.0833333333333,5.282037577109169,Valvan-Ravasacletto,0.18333333333333712,8
36,1734875923.0,46.506058,12.927477,1622.895747,1.9,10.3,POINT (1439080.156881756 5861819.573632046),11.0,18.34522867541873,-3.724087999999938,18.719408286191882,-11.475132740682223,1.7017643896538075,0.234531729345705,0.021321066304155,-0.20027884842830546,-1.9516270344371778,485.99036373657873,118.0,Discesa,,Valvan,Ravasacletto,281.26666666666665,6.126351802753707,Valvan-Ravasacletto,0.18333333333333712,8
37,1734875926.0,46.506049,12.927347,1618.984824,2.6,10.4,POINT (1439065.6853479526 5861818.118005808),3.0,14.54455700121554,-3.910923000000139,15.06119042684004,-15.050417737039702,5.02039680894668,3.3186324192928724,1.1062108064309575,-0.2626793433118969,-2.547352071296458,496.01842315773683,121.0,Discesa,,Valvan,Ravasacletto,281.31666666666666,18.07342851220805,Valvan-Ravasacletto,0.05000000000001137,8
38,1734875930.0,46.505975,12.927267,1616.428292,2.2,10.4,POINT (1439056.7797886892 5861806.149532569),4.0,14.918221659642487,-2.5565319999998337,15.135692694860364,-9.72430482780798,3.783923173715091,-1.2364736352315893,-0.3091184088078973,-0.1697211367128295,-1.6569825660185782,506.283391026358,125.0,Discesa,,Valvan,Ravasacletto,281.3833333333333,13.622123425374328,Valvan-Ravasacletto,0.06666666666666288,8
39,1734875935.0,46.506013,12.927142,1610.881644,1.6,10.4,POINT (1439042.8648523402 5861812.29550328),5.0,15.211785220149103,-5.546648000000005,16.191470397090278,-20.033288814955117,3.2382940794180555,-0.5456290942970354,-0.10912581885940709,-0.34964684982391986,-3.360572915587604,516.7663890537005,130.0,Discesa,,Valvan,Ravasacletto,281.46666666666664,11.657858685905,Valvan-Ravasacletto,0.08333333333331439,8
40,1734875940.0,46.506092,12.927037,1607.072565,1.4,10.0,POINT (1439031.1763058067 5861825.072666664),5.0,17.316986579509067,-3.8090790000001107,17.730964638821515,-12.405341778444551,3.546192927764303,0.3078988483462477,0.06157976966924954,-0.21651405886906636,-2.107446816976151,528.6856682559373,135.0,Discesa,,Valvan,Ravasacletto,281.55,12.766294539951492,Valvan-Ravasacletto,0.08333333333337123,8
41,1734875943.0,46.506038,12.926928,1603.150667,1.4,9.9,POINT (1439019.0424813104 5861816.338907404),3.0,14.950192230040797,-3.9218979999998282,15.456051618624171,-14.699241595741546,5.152017206208057,1.6058242784437535,0.5352747594812511,-0.25655016339179526,-2.489239834941951,538.9825434682207,138.0,Discesa,,Valvan,Ravasacletto,281.6,18.547261942349003,Valvan-Ravasacletto,0.05000000000001137,8
42,1734875946.0,46.505991,12.92674,1601.252809,1.6,9.9,POINT (1438998.1144170412 5861808.737309187),3.0,22.26585209491707,-1.897858000000042,22.346588878414686,-4.871902357165409,7.448862959471562,2.296845753263505,0.765615251087835,-0.08503073696820913,-0.833146708936152,554.329029670007,141.0,Discesa,,Valvan,Ravasacletto,281.65,26.815906654097624,Valvan-Ravasacletto,0.049999999999954525,8
43,1734875948.0,46.506079,12.926541,1596.937743,2.0,10.0,POINT (1438975.9618383732 5861822.970094197),2.0,26.33075978398112,-4.315066000000115,26.681992155498328,-9.306863288123326,13.340996077749164,5.892133118277602,2.946066559138801,-0.1624354074107377,-1.5864931378925569,572.4670627610394,143.0,Discesa,,Valvan,Ravasacletto,281.68333333333334,48.02758587989699,Valvan-Ravasacletto,0.03333333333335986,8
44,1734875950.0,46.506211,12.926442,1590.682099,1.9,10.0,POINT (1438964.9412087847 5861844.319314917),2.0,24.02589232149075,-6.255643999999847,24.826932627664704,-14.594121569928967,12.413466313832352,-0.9275297639168123,-0.46376488195840615,-0.25471547283158436,-2.4718264056356345,588.9911195074019,145.0,Discesa,,Valvan,Ravasacletto,281.71666666666664,44.688478729796465,Valvan-Ravasacletto,0.03333333333330302,8
45,1734875952.0,46.506358,12.926423,1585.530159,1.8,10.0,POINT (1438962.8261384596 5861868.094644457),2.0,23.86922322235622,-5.151940000000195,24.418892337742747,-12.179889966088709,12.209446168871374,-0.2040201449609782,-0.1020100724804891,-0.21257918243886845,-2.0697307109989014,605.396761542288,147.0,Discesa,,Valvan,Ravasacletto,281.75,43.95400620793695,Valvan-Ravasacletto,0.03333333333335986,8
46,1734875954.0,46.506469,12.92645,1580.67332,2.7,9.9,POINT (1438965.8317647113 5861886.047486918),2.0,18.202701491601626,-4.856838999999809,18.83951237862263,-14.939601879629917,9.419756189311315,-2.789689979560059,-1.3948449897800295,-0.2607452417366756,-2.529024617646794,617.9084732248157,149.0,Discesa,,Valvan,Ravasacletto,281.78333333333336,33.91112228152073,Valvan-Ravasacletto,0.03333333333335986,8
47,1734875958.0,46.506574,12.926519,1576.953666,2.2,9.9,POINT (1438973.512809576 5861903.029939203),4.0,18.638726775463738,-3.7196539999999914,19.006261118118545,-11.286014161032352,4.751565279529636,-4.6681909097816785,-1.1670477274454196,-0.19697810653672004,-1.9198834275308583,630.7257017634547,153.0,Discesa,,Valvan,Ravasacletto,281.85,17.10563500630669,Valvan-Ravasacletto,0.06666666666666288,8
48,1734875961.0,46.506654,12.926597,1575.505306,1.4,9.9,POINT (1438982.1957298575 5861915.968972484),3.0,15.582415950806535,-1.4483600000000934,15.649582536079043,-5.31029121401411,5.216527512026348,0.46496223249671154,0.1549874108322372,-0.09268206592427307,-0.9079099437473424,641.4460034119911,156.0,Discesa,,Valvan,Ravasacletto,281.9,18.77949904329485,Valvan-Ravasacletto,0.049999999999954525,8
49,1734875964.0,46.506762,12.926692,1573.553228,1.6,9.9,POINT (1438992.771081483 5861933.436697621),3.0,20.41958578111553,-1.9520780000000286,20.51268124820399,-5.4607849046740355,6.837560416067997,1.6210329040416491,0.5403443013472163,-0.09530867632976661,-0.9335632406259408,655.4922339232726,159.0,Discesa,,Valvan,Ravasacletto,281.95,24.61521749784479,Valvan-Ravasacletto,0.05000000000001137,8
50,1734875966.0,46.506853,12.926739,1571.612728,1.6,9.9,POINT (1438998.0030975505 5861948.15490037),2.0,15.62048284461692,-1.940499999999929,15.74055350198878,-7.081455523987788,7.87027675099439,1.032716334926393,0.5163581674631965,-0.1235947147271272,-1.2093796445972576,666.2318832675592,161.0,Discesa,,Valvan,Ravasacletto,281.98333333333335,28.332996303579804,Valvan-Ravasacletto,0.03333333333335986,8
51,1734875968.0,46.506967,12.926771,1568.493436,1.5,10.0,POINT (1439001.565321256 5861966.5931232),2.0,18.779177268008162,-3.1192920000000868,19.036477653298654,-9.430938987411645,9.518238826649327,1.6479620756549371,0.8239810378274686,-0.16460093688503327,-1.6074535992060706,679.1400812244028,163.0,Discesa,,Valvan,Ravasacletto,282.01666666666665,34.26565977593758,Valvan-Ravasacletto,0.03333333333330302,8
52,1734875970.0,46.507057,12.926848,1565.712431,1.3,10.1,POINT (1439010.1369220468 5861981.14964222),2.0,16.892737672742374,-2.78100500000005,17.120121929767752,-9.34859305637761,8.560060964883876,-0.958177861765451,-0.4790889308827255,-0.16316372926286915,-1.5935435017296393,690.7597990424474,165.0,Discesa,,Valvan,Ravasacletto,282.05,30.816219473581953,Valvan-Ravasacletto,0.03333333333335986,8
53,1734875972.0,46.50718,12.926892,1562.976034,1.5,10.2,POINT (1439015.034979642 5862001.043590524),2.0,20.48804889065805,-2.736396999999897,20.669978613622295,-7.607439425358538,10.334989306811147,1.7749283419272714,0.8874641709636357,-0.13277486561853188,-1.298697742836935,704.843519615446,167.0,Discesa,,Valvan,Ravasacletto,282.0833333333333,37.20596150452013,Valvan-Ravasacletto,0.03333333333330302,8
54,1734875974.0,46.507281,12.926882,1559.622288,1.7,10.4,POINT (1439013.921784734 5862017.3793053115),2.0,16.37360010851126,-3.353746000000001,16.713539204667452,-11.57558195712089,8.356769602333726,-1.9782197044774215,-0.9891098522387107,-0.20203201798620862,-1.9684788396470945,716.0970076549493,169.0,Discesa,,Valvan,Ravasacletto,282.1166666666667,30.084370568401415,Valvan-Ravasacletto,0.03333333333335986,8
55,1734875976.0,46.507375,12.926884,1556.249934,2.0,10.3,POINT (1439014.1444237153 5862032.582869115),2.0,15.205193864350223,-3.3723540000000867,15.574681118847673,-12.505185070501918,7.7873405594238365,-0.5694290429098894,-0.2847145214549447,-0.2182566530514977,-2.1241393314926853,726.5472904546332,171.0,Discesa,,Valvan,Ravasacletto,282.15,28.034426013925813,Valvan-Ravasacletto,0.03333333333330302,8
56,1734875978.0,46.507478,12.926946,1554.261168,1.9,10.2,POINT (1439021.0462321446 5862049.242123472),2.0,18.032351907111686,-1.9887659999999414,18.141689709193855,-6.293645749751064,9.070844854596928,1.283504295173091,0.6417521475865455,-0.10984484028730315,-1.0754122009986888,738.9464063921259,173.0,Discesa,,Valvan,Ravasacletto,282.18333333333334,32.65504147654894,Valvan-Ravasacletto,0.03333333333335986,8
57,1734875980.0,46.507586,12.926979,1551.123554,1.8,10.2,POINT (1439024.7197753408 5862066.7101134),2.0,17.85008660320615,-3.137613999999985,18.12374722166902,-9.969371377463698,9.06187361083451,-0.008971243762417203,-0.004485621881208601,-0.17399835489082396,-1.6983239152220597,751.2160883441684,175.0,Discesa,,Valvan,Ravasacletto,282.21666666666664,32.62274499900424,Valvan-Ravasacletto,0.03333333333330302,8
58,1734875982.0,46.507702,12.927003,1547.271982,3.1,10.3,POINT (1439027.3914431199 5862085.472067163),2.0,18.951219426509837,-3.851572000000033,19.338648469396926,-11.488104762346723,9.669324234698463,0.6074506238639525,0.30372531193197627,-0.200505252916991,-1.9538036166174033,764.2416974431326,177.0,Discesa,,Valvan,Ravasacletto,282.25,34.80956724491447,Valvan-Ravasacletto,0.03333333333335986,8
59,1734875984.0,46.507811,12.927032,1543.829152,3.0,10.4,POINT (1439030.619708353 5862103.10187055),2.0,17.922936809086742,-3.442829999999958,18.250609367125694,-10.873538832287274,9.125304683562847,-0.5440195511356158,-0.2720097755678079,-0.18977905396687242,-1.8505772394008952,776.5610139992204,179.0,Discesa,,Valvan,Ravasacletto,282.28333333333336,32.85109686082625,Valvan-Ravasacletto,0.03333333333335986,8
60,1734875986.0,46.50789,12.927102,1540.348144,2.2,10.4,POINT (1439038.4120727084 5862115.8794565685),2.0,14.9662168470152,-3.4810079999999743,15.365710637908858,-13.093681603074186,7.682855318954429,-1.442449364608418,-0.721224682304209,-0.22852785518145383,-2.2223956499448367,786.8558590828179,181.0,Discesa,,Valvan,Ravasacletto,282.31666666666666,27.658279148235945,Valvan-Ravasacletto,0.03333333333330302,8
61,1734875989.0,46.508018,12.927075,1534.836394,1.6,10.2,POINT (1439035.4064464571 5862136.582420172),3.0,20.920002178215185,-5.51175000000012,21.633905777714514,-14.76017562748572,7.211301925904838,-0.4715533930495912,-0.15718446434986375,-0.25761366287224585,-2.4993298970405964,801.2346119121066,184.0,Discesa,,Valvan,Ravasacletto,282.3666666666667,25.960686933257417,Valvan-Ravasacletto,0.05000000000001137,8
62,1734875992.0,46.508107,12.927125,1529.738923,1.7,10.1,POINT (1439040.9724209965 5862150.977478286),3.0,15.433657074096164,-5.097470999999814,16.25367593120515,-18.277499129776125,5.4178919770683835,-1.7934099488364543,-0.5978033162788181,-0.31900253884499175,-3.0766080683319244,811.8461748400441,187.0,Discesa,,Valvan,Ravasacletto,282.4166666666667,19.504411117446182,Valvan-Ravasacletto,0.05000000000001137,8
63,1734875995.0,46.508216,12.927141,1523.323093,1.5,10.0,POINT (1439042.7535328495 5862168.607413029),3.0,17.719677154983877,-6.415830000000142,18.845419418674645,-19.903992020766548,6.281806472891549,0.863914495823165,0.2879714986077217,-0.34739019505305585,-3.3397660673782856,824.0248212860752,190.0,Discesa,,Valvan,Ravasacletto,282.46666666666664,22.614503302409574,Valvan-Ravasacletto,0.049999999999954525,8
64,1734875999.0,46.508341,12.92715,1515.69818,1.5,10.1,POINT (1439043.7554082663 5862188.825271621),4.0,20.242666830211174,-7.624912999999879,21.631108585934722,-20.640153352505532,5.407777146483681,-0.874029326407868,-0.218507331601967,-0.36023863411776735,-3.4580010651250928,837.9371359199577,194.0,Discesa,,Valvan,Ravasacletto,282.53333333333336,19.46799772734125,Valvan-Ravasacletto,0.06666666666671972,8
65,1734876002.0,46.508426,12.92724,1509.641921,2.4,10.1,POINT (1439053.7741624378 5862202.57344202),3.0,17.011396899450585,-6.056259000000182,18.05729485680843,-19.59633243635232,6.0190982856028095,0.6113211391191289,0.20377371303970962,-0.34202052232971014,-3.2901883289345952,849.6415192557906,197.0,Discesa,,Valvan,Ravasacletto,282.5833333333333,21.668753828170114,Valvan-Ravasacletto,0.049999999999954525,8
66,1734876007.0,46.508527,12.927196,1503.045243,1.8,10.2,POINT (1439048.876104843 5862218.90953127),5.0,17.054582380545273,-6.5966779999998835,18.285921929464966,-21.146369607171085,3.657184385892993,-2.3619138997098164,-0.47238277994196326,-0.36907377448879536,-3.5389744870190603,861.3656943192545,202.0,Discesa,,Valvan,Ravasacletto,282.6666666666667,13.165863789214775,Valvan-Ravasacletto,0.08333333333337123,8
67,1734876010.0,46.508635,12.927236,1496.290899,3.2,10.3,POINT (1439053.3288844747 5862236.377858306),3.0,18.026915872901217,-6.754343999999946,19.25073657705058,-20.540022718049332,6.4169121923501935,2.7597278064572004,0.9199092688190668,-0.35849102486439577,-3.4419521754294995,873.7574262166308,205.0,Discesa,,Valvan,Ravasacletto,282.71666666666664,23.100883892460697,Valvan-Ravasacletto,0.049999999999954525,8
68,1734876013.0,46.508732,12.927177,1491.396664,2.3,10.3,POINT (1439046.7610345178 5862252.0670334725),3.0,17.008435273474664,-4.894234999999981,17.69859900351443,-16.05335246388558,5.899533001171477,-0.5173791911787164,-0.1724597303929055,-0.28018385647794747,-2.7127822569722007,885.4523227941972,208.0,Discesa,,Valvan,Ravasacletto,282.76666666666665,21.238318804217318,Valvan-Ravasacletto,0.05000000000001137,8
69,1734876016.0,46.508811,12.927265,1486.761492,1.6,10.3,POINT (1439056.5571497076 5862264.844835995),3.0,16.10081085257501,-4.635172000000011,16.754728573748405,-16.06028335552968,5.584909524582802,-0.3146234765886753,-0.10487449219622509,-0.280304823357236,-2.713922646962178,896.530939729746,211.0,Discesa,,Valvan,Ravasacletto,282.81666666666666,20.105674288498086,Valvan-Ravasacletto,0.05000000000001137,8
70,1734876019.0,46.508924,12.927169,1482.875155,1.8,10.3,POINT (1439045.8704785914 5862283.121978214),3.0,21.17212476931443,-3.8863370000001396,21.5258561391873,-10.401374332464577,7.1752853797291,1.5903758551462985,0.5301252850487662,-0.1815382288339342,-1.7711242574271315,911.0936277535366,214.0,Discesa,,Valvan,Ravasacletto,282.8666666666667,25.831027367024763,Valvan-Ravasacletto,0.05000000000001137,8
71,1734876021.0,46.509027,12.927252,1479.81046,1.6,10.2,POINT (1439055.1099963272 5862299.781707321),2.0,19.050334955530392,-3.064695000000029,19.295274482653216,-9.139071633288296,9.647637241326608,2.4723518615975077,1.2361759307987539,-0.15950689057649658,-1.5581358004017476,924.1960552160235,216.0,Discesa,,Valvan,Ravasacletto,282.9,34.73149406877579,Valvan-Ravasacletto,0.03333333333330302,8
72,1734876023.0,46.509139,12.927268,1476.167163,1.6,10.2,POINT (1439056.89110818 5862317.89717674),2.0,18.20281823463941,-3.6432969999998477,18.563841324293012,-11.318204918299365,9.281920662146506,-0.36571657918010203,-0.18285828959005102,-0.19753994123973972,-1.9252881419120658,936.7065308828096,218.0,Discesa,,Valvan,Ravasacletto,282.93333333333334,33.41491438372742,Valvan-Ravasacletto,0.03333333333335986,8
73,1734876025.0,46.509263,12.927297,1472.991064,1.4,10.2,POINT (1439060.119373413 5862337.953632852),2.0,20.314603815974476,-3.176099000000022,20.561389375667343,-8.886006222352027,10.280694687833671,0.9987740256871653,0.49938701284358267,-0.1550900659327462,-1.5153417223289642,950.6690693690616,220.0,Discesa,,Valvan,Ravasacletto,282.96666666666664,37.01050087620122,Valvan-Ravasacletto,0.03333333333330302,8
74,1734876027.0,46.50938,12.927289,1468.839362,1.8,10.2,POINT (1439059.2288174867 5862356.877911622),2.0,18.945221476908433,-4.151702000000114,19.394794309451118,-12.36054368463629,9.697397154725559,-0.5832975331081123,-0.29164876655405614,-0.21573218463349492,-2.0999550688791886,963.6894225007636,222.0,Discesa,,Valvan,Ravasacletto,283.0,34.91062975701201,Valvan-Ravasacletto,0.03333333333335986,8
75,1734876029.0,46.50948,12.92724,1464.076018,1.9,10.1,POINT (1439053.7741624378 5862373.052541151),2.0,17.069619272354668,-4.763343999999961,17.72177610076026,-15.591968017214745,8.86088805038013,-0.8365091043454296,-0.4182545521727148,-0.2721311787660492,-2.636778863152152,975.424466815828,224.0,Discesa,,Valvan,Ravasacletto,283.03333333333336,31.899196981368465,Valvan-Ravasacletto,0.03333333333335986,8
76,1734876031.0,46.509596,12.927302,1461.773787,2.1,10.0,POINT (1439060.675970867 5862391.815148681),2.0,19.991758325499177,-2.3022309999998924,20.123883037886255,-6.5691876509198535,10.061941518943128,1.201053468562998,0.600526734281499,-0.11465395368990335,-1.1222926543291611,989.1691497438223,226.0,Discesa,,Valvan,Ravasacletto,283.06666666666666,36.22298946819526,Valvan-Ravasacletto,0.03333333333330302,8
77,1734876033.0,46.50969,12.927305,1456.470131,1.9,10.2,POINT (1439061.0099293394 5862407.019360018),2.0,15.207878570926848,-5.303656000000046,16.106158374807833,-19.225909749389356,8.053079187403917,-2.008862331539211,-1.0044311657696054,-0.3355554268181221,-3.2303709021873583,999.6208457514294,228.0,Discesa,,Valvan,Ravasacletto,283.1,28.9910850746541,Valvan-Ravasacletto,0.03333333333335986,8
78,1734876035.0,46.509783,12.927413,1453.405216,2.7,10.5,POINT (1439073.032434345 5862422.061850303),2.0,19.2566129051922,-3.064914999999928,19.498995987938436,-9.04343794225779,9.749497993969218,1.6964188065653012,0.8482094032826506,-0.15783776779217928,-1.5419674001983399,1012.8714965065519,230.0,Discesa,,Valvan,Ravasacletto,283.1333333333333,35.09819277828919,Valvan-Ravasacletto,0.03333333333330302,8
79,1734876037.0,46.509914,12.927465,1448.333126,3.3,10.6,POINT (1439078.8210478663 5862443.25077813),2.0,21.965397992602327,-5.072090000000117,22.54339827846546,-13.002422693026956,11.27169913923273,1.5222011452635122,0.7611005726317561,-0.22693508672934834,-2.207174015442544,1027.9706058235824,232.0,Discesa,,Valvan,Ravasacletto,283.1666666666667,40.57811690123783,Valvan-Ravasacletto,0.03333333333335986,8
80,1734876039.0,46.51006,12.927563,1445.623294,3.3,10.7,POINT (1439089.730357964 5862466.865979242),2.0,26.013280653634826,-2.709832000000006,26.154042896519766,-5.947114207150799,13.077021448259883,1.8053223090271526,0.9026611545135763,-0.10379672390691354,-1.0164184568014696,1045.8582829118968,234.0,Discesa,,Valvan,Ravasacletto,283.2,47.07727721373558,Valvan-Ravasacletto,0.03333333333330302,8
81,1734876041.0,46.510191,12.927742,1443.046457,2.4,10.9,POINT (1439109.656546816 5862488.055015053),2.0,29.0865646088205,-2.5768370000000687,29.200485093019577,-5.062730421688341,14.600242546509788,1.5232210982499055,0.7616105491249527,-0.0883613149993425,-0.8656969529606756,1065.8779464345935,236.0,Discesa,,Valvan,Ravasacletto,283.23333333333335,52.56087316743524,Valvan-Ravasacletto,0.03333333333335986,8
82,1734876043.0,46.510318,12.927924,1439.171617,1.7,11.1,POINT (1439129.9166941405 5862508.597106161),2.0,28.852228279598457,-3.874839999999949,29.11126005042826,-7.649027129916412,14.55563002521413,-0.04461252129565807,-0.022306260647829035,-0.13350070799141345,-1.305755241585302,1085.7377794626882,238.0,Discesa,,Valvan,Ravasacletto,283.26666666666665,52.40026809077087,Valvan-Ravasacletto,0.03333333333330302,8
83,1734876044.0,46.510391,12.928011,1437.296013,1.8,11.1,POINT (1439139.6014898394 5862520.404786553),1.0,15.271430318838435,-1.8756040000000667,15.386178029255804,-7.001878109004269,15.386178029255804,0.830548004041674,0.830548004041674,-0.12220582682543892,-1.1958574250873013,1096.2464864209032,239.0,Discesa,,Valvan,Ravasacletto,283.28333333333336,55.390240905320894,Valvan-Ravasacletto,0.016666666666708352,8
84,1734876045.0,46.510459,12.928098,1436.268086,1.7,11.0,POINT (1439149.2862855385 5862531.403735979),1.0,14.655106830509547,-1.0279269999998633,14.691112623997418,-4.012224435970168,14.691112623997418,-0.6950654052583864,-0.6950654052583864,-0.07002652673665184,-0.6863989221297546,1106.3321813334915,240.0,Discesa,,Valvan,Ravasacletto,283.3,52.88800544639071,Valvan-Ravasacletto,0.01666666666665151,8
85,1734876046.0,46.510526,12.928188,1435.783049,1.7,10.9,POINT (1439159.30503971 5862542.240949609),1.0,14.75874772488865,-0.4850370000001476,14.766715792561156,-1.882312427644542,14.766715792561156,0.07560316856373817,0.07560316856373817,-0.03285254941360479,-0.3222255399808287,1116.4899700688547,241.0,Discesa,,Valvan,Ravasacletto,283.31666666666666,53.160176853220165,Valvan-Ravasacletto,0.01666666666665151,8
86,1734876047.0,46.510582,12.928291,1433.692951,1.8,10.8,POINT (1439170.7709472615 5862551.298929459),1.0,14.612119454281551,-2.090097999999898,14.760844982445853,-8.140294309790733,14.760844982445853,-0.00587081011530266,-0.00587081011530266,-0.14207493778720756,-1.38907097827956,1126.5517950485955,242.0,Discesa,,Valvan,Ravasacletto,283.3333333333333,53.13904193680507,Valvan-Ravasacletto,0.01666666666665151,8
87,1734876048.0,46.510621,12.928419,1432.529656,1.6,10.7,POINT (1439185.019842083 5862557.607170939),1.0,15.582840376771843,-1.163295000000062,15.626201376693441,-4.2693429646426475,15.626201376693441,0.8653563942475877,0.8653563942475877,-0.07451409162987005,-0.7303069808777425,1137.2895724748232,243.0,Discesa,,Valvan,Ravasacletto,283.35,56.25432495609639,Valvan-Ravasacletto,0.016666666666708352,8
88,1734876049.0,46.510638,12.928556,1431.152013,1.6,10.6,POINT (1439200.2706123218 5862560.356918641),1.0,15.496680460590458,-1.3776430000000346,15.55779565147631,-5.080195861591526,15.55779565147631,-0.06840572521713106,-0.06840572521713106,-0.08866614443096227,-0.8686756229966233,1147.972468719934,244.0,Discesa,,Valvan,Ravasacletto,283.3666666666667,56.008064345314715,Valvan-Ravasacletto,0.01666666666665151,8
89,1734876051.0,46.510636,12.928816,1429.26955,1.6,10.5,POINT (1439229.2136799279 5862560.033418867),2.0,28.94487544547127,-1.882462999999916,29.00602491725149,-3.7210559817103674,14.503012458625745,-1.0547831928505644,-0.5273915964252822,-0.06494467853187581,-0.6366595244498963,1167.928088961482,246.0,Discesa,,Valvan,Ravasacletto,283.4,52.210844851052684,Valvan-Ravasacletto,0.03333333333330302,8
90,1734876052.0,46.510644,12.92895,1428.155805,1.7,10.6,POINT (1439244.1304916944 5862561.327418036),1.0,14.97283230149419,-1.1137449999998807,15.014197782555435,-4.25407717254547,15.014197782555435,0.5111853239296895,0.5111853239296895,-0.07424765329484938,-0.7277004478183475,1178.2506473752583,247.0,Discesa,,Valvan,Ravasacletto,283.4166666666667,54.051112017199564,Valvan-Ravasacletto,0.016666666666708352,8
91,1734876054.0,46.510663,12.929196,1426.007434,1.8,10.6,POINT (1439271.5150864294 5862564.4006668255),2.0,27.55650353224723,-2.1483709999999974,27.640122736275885,-4.457898855968145,13.820061368137942,-1.1941364144174926,-0.5970682072087463,-0.07780501275753261,-0.7624973199681099,1197.2483260126173,249.0,Discesa,,Valvan,Ravasacletto,283.45,49.75222092529659,Valvan-Ravasacletto,0.03333333333330302,8
92,1734876056.0,46.51074,12.929399,1423.152849,1.9,10.6,POINT (1439294.1129430605 5862576.855422919),2.0,25.802791974092344,-2.854585000000043,25.960214351590192,-6.313009372906681,12.980107175795096,-0.8399541923428462,-0.4199770961714231,-0.11018279926648408,-1.0787075357212936,1215.0244965187521,251.0,Discesa,,Valvan,Ravasacletto,283.48333333333335,46.728385832862344,Valvan-Ravasacletto,0.03333333333335986,8
93,1734876058.0,46.510834,12.929562,1421.137017,2.1,10.6,POINT (1439312.25802006 5862592.059954276),2.0,23.673225236975963,-2.015832000000046,23.758896686774406,-4.86713218195382,11.879448343387203,-1.100658832407893,-0.5503294162039465,-0.08494748170486989,-0.832332922723998,1231.3242135813925,253.0,Discesa,,Valvan,Ravasacletto,283.51666666666665,42.76601403619393,Valvan-Ravasacletto,0.03333333333330302,8
94,1734876060.0,46.510867,12.929758,1420.465162,2.0,10.5,POINT (1439334.0766402553 5862597.397721521),2.0,22.46205570255583,-0.6718550000000505,22.472101270814573,-1.7132440125796824,11.236050635407286,-0.6433977079799167,-0.32169885398995834,-0.029901748909594607,-0.2932924460677988,1246.80751579551,255.0,Discesa,,Valvan,Ravasacletto,283.55,40.449782287466235,Valvan-Ravasacletto,0.03333333333335986,8
95,1734876066.0,46.510839,12.929885,1415.616326,3.4,11.2,POINT (1439348.214215586 5862592.86870668),6.0,14.8453026799081,-4.848835999999892,15.617113120323538,-18.088293888505376,2.6028521867205896,-8.633198448686697,-1.4388664081144495,-0.3157002844227869,-3.045830608609532,1257.0393289567874,261.0,Discesa,,Valvan,Ravasacletto,283.65,9.370267872194123,Valvan-Ravasacletto,0.0999999999999659,8
96,1734876075.0,46.51085,12.930026,1415.835306,1.7,10.9,POINT (1439363.910263788 5862594.647962231),9.0,15.796571763394528,0.21897999999987405,15.798089495773635,0.7942119586105315,1.7553432773081816,-0.847508909412408,-0.09416765660137866,0.013861613636466704,0.13597807510670562,1267.92956781236,270.0,Discesa,,Valvan,Ravasacletto,283.8,6.319235798309454,Valvan-Ravasacletto,0.1500000000000341,8
97,1734876078.0,46.510876,12.930161,1415.025483,1.7,10.7,POINT (1439378.938395045 5862598.853476787),3.0,15.605482426313122,-0.8098230000000513,15.62648057143056,-2.970613514769554,5.20882685714352,3.4534835798353383,1.151161193278446,-0.05184698663696992,-0.5083910989224889,1278.6860160810247,273.0,Discesa,,Valvan,Ravasacletto,283.85,18.75177668571667,Valvan-Ravasacletto,0.05000000000001137,8
98,1734876083.0,46.510873,12.930315,1413.264984,1.9,10.6,POINT (1439396.0815966271 5862598.3682250045),5.0,17.15006792342399,-1.7604989999999816,17.240191022928293,-5.861031079589975,3.4480382045856586,-1.7607886525578613,-0.3521577305115723,-0.10229428990056288,-1.0017577628363412,1290.5098022254824,278.0,Discesa,,Valvan,Ravasacletto,283.93333333333334,12.412937536508371,Valvan-Ravasacletto,0.08333333333331439,8
99,1734876086.0,46.51092,12.930427,1412.567401,2.0,10.4,POINT (1439408.549379596 5862605.970505999),3.0,14.60274934676229,-0.697582999999895,14.619401852547023,-2.734978129033269,4.873133950849008,1.4250957462633491,0.4750319154211164,-0.04773437332166486,-0.4680963899221854,1300.5687375703565,281.0,Discesa,,Valvan,Ravasacletto,283.98333333333335,17.54328222305643,Valvan-Ravasacletto,0.05000000000001137,8
100,1734876090.0,46.510917,12.93058,1410.680757,3.0,10.4,POINT (1439425.5812616874 5862605.485253824),4.0,17.038793303811865,-1.886643999999933,17.14292573724683,-6.318416506547936,4.285731434311708,-0.5874025165373,-0.146850629134325,-0.11027717155161934,-1.0796277090430737,1312.3157976864677,285.0,Discesa,,Valvan,Ravasacletto,284.05,15.428633163522148,Valvan-Ravasacletto,0.06666666666666288,8
101,1734876097.0,46.511009,12.930684,1407.536198,1.7,10.4,POINT (1439437.1584887297 5862620.366332702),7.0,18.854142636948648,-3.144559000000072,19.11457417466804,-9.468832564531542,2.7306534535240057,-1.555077980787702,-0.222153997255386,-0.16526230457113386,-1.6138535710035737,1325.2886870551592,292.0,Discesa,,Valvan,Ravasacletto,284.1666666666667,9.830352432686421,Valvan-Ravasacletto,0.11666666666667425,8
102,1734876105.0,46.511062,12.930791,1403.025419,1.8,10.7,POINT (1439449.0696742446 5862628.939139578),8.0,14.675467900197907,-4.510778999999957,15.353061104437113,-17.08578790114933,1.9191326380546392,-0.8115208154693665,-0.10144010193367081,-0.2982032541724673,-2.882209722803154,1335.3954290390684,300.0,Discesa,,Valvan,Ravasacletto,284.3,6.908877496996701,Valvan-Ravasacletto,0.13333333333332575,8
103,1734876116.0,46.511125,12.930901,1400.853141,2.9,11.4,POINT (1439461.314818232 5862639.12946806),11.0,15.930673113711725,-2.1722780000000057,16.078094960697978,-7.764860539526032,1.461644996427089,-0.4574876416275502,-0.041589785602504564,-0.13552238237291256,-1.3254087149062932,1346.3642244786388,311.0,Discesa,,Valvan,Ravasacletto,284.48333333333335,5.26192198713752,Valvan-Ravasacletto,0.18333333333333712,8
104,1734876123.0,46.511202,12.930988,1398.458428,1.9,11.6,POINT (1439470.999613931 5862651.584330022),7.0,15.777162426330605,-2.394713000000138,15.957866542216347,-8.630678013734746,2.279695220316621,0.8180502238895322,0.1168643176985046,-0.15063374801915572,-1.4721350418524426,1357.2199012740384,318.0,Discesa,,Valvan,Ravasacletto,284.6,8.206902793139836,Valvan-Ravasacletto,0.11666666666667425,8
105,1734876127.0,46.511293,12.931023,1394.501375,2.0,11.2,POINT (1439474.8957961088 5862666.303735093),4.0,15.226329866496947,-3.95705299999986,15.732113324286246,-14.567897105438108,3.9330283310715615,1.6533331107549403,0.41333327768873507,-0.25425776958164653,-2.467480949941594,1367.6861462565575,322.0,Discesa,,Valvan,Ravasacletto,284.6666666666667,14.158901991857622,Valvan-Ravasacletto,0.06666666666666288,8
106,1734876255.0,46.511381,12.930988,1390.068262,2.8,10.1,POINT (1439470.999613931 5862680.537908491),128.0,14.757775166800192,-4.4331130000000485,15.409231607857475,-16.71983109137438,0.12038462193638652,-3.812643709135175,-0.029786278977618555,-0.2918161029217998,-2.822258736628026,1377.8304373964493,450.0,Discesa,,Valvan,Ravasacletto,286.8,0.4333846389709915,Valvan-Ravasacletto,2.1333333333333258,8
107,1734876268.0,46.511475,12.931035,1387.044996,3.1,10.6,POINT (1439476.2316299982 5862695.742619167),13.0,16.079714514849055,-3.0232659999999214,16.361459476030948,-10.648290222071772,1.2585738058485345,1.138189183912148,0.08755301414708831,-0.1858477240830706,-1.8126891126948468,1388.8846706565237,463.0,Discesa,,Valvan,Ravasacletto,287.01666666666665,4.530865701054724,Valvan-Ravasacletto,0.21666666666664014,8
108,1734876277.0,46.511573,12.931097,1384.352621,4.5,10.7,POINT (1439483.1334384275 5862711.594366809),9.0,17.289096648138802,-2.6923750000000837,17.497478276863493,-8.85139183631899,1.9441642529848326,0.6855904471362981,0.07617671634847757,-0.15448593092791338,-1.5094860146176068,1400.772321431832,472.0,Discesa,,Valvan,Ravasacletto,287.1666666666667,6.998991310745398,Valvan-Ravasacletto,0.1500000000000341,8
109,1734876280.0,46.511657,12.931143,1381.018955,3.0,10.4,POINT (1439488.254135004 5862725.181601824),3.0,14.520140797484537,-3.333665999999994,14.897913202134413,-12.930402299326438,4.965971067378137,3.0218068143933046,1.0072689381311015,-0.22567809373069173,-2.1951573362177044,1410.754958978614,475.0,Discesa,,Valvan,Ravasacletto,287.21666666666664,17.877495842561295,Valvan-Ravasacletto,0.049999999999954525,8
110,1734876284.0,46.511768,12.93119,1376.518855,3.3,10.5,POINT (1439493.4861510715 5862743.136194587),4.0,18.70137410454613,-4.500099999999975,19.235183737312944,-13.529825085383703,4.808795934328236,-0.15717513304990138,-0.039293783262475346,-0.23613999495886853,-2.295064170058545,1423.6102896374869,479.0,Discesa,,Valvan,Ravasacletto,287.28333333333336,17.31166536358165,Valvan-Ravasacletto,0.06666666666671972,8
111,1734876287.0,46.511859,12.931234,1374.458086,3.2,10.3,POINT (1439498.3842086662 5862757.855752946),3.0,15.513103058004921,-2.0607689999999366,15.649381309164985,-7.566899834995481,5.216460436388329,0.40766450206009264,0.1358881673533642,-0.13206731628928678,-1.2918174521161352,1434.2747119974447,482.0,Discesa,,Valvan,Ravasacletto,287.3333333333333,18.779257570997984,Valvan-Ravasacletto,0.049999999999954525,8
112,1734876291.0,46.511948,12.931211,1371.938703,5.9,10.2,POINT (1439495.8238603778 5862772.251828368),4.0,14.621982454925998,-2.5193830000000617,14.837441208404266,-9.776133956610126,3.7093603021010666,-1.507100134287262,-0.3767750335718155,-0.17062572565886716,-1.6657284017409542,1444.3243032916944,486.0,Discesa,,Valvan,Ravasacletto,287.4,13.35369708756384,Valvan-Ravasacletto,0.06666666666666288,8
113,1734876301.0,46.511999,12.93109,1351.124937,5.0,10.7,POINT (1439482.3542019918 5862780.50127547),10.0,15.795096534010712,-20.813765999999987,26.128488850706095,-52.805959178361995,2.6128488850706093,-1.0965114170304573,-0.10965114170304573,-0.9216378523361364,-7.814575332950495,1455.2042982865241,496.0,Discesa,,Valvan,Ravasacletto,287.56666666666666,9.406255986254195,Valvan-Ravasacletto,0.16666666666668561,8
114,1734876306.0,46.512002,12.93095,1337.012166,3.4,11.4,POINT (1439466.7694732808 5862780.986537305),5.0,15.592281681836855,-14.112771000000066,21.030681238233534,-42.14864246906211,4.206136247646707,1.5932873625760973,0.3186574725152195,-0.735632586331046,-6.583062238531147,1465.9538707815664,501.0,Discesa,,Valvan,Ravasacletto,287.65,15.142090491528144,Valvan-Ravasacletto,0.08333333333331439,8
115,1734876311.0,46.511928,12.930831,1344.760222,4.2,12.6,POINT (1439453.5224538764 5862769.016753184),5.0,17.85383026138297,7.748056000000133,19.462569891497175,23.45947614578742,3.892513978299435,-0.31362226934727166,-0.06272445386945433,0.40944509953705976,3.9053644911100838,1478.2450493827273,506.0,Discesa,,Valvan,Ravasacletto,287.73333333333335,14.013050321877966,Valvan-Ravasacletto,0.08333333333337123,8
116,1734876314.0,46.511981,12.9307,1340.856288,3.8,12.6,POINT (1439438.9396005825 5862777.589705018),3.0,16.916119926061196,-3.903934000000163,17.360754995945364,-12.99530502536418,5.786918331981788,1.894404353682353,0.6314681178941176,-0.22681085999357017,-2.205986580016023,1489.8978238921773,509.0,Discesa,,Valvan,Ravasacletto,287.78333333333336,20.832905995134436,Valvan-Ravasacletto,0.05000000000001137,8
117,1734876320.0,46.511969,12.930567,1331.311217,4.2,11.4,POINT (1439424.134108307 5862775.648658589),6.0,14.932188813291315,-9.545071000000007,17.722264052621025,-32.58784674697203,2.9537106754368376,-2.83320765654495,-0.472201276090825,-0.5687652218699855,-5.283588272467459,1500.1918015004412,515.0,Discesa,,Valvan,Ravasacletto,287.8833333333333,10.633358431572615,Valvan-Ravasacletto,0.0999999999999659,8
118,1734876324.0,46.511912,12.930411,1323.984328,3.5,11.0,POINT (1439406.7682677433 5862766.428693897),4.0,19.661642032528174,-7.326888999999937,20.982456239287114,-20.437853065706488,5.245614059821778,2.291903384384941,0.5729758460962352,-0.3567078280353952,-3.425565637802632,1513.7374414204896,519.0,Discesa,,Valvan,Ravasacletto,287.95,18.884210615358402,Valvan-Ravasacletto,0.06666666666666288,8
119,1734876327.0,46.511943,12.930236,1321.452205,4.2,11.1,POINT (1439387.2873568546 5862771.443059461),3.0,20.115907910446822,-2.532122999999956,20.27464914489782,-7.174466323592085,6.758216381632606,1.512602321810828,0.5042007739369426,-0.1252180594201348,-1.225181577864723,1527.6029988070732,522.0,Discesa,,Valvan,Ravasacletto,288.0,24.329578973877382,Valvan-Ravasacletto,0.05000000000001137,8
120,1734876331.0,46.512116,12.930129,1298.355938,4.2,12.0,POINT (1439375.3761713398 5862799.426506895),4.0,30.412985230498457,-23.096267000000125,38.188836326416286,-37.213808582969705,9.547209081604072,2.788992699971465,0.6972481749928663,-0.6495034869797468,-5.933000349457451,1548.513791568541,526.0,Discesa,,Valvan,Ravasacletto,288.06666666666666,34.36995269377466,Valvan-Ravasacletto,0.06666666666666288,8
121,1734876334.0,46.512213,12.930143,1302.851967,3.4,12.1,POINT (1439376.9346442106 5862815.116686917),3.0,15.767389981236498,4.496029000000135,16.395879469831417,15.915358352852838,5.465293156610472,-4.0819159249935995,-1.360638641664533,0.2777754048920635,2.690068841452323,1559.3498386068677,529.0,Discesa,,Valvan,Ravasacletto,288.1166666666667,19.6750553637977,Valvan-Ravasacletto,0.05000000000001137,8
122,1734876337.0,46.512327,12.930157,1306.306855,5.5,11.7,POINT (1439378.4931170817 5862833.556728097),3.0,18.505781701983445,3.4548879999999826,18.825520112177756,10.574945785233899,6.275173370725919,0.8098802141154469,0.2699600713718156,0.1845676221722287,1.8003460769232962,1572.0676961148274,532.0,Discesa,,Valvan,Ravasacletto,288.1666666666667,22.590624134613307,Valvan-Ravasacletto,0.05000000000001137,8
123,1734876340.0,46.512366,12.930011,1300.931425,5.6,11.4,POINT (1439362.2404714262 5862839.865172117),3.0,17.434017229603988,-5.375430000000051,18.243908694329438,-17.136098500285964,6.081302898109812,-0.19387047261610668,-0.06462349087203556,-0.29908133977605256,-2.8904424585500665,1584.0819514420655,535.0,Discesa,,Valvan,Ravasacletto,288.21666666666664,21.892690433195323,Valvan-Ravasacletto,0.049999999999954525,8
124,1734876342.0,46.512438,12.929927,1315.387403,6.4,11.4,POINT (1439352.8896341992 5862851.511542204),2.0,14.935732089328507,14.45597799999996,20.785845977026774,44.064857281022626,10.392922988513387,4.311620090403575,2.1558100452017874,0.769076843975241,6.822582267603462,1594.3589356030861,537.0,Discesa,,Valvan,Ravasacletto,288.25,37.4145227586482,Valvan-Ravasacletto,0.03333333333335986,8
125,1734876345.0,46.512548,12.929855,1287.004792,4.2,11.6,POINT (1439344.8746308621 5862869.304637404),3.0,19.514981816563694,-28.382610999999997,34.44426109641681,-55.48882222618103,11.48142036547227,1.0884973769588822,0.36283245898629407,-0.9684626459006687,-8.083593755447552,1607.7772245564774,540.0,Discesa,,Valvan,Ravasacletto,288.3,41.33311331570017,Valvan-Ravasacletto,0.05000000000001137,8
126,1734876348.0,46.512618,12.929765,1270.22652,10.9,11.0,POINT (1439334.8558766907 5862880.6275349185),3.0,15.118976263879023,-16.778272000000015,22.585257460868625,-47.977843871329156,7.528419153622875,-3.9530012118493945,-1.3176670706164648,-0.8373713435624764,-7.287711845002359,1618.1818252671947,543.0,Discesa,,Valvan,Ravasacletto,288.35,27.10230895304235,Valvan-Ravasacletto,0.05000000000001137,8
127,1734876351.0,46.512616,12.929595,1265.052381,10.9,10.8,POINT (1439315.931563256 5862880.304023358),3.0,18.92707845130767,-5.174138999999968,19.621570097555285,-15.289511911454705,6.540523365851762,-0.9878957877711132,-0.3292985959237044,-0.2668523238777763,-2.5868624853993625,1631.230341367118,546.0,Discesa,,Valvan,Ravasacletto,288.4,23.545884117066343,Valvan-Ravasacletto,0.049999999999954525,8
128,1734876354.0,46.512666,12.92939,1260.090486,8.6,10.6,POINT (1439293.1110676434 5862888.391815929),3.0,24.211307454893014,-4.961894999999913,24.714526308759837,-11.581894422484675,8.238175436253279,1.6976520704015172,0.5658840234671724,-0.20214219129072475,-1.9695376452651783,1647.915947688125,549.0,Discesa,,Valvan,Ravasacletto,288.45,29.657431570511804,Valvan-Ravasacletto,0.05000000000001137,8
129,1734876356.0,46.512665,12.929258,1254.506203,10.6,10.5,POINT (1439278.4168948587 5862888.230060005),2.0,14.695063075917538,-5.584283000000141,15.720340181729071,-20.807332831388347,7.8601700908645356,-0.3780053453887433,-0.18900267269437165,-0.3631564664660408,-3.4847729499945195,1658.0468667947353,551.0,Discesa,,Valvan,Ravasacletto,288.48333333333335,28.296612327112328,Valvan-Ravasacletto,0.03333333333335986,8
130,1734876359.0,46.512695,12.929104,1251.316208,9.7,10.6,POINT (1439261.2736932766 5862893.082739028),3.0,17.81678574241091,-3.1899949999999535,18.100108350255848,-10.150929117702514,6.033369450085282,-1.8268006407792532,-0.6089335469264178,-0.1771671352404719,-1.7289316917021225,1670.3270383498675,554.0,Discesa,,Valvan,Ravasacletto,288.53333333333336,21.720130020307018,Valvan-Ravasacletto,0.05000000000001137,8
131,1734876362.0,46.512742,12.928946,1255.866048,3.7,10.7,POINT (1439243.6852137311 5862900.685274886),3.0,19.16124119647633,4.549840000000131,19.69401452764628,13.357515867590422,6.564671509215427,0.5313020591301445,0.17710068637671483,0.2331326317768398,2.266370339949967,1683.5303685122126,557.0,Discesa,,Valvan,Ravasacletto,288.5833333333333,23.632817433175536,Valvan-Ravasacletto,0.049999999999954525,8
132,1734876365.0,46.512692,12.928764,1250.679638,4.7,10.6,POINT (1439223.4250664068 5862892.597471005),3.0,21.81481471877886,-5.1864100000000235,22.422867566454364,-13.373622183641476,7.474289188818122,0.9096176796026949,0.3032058932008983,-0.2334137400222975,-2.2690533201969703,1698.563136755176,560.0,Discesa,,Valvan,Ravasacletto,288.6333333333333,26.90744107974524,Valvan-Ravasacletto,0.05000000000001137,8
133,1734876368.0,46.512777,12.92865,1236.495963,5.2,10.7,POINT (1439210.7346444563 5862906.34674203),3.0,18.710672435810928,-14.183674999999994,23.47905235536221,-37.164043472785096,7.826350785120737,0.35206159630261524,0.11735386543420508,-0.6486349219544075,-5.92621242305899,1711.4402986920832,563.0,Discesa,,Valvan,Ravasacletto,288.68333333333334,28.174862826434655,Valvan-Ravasacletto,0.05000000000001137,8
134,1734876370.0,46.512836,12.928506,1234.137014,4.0,10.7,POINT (1439194.7046377822 5862915.890366324),2.0,18.655880537705073,-2.358949000000166,18.80442817587721,-7.206539168498797,9.402214087938605,1.5758633028178677,0.7879316514089338,-0.12577783616423843,-1.2306298002556577,1724.2911190349114,565.0,Discesa,,Valvan,Ravasacletto,288.71666666666664,33.84797071657898,Valvan-Ravasacletto,0.03333333333330302,8
135,1734876372.0,46.512901,12.928366,1230.025967,6.8,11.0,POINT (1439179.1199090711 5862926.404540679),2.0,18.799777428695876,-4.111046999999871,19.24402085856048,-12.335002761389791,9.62201042928024,0.21979634134163462,0.10989817067081731,-0.21528641142884433,-2.095683192530873,1737.2389405019348,567.0,Discesa,,Valvan,Ravasacletto,288.75,34.63923754540886,Valvan-Ravasacletto,0.03333333333335986,8
136,1734876375.0,46.512967,12.928226,1222.350878,10.9,11.3,POINT (1439163.53518036 5862937.0804844275),3.0,18.890726399732614,-7.675089000000071,20.390353971117737,-22.11135241258534,6.796784657039246,-2.8252257722409935,-0.9417419240803312,-0.38591590166840584,-3.6925608646446357,1750.2491115588928,570.0,Discesa,,Valvan,Ravasacletto,288.8,24.468424765341286,Valvan-Ravasacletto,0.05000000000001137,8
137,1734876378.0,46.513003,12.928103,1216.056294,11.2,10.9,POINT (1439149.8428829925 5862942.9037319375),3.0,14.879153832322997,-6.294583999999986,16.155835060404275,-22.930654765539916,5.385278353468092,-1.4115063035711541,-0.4705021011903847,-0.40021542529679993,-3.822140347999733,1760.5018961405367,573.0,Discesa,,Valvan,Ravasacletto,288.85,19.38700207248513,Valvan-Ravasacletto,0.05000000000001137,8
138,1734876381.0,46.513037,12.927957,1210.848719,11.0,10.9,POINT (1439133.5902373365 5862948.403469238),3.0,17.157960286658312,-5.207574999999906,17.93082370052106,-16.883453710005462,5.97694123350702,0.5916628800389283,0.1972209600129761,-0.2946718563476472,-2.84907774473933,1772.3268268393804,576.0,Discesa,,Valvan,Ravasacletto,288.9,21.516988440625273,Valvan-Ravasacletto,0.049999999999954525,8
139,1734876383.0,46.513059,12.927818,1208.237925,10.4,11.1,POINT (1439118.1168281164 5862951.96212462),2.0,15.877355605237524,-2.610794000000169,16.09057694197459,-9.337871719231995,8.045288470987295,2.0683472374802747,1.0341736187401374,-0.1629766066294618,-1.5917321816590282,1783.2710103993522,578.0,Discesa,,Valvan,Ravasacletto,288.93333333333334,28.96303849555426,Valvan-Ravasacletto,0.03333333333335986,8
140,1734876385.0,46.513028,12.927661,1203.273958,10.2,11.1,POINT (1439100.6396680619 5862946.9476560885),2.0,18.1822995855849,-4.963966999999911,18.847731603486107,-15.270246223812727,9.423865801743053,1.3785773307557587,0.6892886653778794,-0.266516074195763,-2.5836804817929466,1795.8029531416323,580.0,Discesa,,Valvan,Ravasacletto,288.96666666666664,33.92591688627499,Valvan-Ravasacletto,0.03333333333330302,8
141,1734876387.0,46.513046,12.927533,1198.629165,9.7,11.1,POINT (1439086.3907732402 5862949.85928263),2.0,14.543334306552898,-4.644792999999936,15.267045384258438,-17.712237978230256,7.633522692129219,-1.7903431096138345,-0.8951715548069172,-0.3091368706169017,-2.984560416449736,1805.8279278353803,582.0,Discesa,,Valvan,Ravasacletto,289.0,27.48068169166519,Valvan-Ravasacletto,0.03333333333335986,8
142,1734876389.0,46.513089,12.927403,1199.233791,6.2,11.4,POINT (1439071.9192394372 5862956.814838825),2.0,16.056308809854738,0.604626000000053,16.06768885674897,2.1565453008218944,8.033844428374485,0.40032173624526557,0.20016086812263278,0.03763881596775363,0.3691496090621111,1816.8906249119973,584.0,Discesa,,Valvan,Ravasacletto,289.03333333333336,28.921839942148146,Valvan-Ravasacletto,0.03333333333335986,8
143,1734876391.0,46.513081,12.927248,1191.876742,5.9,12.1,POINT (1439054.6647183644 5862955.520781442),2.0,17.302978991034305,-7.357049000000188,18.802107646553306,-23.03469908132831,9.401053823276653,1.3672093949021686,0.6836046974510843,-0.4020313411752921,-3.8385404469925017,1828.8191674198752,586.0,Discesa,,Valvan,Ravasacletto,289.06666666666666,33.84379376379595,Valvan-Ravasacletto,0.03333333333330302,8
144,1734876393.0,46.513089,12.927057,1187.436431,12.5,12.3,POINT (1439033.4026956225 5862956.814838825),2.0,21.301366049749756,-4.440310999999838,21.75924073496479,-11.774801557410102,10.879620367482396,1.4785665442057425,0.7392832721028713,-0.2055090559457624,-2.001882852465665,1843.5042564078685,588.0,Discesa,,Valvan,Ravasacletto,289.1,39.166633322936626,Valvan-Ravasacletto,0.03333333333335986,8
145,1734876395.0,46.513028,12.92688,1182.344824,12.5,12.2,POINT (1439013.6991457525 5862946.9476560885),2.0,22.036133341243556,-5.091607000000067,22.616711398333656,-13.010280321219572,11.308355699166828,0.42873533168443245,0.21436766584221623,-0.227072228212707,-2.208484858399031,1858.6863979215414,590.0,Discesa,,Valvan,Ravasacletto,289.1333333333333,40.710080517000584,Valvan-Ravasacletto,0.03333333333330302,8
146,1734876397.0,46.513013,12.926712,1179.427545,3.7,12.0,POINT (1438994.997471299 5862944.521301374),2.0,18.858415218786714,-2.9172790000000077,19.082723634953357,-8.793597123144576,9.541361817476679,-1.7669938816901496,-0.8834969408450748,-0.1534772228927741,-1.4997076694848877,1871.6868090647113,592.0,Discesa,,Valvan,Ravasacletto,289.1666666666667,34.34890254291604,Valvan-Ravasacletto,0.03333333333335986,8
147,1734876399.0,46.513004,12.926531,1173.427498,11.8,11.6,POINT (1438974.8486434654 5862943.065488868),2.0,20.201352754670452,-6.000046999999995,21.073566786874036,-16.542058666572572,10.536783393437018,0.9954215759603393,0.49771078798016966,-0.2887133887897542,-2.7930943852685637,1885.6135056986095,594.0,Discesa,,Valvan,Ravasacletto,289.2,37.932420216373266,Valvan-Ravasacletto,0.03333333333330302,8
148,1734876401.0,46.512998,12.926357,1168.910604,12.4,11.4,POINT (1438955.4790520673 5862942.094947331),2.0,19.39389135290622,-4.516894000000093,19.91294436329212,-13.110632741088747,9.95647218164606,-0.5803112117909581,-0.29015560589547906,-0.22882370835176788,-2.2252224147064914,1898.9836591267303,596.0,Discesa,,Valvan,Ravasacletto,289.23333333333335,35.843299853925814,Valvan-Ravasacletto,0.03333333333335986,8
149,1734876403.0,46.512949,12.926191,1165.347326,12.8,11.2,POINT (1438937.0000165957 5862934.16886212),2.0,20.1071524269848,-3.5632779999998547,20.420443893982416,-10.04930760216749,10.210221946991208,0.25374976534514815,0.12687488267257407,-0.17539350520351915,-1.7118020235740068,1912.8388080540972,598.0,Discesa,,Valvan,Ravasacletto,289.26666666666665,36.75679900916835,Valvan-Ravasacletto,0.03333333333330302,8
150,1734876405.0,46.512893,12.926041,1161.050427,11.3,11.0,POINT (1438920.3020929766 5862925.110487771),2.0,18.996704952052383,-4.296899000000167,19.476604941609665,-12.74536195383731,9.738302470804832,-0.4719194761863754,-0.2359597380931877,-0.2224485304528786,-2.1642672999926797,1925.9258015771557,600.0,Discesa,,Valvan,Ravasacletto,289.3,35.057888894897395,Valvan-Ravasacletto,0.03333333333335986,8
151,1734876407.0,46.51287,12.925868,1157.355844,11.3,10.8,POINT (1438901.0438210694 5862921.390086725),2.0,19.614342221819033,-3.694582999999966,19.959267630314535,-10.667320686249488,9.979633815157268,0.2413313443524352,0.1206656721762176,-0.18617986834115458,-1.815891239163093,1939.4465255737305,602.0,Discesa,,Valvan,Ravasacletto,289.3333333333333,35.926681734566166,Valvan-Ravasacletto,0.03333333333330302,8
152,1734876409.0,46.512838,12.925709,1153.474774,8.0,10.9,POINT (1438883.3440220333 5862916.213879195),2.0,18.441149918501726,-3.8810699999999088,18.845124426799508,-11.884857748294516,9.422562213399754,-0.5570716017575137,-0.27853580087875685,-0.2074298988388988,-2.020326098025406,1952.1568119764488,604.0,Discesa,,Valvan,Ravasacletto,289.3666666666667,33.92122396823912,Valvan-Ravasacletto,0.03333333333335986,8
153,1734876411.0,46.512826,12.925515,1150.585458,9.1,11.0,POINT (1438861.7480408195 5862914.2728021545),2.0,21.683039101126035,-2.889316000000008,21.874696148948367,-7.590084584848747,10.937348074474183,1.5147858610744294,0.7573929305372147,-0.13247196651047755,-1.2957523966047286,1967.1048891233368,606.0,Discesa,,Valvan,Ravasacletto,289.4,39.37445306810706,Valvan-Ravasacletto,0.03333333333330302,8
154,1734876413.0,46.512767,12.925351,1145.943732,9.6,11.3,POINT (1438843.4916443292 5862904.729179615),2.0,20.600406403471037,-4.641726000000062,21.116873922227388,-12.697945784953452,10.558436961113694,-0.37891111336048944,-0.18945555668024472,-0.2216209621871736,-2.1563481520846994,1981.297294513679,608.0,Discesa,,Valvan,Ravasacletto,289.43333333333334,38.0103730600093,Valvan-Ravasacletto,0.03333333333335986,8
155,1734876416.0,46.512713,12.925182,1140.952408,10.0,11.6,POINT (1438824.6786503852 5862895.994347729),3.0,20.7418906856921,-4.9913239999998495,21.333995042892813,-13.530388478112647,7.111331680964271,-3.4471052801494233,-1.149035093383141,-0.2361498280169704,-2.295157955251829,1995.5888831203483,611.0,Discesa,,Valvan,Ravasacletto,289.48333333333335,25.600794051471375,Valvan-Ravasacletto,0.05000000000001137,8
156,1734876418.0,46.512679,12.924988,1136.787151,9.1,11.7,POINT (1438803.0826691715 5862890.494643215),2.0,22.28526765201107,-4.165257000000111,22.67118259372062,-10.586790714144962,11.33559129686031,4.224259615896039,2.1121298079480195,-0.1847743551813914,-1.8023396442194708,2010.9495875288558,613.0,Discesa,,Valvan,Ravasacletto,289.51666666666665,40.808128668697115,Valvan-Ravasacletto,0.03333333333330302,8
157,1734876421.0,46.512582,12.924649,1130.096881,13.1,11.7,POINT (1438765.3453617925 5862874.8043286605),3.0,40.869185690950495,-6.690270000000055,41.41316278327814,-9.296838140918476,13.804387594426046,2.4687962975657367,0.8229320991885789,-0.16226043558401598,-1.584799235051454,2039.112034364225,616.0,Discesa,,Valvan,Ravasacletto,289.56666666666666,49.69579533993377,Valvan-Ravasacletto,0.05000000000001137,8
158,1734876423.0,46.512539,12.924457,1125.254535,8.5,11.5,POINT (1438743.9720195602 5862867.8488373505),2.0,22.476623802138498,-4.842345999999907,22.99232333468225,-12.157930842856297,11.496161667341125,-2.308225927084921,-1.1541129635424605,-0.2121959234376117,-2.066055420695291,2054.6029581666444,618.0,Discesa,,Valvan,Ravasacletto,289.6,41.38618200242805,Valvan-Ravasacletto,0.03333333333335986,8
159,1734876425.0,46.512517,12.924318,1121.099825,10.6,11.1,POINT (1438728.4986103398 5862864.290216021),2.0,15.877347973299614,-4.154710000000023,16.41194058755215,-14.664089873901448,8.205970293776074,-3.290191373565051,-1.6450956867825255,-0.25593665010794037,-2.4834177824719545,2065.547240845801,620.0,Discesa,,Valvan,Ravasacletto,289.6333333333333,29.54149305759387,Valvan-Ravasacletto,0.03333333333330302,8
160,1734876427.0,46.512491,12.924157,1116.846207,11.6,11.1,POINT (1438710.576172322 5862860.084574484),2.0,18.409269546592043,-4.25361799999996,18.89429732297565,-13.01035108066428,9.447148661487825,1.2411783677117505,0.6205891838558752,-0.22707346319799407,-2.2084966626018936,2078.236708063254,622.0,Discesa,,Valvan,Ravasacletto,289.6666666666667,34.00973518135617,Valvan-Ravasacletto,0.03333333333335986,8
161,1734876429.0,46.51246,12.923974,1112.913544,11.5,11.0,POINT (1438690.2047055068 5862855.0701583605),2.0,20.97953834731365,-3.9326630000000478,21.344949462061823,-10.617015812735024,10.672474731030912,1.2253260695430868,0.6126630347715434,-0.1853018826685279,-1.807426346854132,2092.6976363187423,624.0,Discesa,,Valvan,Ravasacletto,289.7,38.42090903171128,Valvan-Ravasacletto,0.03333333333330302,8
162,1734876431.0,46.512415,12.923828,1108.491467,11.6,10.9,POINT (1438673.9520598513 5862847.791172303),2.0,17.808203975310576,-4.422076999999945,18.34902977871571,-13.94544263071006,9.174514889357855,-1.4979598416730564,-0.7489799208365282,-0.24339388955387026,-2.364189054852347,2104.968323348403,626.0,Discesa,,Valvan,Ravasacletto,289.73333333333335,33.02825360168828,Valvan-Ravasacletto,0.03333333333335986,8
163,1734876433.0,46.512381,12.923697,1105.314505,11.2,10.8,POINT (1438659.3692065573 5862842.291497947),2.0,15.585442830464814,-3.176962000000003,15.905945925066233,-11.521418469628635,7.952972962533116,-1.221541926824739,-0.6107709634123695,-0.201086686795106,-1.959392881556666,2115.7088846788392,628.0,Discesa,,Valvan,Ravasacletto,289.76666666666665,28.63070266511922,Valvan-Ravasacletto,0.03333333333330302,8
164,1734876435.0,46.512341,12.923544,1100.758251,11.3,10.9,POINT (1438642.3373244659 5862835.821297226),2.0,18.219454024435052,-4.556254000000081,18.780520638710186,-14.040358939639313,9.390260319355093,1.4372873568219768,0.7186436784109884,-0.2450504916585258,-2.3799580746378335,2128.264594876615,630.0,Discesa,,Valvan,Ravasacletto,289.8,33.80493714967834,Valvan-Ravasacletto,0.03333333333335986,8
165,1734876437.0,46.512304,12.923334,1096.614594,8.0,11.2,POINT (1438618.9602313994 5862829.836365798),2.0,24.131056430162452,-4.143657000000076,24.484235290679067,-9.74350345771225,12.242117645339533,2.85185732598444,1.42592866299222,-0.17005621601653087,-1.6602223711465298,2144.89763924163,632.0,Discesa,,Valvan,Ravasacletto,289.8333333333333,44.07162352322232,Valvan-Ravasacletto,0.03333333333330302,8
166,1734876439.0,46.512295,12.923093,1091.291507,9.0,11.3,POINT (1438592.1322341182 5862828.380572283),2.0,26.86746681171879,-5.323086999999987,27.389706608293185,-11.20653636988688,13.694853304146593,1.4527356588070592,0.7263678294035296,-0.1955909573990192,-1.9065367956219226,2163.4202903376427,634.0,Discesa,,Valvan,Ravasacletto,289.8666666666667,49.30147189492774,Valvan-Ravasacletto,0.03333333333335986,8
167,1734876441.0,46.5123,12.922862,1086.714562,9.5,11.2,POINT (1438566.417431745 5862829.189346428),2.0,25.727517888651914,-4.576945000000023,26.131467663411666,-10.08742835969718,13.065733831705833,-0.6291194724407596,-0.3145597362203798,-0.17605883793576665,-1.7182284220823674,2181.1571617284862,636.0,Discesa,,Valvan,Ravasacletto,289.9,47.036641794141,Valvan-Ravasacletto,0.03333333333330302,8
168,1734876443.0,46.512328,12.922614,1083.123516,9.1,11.0,POINT (1438538.810198028 5862833.718483015),2.0,27.97628337934082,-3.5910459999997784,28.205815767236654,-7.314510054598086,14.102907883618327,1.0371740519124941,0.5185870259562471,-0.1276622836229668,-1.2489679983274298,2200.4428088798086,638.0,Discesa,,Valvan,Ravasacletto,289.93333333333334,50.77046838102598,Valvan-Ravasacletto,0.03333333333335986,8
169,1734876444.0,46.512332,12.922484,1079.543531,9.4,10.8,POINT (1438524.338664225 5862834.365502719),1.0,14.485990649921927,-3.579985000000079,14.92180343356161,-13.881604848397263,14.92180343356161,0.8188955499432833,0.8188955499432833,-0.24227971006534052,-2.3535796464796506,2210.429593433357,639.0,Discesa,,Valvan,Ravasacletto,289.95,53.7184923608218,Valvan-Ravasacletto,0.01666666666665151,8
170,1734876445.0,46.51236,12.922346,1078.154141,9.3,10.8,POINT (1438508.9765744954 5862838.894641975),1.0,16.015832893188797,-1.3893900000000485,16.07598543899093,-4.9580550711864415,16.07598543899093,1.1541820054293197,1.1541820054293197,-0.08653438548740525,-0.8478432598565485,2221.468327615461,640.0,Discesa,,Valvan,Ravasacletto,289.96666666666664,57.87354758036735,Valvan-Ravasacletto,0.01666666666665151,8
171,1734876446.0,46.512383,12.922187,1077.005141,7.1,10.8,POINT (1438491.2767754593 5862842.615008108),1.0,18.086569881715363,-1.1489999999998872,18.123029853922688,-3.6349900834399222,18.123029853922688,2.047044414931758,2.047044414931758,-0.06344254523337005,-0.6219539498004614,2233.935780356449,641.0,Discesa,,Valvan,Ravasacletto,289.98333333333335,65.24290747412168,Valvan-Ravasacletto,0.016666666666708352,8
172,1734876447.0,46.5124,12.922047,1073.963645,10.3,10.9,POINT (1438475.6920467482 5862845.364844957),1.0,15.825465923424519,-3.041496000000052,16.11508825950038,-10.879023094979761,16.11508825950038,-2.0079415944223094,-2.0079415944223094,-0.18987477240790063,-1.8514993700025542,2244.8450226938658,642.0,Discesa,,Valvan,Ravasacletto,290.0,58.01431773420136,Valvan-Ravasacletto,0.01666666666665151,8
173,1734876448.0,46.512421,12.921918,1071.112903,11.1,11.0,POINT (1438461.3318324361 5862848.761703432),1.0,14.756503738464534,-2.850742000000082,15.02934238527695,-10.934018079115173,15.02934238527695,-1.085745874223429,-1.085745874223429,-0.1908346159531456,-1.8607453541943826,2255.0166384478,643.0,Discesa,,Valvan,Ravasacletto,290.01666666666665,54.10563258699702,Valvan-Ravasacletto,0.01666666666665151,8
174,1734876450.0,46.512502,12.921749,1067.808922,13.0,11.2,POINT (1438442.518838492 5862861.863884119),2.0,22.925877953009834,-3.3039810000000216,23.162732359647542,-8.200762702066534,11.581366179823771,-3.4479762054531786,-1.7239881027265893,-0.1431303103258078,-1.3993190918384988,2270.80561891025,645.0,Discesa,,Valvan,Ravasacletto,290.05,41.692918247365576,Valvan-Ravasacletto,0.03333333333335986,8
175,1734876452.0,46.51257,12.921586,1061.874464,8.5,11.5,POINT (1438424.3737614925 5862872.863260765),2.0,21.218626390533952,-5.93445799999995,22.032882191280088,-15.625324899873803,11.016441095640044,-0.5649250841837272,-0.2824625420918636,-0.27271336619665115,-2.642279501818421,2285.4214934773627,647.0,Discesa,,Valvan,Ravasacletto,290.0833333333333,39.65918794430416,Valvan-Ravasacletto,0.03333333333330302,8
176,1734876454.0,46.512672,12.921437,1058.476372,10.6,11.7,POINT (1438407.7871573644 5862889.362351537),2.0,23.395201063677447,-3.398091999999906,23.64069504160903,-8.26426952034321,11.820347520804514,0.8039064251644703,0.40195321258223515,-0.14423871340220154,-1.4100804761165862,2301.5248886351546,649.0,Discesa,,Valvan,Ravasacletto,290.1166666666667,42.55325107489625,Valvan-Ravasacletto,0.03333333333335986,8
177,1734876456.0,46.512745,12.921284,1054.415441,10.4,12.2,POINT (1438390.755275273 5862901.170543355),2.0,20.724825731264197,-4.060930999999982,21.11893847185581,-11.086374187630321,10.559469235927905,-1.2608782848766094,-0.6304391424383047,-0.19349373168226072,-1.886351113863495,2315.798037067412,651.0,Discesa,,Valvan,Ravasacletto,290.15,38.01408924934046,Valvan-Ravasacletto,0.03333333333330302,8
178,1734876458.0,46.512822,12.921116,1051.113051,11.4,12.6,POINT (1438372.0536008198 5862913.625776571),2.0,22.469656468805358,-3.3023900000000594,22.71103787893074,-8.360965951692357,11.35551893946537,0.7960497035374647,0.39802485176873237,-0.1459263845041728,-1.4264625893673977,2331.2736812152725,653.0,Discesa,,Valvan,Ravasacletto,290.18333333333334,40.879868182075334,Valvan-Ravasacletto,0.03333333333335986,8
179,1734876460.0,46.512908,12.920939,1046.873755,11.7,13.3,POINT (1438352.3500509495 5862927.536837129),2.0,24.11944201947913,-4.2392959999999675,24.48916319327043,-9.968635781073138,12.244581596635214,0.8890626571698448,0.4445313285849224,-0.1739855163118429,-1.6981998703584873,2347.8842237516146,655.0,Discesa,,Valvan,Ravasacletto,290.21666666666664,44.08049374788677,Valvan-Ravasacletto,0.03333333333330302,8
180,1734876462.0,46.513022,12.920738,1042.523894,11.3,13.3,POINT (1438329.9748333 5862945.977114121),2.0,28.99472676915307,-4.349861000000146,29.31919970151238,-8.532025626407728,14.65959985075619,2.4150182541209766,1.2075091270604883,-0.14891193904534653,-1.4554331920526558,2367.847667298236,657.0,Discesa,,Valvan,Ravasacletto,290.25,52.77455946272229,Valvan-Ravasacletto,0.03333333333335986,8
181,1734876464.0,46.513138,12.920592,1038.323736,11.3,13.3,POINT (1438313.722187644 5862964.740944453),2.0,24.823976706318902,-4.200157999999874,25.17679778567613,-9.603358212892674,12.588398892838065,-2.0712009579181263,-1.0356004789590632,-0.16761022006341572,-1.6365683329053373,2384.9303451571614,659.0,Discesa,,Valvan,Ravasacletto,290.28333333333336,45.318236014217035,Valvan-Ravasacletto,0.03333333333335986,8
182,1734876466.0,46.513257,12.920417,1032.994986,7.9,13.2,POINT (1438294.2412767555 5862983.990087877),2.0,27.386774392504723,-5.328750000000127,27.900376129874193,-11.010684687921247,13.950188064937096,1.3617891720990318,0.6808945860495159,-0.19217270070315007,-1.8736319989617631,2403.781223711412,661.0,Discesa,,Valvan,Ravasacletto,290.31666666666666,50.22067703377355,Valvan-Ravasacletto,0.03333333333330302,8
183,1734876469.0,46.513413,12.920137,1027.46697,9.7,12.8,POINT (1438263.0718193331 5863009.224322928),3.0,40.10363692505222,-5.52801599999998,40.482843965223935,-7.8483779559110705,13.494281321741312,-0.4559067431957846,-0.15196891439859486,-0.13698003627159053,-1.339575772062481,2431.3939372738896,664.0,Discesa,,Valvan,Ravasacletto,290.3666666666667,48.579412758268724,Valvan-Ravasacletto,0.05000000000001137,8
184,1734876471.0,46.513529,12.919998,1022.721998,10.6,12.3,POINT (1438247.5984101128 5863027.988288258),2.0,24.321035911508858,-4.7449719999999616,24.779579235525514,-11.03958764528851,12.389789617762757,-1.104491703978555,-0.5522458519892774,-0.19267715247277237,-1.8784893350111984,2448.1291212409415,666.0,Discesa,,Valvan,Ravasacletto,290.4,44.603242623945924,Valvan-Ravasacletto,0.03333333333330302,8
185,1734876473.0,46.513666,12.919848,1018.386707,9.4,12.5,POINT (1438230.900486494 5863050.149229929),2.0,27.74757627091646,-4.335290999999984,28.084207963996548,-8.880119365508335,14.042103981998274,1.652314364235517,0.8261571821177585,-0.15498732089823022,-1.5143458830856658,2467.2194509067413,668.0,Discesa,,Valvan,Ravasacletto,290.43333333333334,50.551574335193784,Valvan-Ravasacletto,0.03333333333335986,8
186,1734876475.0,46.513826,12.919603,1013.417739,7.0,13.4,POINT (1438203.6272112497 5863076.030692382),2.0,37.59895798094658,-4.968968000000018,37.92587881958717,-7.528415289536587,18.962939409793584,4.920835427795311,2.4604177138976553,-0.13139563425989564,-1.2852853407005316,2493.1009896747855,670.0,Discesa,,Valvan,Ravasacletto,290.46666666666664,68.2665818752569,Valvan-Ravasacletto,0.03333333333330302,8
187,1734876476.0,46.513895,12.919468,1010.489308,10.3,13.1,POINT (1438188.5990799924 5863087.192096582),1.0,18.719553221149578,-2.9284309999999323,18.94722620652459,-8.891118572145352,18.94722620652459,-0.01571320326899439,-0.01571320326899439,-0.1551792932691534,-1.51620653054254,2505.9915716624964,671.0,Discesa,,Valvan,Ravasacletto,290.48333333333335,68.21001434348852,Valvan-Ravasacletto,0.016666666666708352,8
188,1734876477.0,46.51397,12.919356,1007.504846,11.0,13.0,POINT (1438176.1312970237 5863099.324073739),1.0,17.396277817615182,-2.9844620000000077,17.65042479197297,-9.73475478725373,17.65042479197297,-1.29680141455162,-1.29680141455162,-0.1699035229118577,-1.658746039546588,2517.9659180182643,672.0,Discesa,,Valvan,Ravasacletto,290.5,63.541529251102695,Valvan-Ravasacletto,0.01666666666665151,8
189,1734876478.0,46.514054,12.91925,1005.570093,12.4,12.5,POINT (1438164.3314309996 5863112.911908035),1.0,17.996279588820023,-1.9347530000000006,18.099981994742127,-6.136214714030148,18.099981994742127,0.44955720276915656,0.44955720276915656,-0.10709715036914837,-1.0486157906407583,2530.3499392203375,673.0,Discesa,,Valvan,Ravasacletto,290.51666666666665,65.15993518107166,Valvan-Ravasacletto,0.01666666666665151,8
190,1734876479.0,46.514128,12.919155,1002.748445,13.0,12.4,POINT (1438153.756079374 5863124.882160411),1.0,15.972632968555699,-2.8216480000000956,16.219947638142884,-10.018235162109109,16.219947638142884,-1.8800343565992428,-1.8800343565992428,-0.17485118881787182,-1.7065632699644289,2541.341681378617,674.0,Discesa,,Valvan,Ravasacletto,290.53333333333336,58.391811497314386,Valvan-Ravasacletto,0.016666666666708352,8
191,1734876480.0,46.514222,12.919066,1000.556575,12.4,11.8,POINT (1438143.8486446936 5863140.087639633),1.0,18.148384509408732,-2.1918699999999944,18.28026680325664,-6.886539731885043,18.28026680325664,2.060319165113757,2.060319165113757,-0.12019279239080154,-1.1762544240420665,2553.8250827259617,675.0,Discesa,,Valvan,Ravasacletto,290.55,65.80896049172391,Valvan-Ravasacletto,0.01666666666665151,8
192,1734876481.0,46.51431,12.91896,998.707045,8.4,12.0,POINT (1438132.0487786694 5863154.322580189),1.0,18.489736905762115,-1.8495299999999588,18.582010980117342,-5.712299949352236,18.582010980117342,0.30174417686070143,0.30174417686070143,-0.09969844197770183,-0.9764222677197568,2566.5476958251456,676.0,Discesa,,Valvan,Ravasacletto,290.56666666666666,66.89523952842244,Valvan-Ravasacletto,0.01666666666665151,8
193,1734876482.0,46.514404,12.918848,995.063197,11.0,12.4,POINT (1438119.5809957008 5863169.528110334),1.0,19.663513397201474,-3.643848000000048,19.998284610661642,-10.498397676210788,19.998284610661642,1.4162736305442998,1.4162736305442998,-0.1832316056335998,-1.7874607535559932,2580.0777243615667,677.0,Discesa,,Valvan,Ravasacletto,290.5833333333333,71.99382459838192,Valvan-Ravasacletto,0.01666666666665151,8
194,1734876483.0,46.514491,12.918693,992.93029,10.5,12.2,POINT (1438102.3264746277 5863183.601337205),1.0,22.26598778457744,-2.132906999999932,22.367912381212523,-5.471790437474623,22.367912381212523,2.3696277705508813,2.3696277705508813,-0.0955007591130731,-0.9354390035779052,2595.4081257943762,678.0,Discesa,,Valvan,Ravasacletto,290.6,80.52448457236508,Valvan-Ravasacletto,0.016666666666708352,8
195,1734876484.0,46.514589,12.918552,991.253762,11.5,12.3,POINT (1438086.630426426 5863199.45396457),1.0,22.30855718156035,-1.676527999999962,22.371465523244822,-4.297801499127056,22.371465523244822,0.0035531420322989504,0.0035531420322989504,-0.07501078675691533,-0.7351659489142912,2610.762650728415,679.0,Discesa,,Valvan,Ravasacletto,290.6166666666667,80.53727588368136,Valvan-Ravasacletto,0.01666666666665151,8
196,1734876485.0,46.514675,12.9184,987.467934,10.4,12.3,POINT (1438069.7098638255 5863213.36547744),1.0,21.905150742658225,-3.7858280000000377,22.22989254819205,-9.805464328355656,22.22989254819205,-0.141572975052771,-0.141572975052771,-0.1711376372166606,-1.6706771118882837,2625.8443762401657,680.0,Discesa,,Valvan,Ravasacletto,290.6333333333333,80.02761317349139,Valvan-Ravasacletto,0.01666666666665151,8
197,1734876486.0,46.514772,12.918254,984.406695,12.2,12.2,POINT (1438053.4572181695 5863229.056396283),1.0,22.59100318634287,-3.0612390000000005,22.797469359130076,-7.716974697525515,22.797469359130076,0.567576810938025,0.567576810938025,-0.13468661676491375,-1.3172845686037997,2641.3943677520583,681.0,Discesa,,Valvan,Ravasacletto,290.65,82.07088969286828,Valvan-Ravasacletto,0.01666666666665151,8
198,1734876487.0,46.514864,12.918093,981.549581,11.4,12.1,POINT (1438035.5347801517 5863243.938530756),1.0,23.295744482041574,-2.857114000000024,23.47029636330923,-6.99214035192623,23.47029636330923,0.6728270041791546,0.6728270041791546,-0.12203587090266776,-1.194202574442837,2657.433219968567,682.0,Discesa,,Valvan,Ravasacletto,290.6666666666667,84.49306690791323,Valvan-Ravasacletto,0.016666666666708352,8
199,1734876488.0,46.514959,12.917915,978.77186,11.4,11.9,POINT (1438015.7199107907 5863259.305978662),1.0,25.075635643835483,-2.7777210000000423,25.229015773435034,-6.321094700863094,25.229015773435034,1.7587194101258028,1.7587194101258028,-0.11032391486042704,-1.0800834743102738,2674.69926583099,683.0,Discesa,,Valvan,Ravasacletto,290.68333333333334,90.82445678436612,Valvan-Ravasacletto,0.01666666666665151,8
200,1734876489.0,46.515057,12.91776,974.918578,11.5,12.0,POINT (1437998.4653897176 5863275.158742547),1.0,23.431359760911544,-3.853281999999922,23.74608183294221,-9.3386927321142,23.74608183294221,-1.4829339404928241,-1.4829339404928241,-0.1629909360074576,-1.5918708899402298,2690.828881767862,684.0,Discesa,,Valvan,Ravasacletto,290.7,85.48589459859195,Valvan-Ravasacletto,0.01666666666665151,8
201,1734876493.0,46.515343,12.917287,964.066034,11.2,12.3,POINT (1437945.8112705725 5863321.423094489),4.0,70.09170081778184,-10.85254400000008,70.92689359334284,-8.801417331313733,17.73172339833571,-6.0143584346065,-1.503589608651625,-0.15361371127351725,-1.5010308677891033,2739.0816386156075,688.0,Discesa,,Valvan,Ravasacletto,290.76666666666665,63.83420423400856,Valvan-Ravasacletto,0.06666666666666288,8
202,1734876498.0,46.515587,12.916713,951.322218,9.6,11.6,POINT (1437881.913882857 5863360.893573236),5.0,75.10522518033154,-12.743815999999924,76.17873519316373,-9.630196084023424,15.235747038632747,-2.495976359702963,-0.49919527194059266,-0.16807862927887324,-1.6410988531510597,2790.811829762446,693.0,Discesa,,Valvan,Ravasacletto,290.85,54.848689339077886,Valvan-Ravasacletto,0.08333333333337123,8
203,1734876500.0,46.515719,12.916441,946.746172,9.6,11.5,POINT (1437851.6349813615 5863382.246529052),2.0,37.0507840385051,-4.576046000000019,37.332302297903624,-7.040796938002573,18.666151148951812,3.4304041103190652,1.7152020551595326,-0.12288508853247997,-1.2024710102736156,2816.3266495125426,695.0,Discesa,,Valvan,Ravasacletto,290.8833333333333,67.19814413622653,Valvan-Ravasacletto,0.03333333333330302,8
204,1734876502.0,46.515873,12.916129,939.841976,9.3,11.7,POINT (1437816.9033002337 5863407.158376393),2.0,42.742131578785184,-6.904195999999956,43.296163043676295,-9.17580857186119,21.648081521838147,2.9819303728863353,1.4909651864431677,-0.16014807111169646,-1.5643456139906613,2845.7599989732626,697.0,Discesa,,Valvan,Ravasacletto,290.9166666666667,77.93309347861734,Valvan-Ravasacletto,0.03333333333335986,8
205,1734876503.0,46.515959,12.915998,937.721301,9.2,11.7,POINT (1437802.32044694 5863421.070217967),1.0,20.15437784131372,-2.1206750000000056,20.26564108598745,-6.00664846543226,20.26564108598745,-1.3824404358506968,-1.3824404358506968,-0.10483579273165775,-1.026556310838088,2859.632756837651,698.0,Discesa,,Valvan,Ravasacletto,290.93333333333334,72.95630790955482,Valvan-Ravasacletto,0.01666666666665151,8
206,1734876504.0,46.516048,12.915857,935.338054,11.4,11.7,POINT (1437786.6243987381 5863435.4673795225),1.0,21.29892462089277,-2.383246999999983,21.43184677692245,-6.384563893706996,21.43184677692245,1.1662056909349978,1.1662056909349978,-0.11143166124913637,-1.0908837354685998,2874.294224091347,699.0,Discesa,,Valvan,Ravasacletto,290.95,77.15464839692082,Valvan-Ravasacletto,0.01666666666665151,8
207,1734876506.0,46.51626,12.915617,929.860196,11.3,11.6,POINT (1437759.9077209476 5863469.761836859),2.0,43.4728728771566,-5.477858000000083,43.81663616095584,-7.181781790514563,21.90831808047792,0.4764713035554706,0.2382356517777353,-0.12534573840425278,-1.2264242919652861,2904.2036420885197,701.0,Discesa,,Valvan,Ravasacletto,290.98333333333335,78.86994508972052,Valvan-Ravasacletto,0.03333333333335986,8
208,1734876507.0,46.516396,12.915529,926.76737,12.3,11.6,POINT (1437750.1116057578 5863491.762125218),1.0,24.08270252039705,-3.0928259999999455,24.280488737919054,-7.31816473645751,24.280488737919054,2.372170657441135,2.372170657441135,-0.12772606985452667,-1.2495886465669137,2920.761317121971,702.0,Discesa,,Valvan,Ravasacletto,291.0,87.4097594565086,Valvan-Ravasacletto,0.01666666666665151,8
209,1734876508.0,46.516533,12.915442,924.102337,12.9,11.5,POINT (1437740.426810059 5863513.924236072),1.0,24.1858310841449,-2.665032999999994,24.33221786278182,-6.288045593610023,24.33221786278182,0.05172912486276715,0.05172912486276715,-0.10974709912401621,-1.074459133870791,2937.389583512646,703.0,Discesa,,Valvan,Ravasacletto,291.01666666666665,87.59598430601456,Valvan-Ravasacletto,0.01666666666665151,8
210,1734876509.0,46.516667,12.915357,919.769019,12.4,11.3,POINT (1437730.9646533413 5863535.6010992825),1.0,23.652036030470384,-4.333318000000077,24.04571590275062,-10.382087723259572,24.04571590275062,-0.28650196003120243,-0.28650196003120243,-0.1812016140017614,-1.7678762300912825,2953.6507987732402,704.0,Discesa,,Valvan,Ravasacletto,291.03333333333336,86.56457724990223,Valvan-Ravasacletto,0.016666666666708352,8
211,1734876510.0,46.51679,12.915288,916.253013,11.3,11.3,POINT (1437723.2836084766 5863555.498565548),1.0,21.3285633366174,-3.5160059999999476,21.616426906316768,-9.36099825958888,21.616426906316768,-2.4292889964338507,-2.4292889964338507,-0.16338024090328482,-1.5956392335090406,2968.3131275982596,705.0,Discesa,,Valvan,Ravasacletto,291.05,77.81913686274036,Valvan-Ravasacletto,0.01666666666665151,8
212,1734876511.0,46.516925,12.915256,914.316361,8.7,11.2,POINT (1437719.7213847712 5863577.3372998815),1.0,22.127353095495543,-1.936651999999981,22.211942192924962,-5.001951550019605,22.211942192924962,0.5955152866081939,0.5955152866081939,-0.08730052357307594,-0.8553307025106212,2983.519506334902,706.0,Discesa,,Valvan,Ravasacletto,291.06666666666666,79.96299189452986,Valvan-Ravasacletto,0.01666666666665151,8
213,1734876512.0,46.517057,12.915246,909.678608,10.4,11.0,POINT (1437718.6081898634 5863598.690781468),1.0,21.38247831169834,-4.637752999999975,21.879651085866488,-12.237618945433958,21.879651085866488,-0.33229110705847376,-0.33229110705847376,-0.21358674320225887,-2.0793913372498367,2998.2128659301306,707.0,Discesa,,Valvan,Ravasacletto,291.0833333333333,78.76674390911936,Valvan-Ravasacletto,0.01666666666665151,8
214,1734876513.0,46.517194,12.915235,908.287125,11.8,10.9,POINT (1437717.3836754644 5863620.853161909),1.0,22.19618305765537,-1.3914830000001075,22.23975645703515,-3.58718910140549,22.23975645703515,0.36010537116866104,0.36010537116866104,-0.06260826071118256,-0.6137858684006848,3013.465356417706,708.0,Discesa,,Valvan,Ravasacletto,291.1,80.06312324532654,Valvan-Ravasacletto,0.016666666666708352,8
215,1734876514.0,46.517347,12.915233,905.943346,10.9,10.9,POINT (1437717.161036483 5863645.603915599),1.0,24.751755015822276,-2.343778999999927,24.862475266234533,-5.409290186349585,24.862475266234533,2.622718809199384,2.622718809199384,-0.0944099239476179,-0.9247861181877219,3030.4737462888224,709.0,Discesa,,Valvan,Ravasacletto,291.1166666666667,89.50491095844433,Valvan-Ravasacletto,0.01666666666665151,8
216,1734876515.0,46.517494,12.91525,902.874869,10.7,10.8,POINT (1437719.0534678265 5863669.384117143),1.0,23.855382660218535,-3.06847700000003,24.051919527659,-7.329611390997472,24.051919527659,-0.810555738575534,-0.810555738575534,-0.12792585166458734,-1.2515325163708515,3046.86646655768,710.0,Discesa,,Valvan,Ravasacletto,291.1333333333333,86.5869102995724,Valvan-Ravasacletto,0.01666666666665151,8
217,1734876516.0,46.517647,12.915292,898.002105,11.4,10.6,POINT (1437723.72888644 5863694.135007482),1.0,25.188610755145625,-4.872763999999961,25.655602522137997,-10.948688674371716,25.655602522137997,1.6036829944789979,1.6036829944789979,-0.19109066614359976,-1.8632115460454244,3064.176852669523,711.0,Discesa,,Valvan,Ravasacletto,291.15,92.36016907969679,Valvan-Ravasacletto,0.01666666666665151,8
218,1734876517.0,46.5178,12.91532,895.183833,11.4,10.6,POINT (1437726.8458321819 5863718.885967514),1.0,24.94645011299714,-2.818271999999979,25.105139519752505,-6.4455400134630745,25.105139519752505,-0.5504630023854915,-0.5504630023854915,-0.11249589530397029,-1.1012585012024005,3081.319738410326,712.0,Discesa,,Valvan,Ravasacletto,291.1666666666667,90.37850227110903,Valvan-Ravasacletto,0.016666666666708352,8
219,1734876518.0,46.517949,12.915338,892.257774,11.5,10.6,POINT (1437728.8495830162 5863742.9899106035),1.0,24.187085187968627,-2.9260590000000093,24.363433895112827,-6.897898980656679,24.363433895112827,-0.7417056246396783,-0.7417056246396783,-0.1203910486824197,-1.1781852637676864,3097.9402876746244,713.0,Discesa,,Valvan,Ravasacletto,291.18333333333334,87.70836202240618,Valvan-Ravasacletto,0.01666666666665151,8
220,1734876519.0,46.518075,12.915397,888.099372,11.5,10.6,POINT (1437735.4174329732 5863763.37316238),1.0,21.41526572466138,-4.158402000000024,21.815267893185744,-10.988903702784947,21.815267893185744,-2.5481660019270826,-2.5481660019270826,-0.1917925507981937,-1.8699712430642537,3112.6601998789993,714.0,Discesa,,Valvan,Ravasacletto,291.2,78.53496441546868,Valvan-Ravasacletto,0.01666666666665151,8
221,1734876520.0,46.518208,12.915471,884.956035,11.2,10.5,POINT (1437743.6550752919 5863784.888868311),1.0,23.038757620155405,-3.143336999999974,23.252202480105783,-7.769287850564812,23.252202480105783,1.4369345869200387,1.4369345869200387,-0.13559965352754916,-1.3261597905137228,3128.4977007220223,715.0,Discesa,,Valvan,Ravasacletto,291.21666666666664,83.70792892838082,Valvan-Ravasacletto,0.01666666666665151,8
222,1734876521.0,46.518328,12.915545,881.962198,10.0,10.5,POINT (1437751.8927176103 5863804.30158051),1.0,21.088199208941678,-2.9938370000000987,21.29965271685381,-8.080137702303386,21.29965271685381,-1.952549763251973,-1.952549763251973,-0.1410250069197235,-1.378874170411318,3142.9954440386573,716.0,Discesa,,Valvan,Ravasacletto,291.23333333333335,76.67874978067371,Valvan-Ravasacletto,0.016666666666708352,8
223,1734876523.0,46.518519,12.915654,873.056364,11.3,10.2,POINT (1437764.0265421069 5863835.200235851),2.0,33.19573163518046,-8.905833999999913,34.369615622384764,-15.017816572976962,17.184807811192382,-4.114844905661428,-2.057422452830714,-0.26211034565901925,-2.5419612631075785,3165.8154417673068,718.0,Discesa,,Valvan,Ravasacletto,291.26666666666665,61.865308120292575,Valvan-Ravasacletto,0.03333333333330302,8
224,1734876524.0,46.518613,12.915691,871.102588,9.8,10.3,POINT (1437768.1453632663 5863850.4069438055),1.0,15.754639143894149,-1.9537760000000617,15.875323467964298,-7.069314125202378,15.875323467964298,-1.3094843432280836,-1.3094843432280836,-0.12338280734252415,-1.2073166634165182,3176.6434892888283,719.0,Discesa,,Valvan,Ravasacletto,291.28333333333336,57.151164484671476,Valvan-Ravasacletto,0.016666666666708352,8
225,1734876525.0,46.518722,12.915703,870.123825,8.0,10.2,POINT (1437769.481197156 5863868.040287032),1.0,17.683869642033763,-0.9787629999999581,17.710935111580422,-3.1679621881971887,17.710935111580422,1.835611643616124,1.835611643616124,-0.05529137076272519,-0.5421320201055602,3188.795027552769,720.0,Discesa,,Valvan,Ravasacletto,291.3,63.75936640168952,Valvan-Ravasacletto,0.01666666666665151,8
226,1734876526.0,46.518839,12.915728,868.016188,8.8,10.3,POINT (1437772.2641844256 5863886.96785995),1.0,19.131075106055196,-2.1076369999999542,19.246822294531988,-6.286822888094006,19.246822294531988,1.5358871829515657,1.5358871829515657,-0.10972575888697943,-1.0742510453724907,3201.9416408301477,721.0,Discesa,,Valvan,Ravasacletto,291.31666666666666,69.28856026031517,Valvan-Ravasacletto,0.01666666666665151,8
227,1734876527.0,46.518946,12.915787,866.310744,9.7,10.4,POINT (1437778.8320343823 5863904.277727272),1.0,18.513999021664183,-1.7054440000000568,18.592382822309748,-5.263031379750932,18.592382822309748,-0.65443947222224,-0.65443947222224,-0.09185722621243378,-0.8998526869791577,3214.668437627399,722.0,Discesa,,Valvan,Ravasacletto,291.3333333333333,66.93257816031509,Valvan-Ravasacletto,0.01666666666665151,8
228,1734876528.0,46.519042,12.915854,863.664333,10.4,10.6,POINT (1437786.2904402656 5863919.808104535),1.0,17.22847747853254,-2.6464109999999437,17.43054581501175,-8.732763945234902,17.43054581501175,-1.161837007297997,-1.161837007297997,-0.1524154836437988,-1.4894135952782812,3226.513854295037,723.0,Discesa,,Valvan,Ravasacletto,291.35,62.7499649340423,Valvan-Ravasacletto,0.016666666666708352,8
229,1734876529.0,46.51914,12.915919,860.821804,9.3,10.8,POINT (1437793.5262071672 5863935.6620596275),1.0,17.427111485859477,-2.842529000000013,17.65741164090639,-9.263911298570502,17.65741164090639,0.2268658258946381,0.2268658258946381,-0.16168575377275873,-1.579235397412343,3238.4952457510517,724.0,Discesa,,Valvan,Ravasacletto,291.3666666666667,63.566681907263,Valvan-Ravasacletto,0.01666666666665151,8
230,1734876530.0,46.519227,12.91599,859.047303,9.4,9.8,POINT (1437801.4298910135 5863949.736513109),1.0,16.14182329060798,-1.7745009999999866,16.23906748998277,-6.273442200868732,16.23906748998277,-1.4183441509236197,-1.4183441509236197,-0.10949222183871885,-1.0719737953388075,3249.5953504811987,725.0,Discesa,,Valvan,Ravasacletto,291.3833333333333,58.46064296393797,Valvan-Ravasacletto,0.01666666666665151,8
231,1734876531.0,46.519307,12.916085,857.816553,9.3,9.0,POINT (1437812.005242639 5863962.678559186),1.0,16.713306634559693,-1.2307500000000573,16.758560923400232,-4.211598081811491,16.758560923400232,0.5194934334174626,0.5194934334174626,-0.07350625329828803,-0.7204471526634445,3261.0943145272977,726.0,Discesa,,Valvan,Ravasacletto,291.4,60.330819324240835,Valvan-Ravasacletto,0.01666666666665151,8
232,1734876532.0,46.519382,12.916206,855.525019,8.6,7.5,POINT (1437825.474901025 5863974.811744689),1.0,18.128593091757143,-2.291533999999956,18.272849136345997,-7.2042310672205785,18.272849136345997,1.5142882129457647,1.5142882129457647,-0.12573755219746402,-1.2302377353559688,3273.5730257787363,727.0,Discesa,,Valvan,Ravasacletto,291.4166666666667,65.78225689084559,Valvan-Ravasacletto,0.016666666666708352,8
233,1734876533.0,46.519426,12.916343,855.028747,11.7,7.1,POINT (1437840.7256712634 5863981.929887981),1.0,16.830150230874967,-0.49627200000009,16.837465447382655,-1.688995873845985,16.837465447382655,-1.4353836889633413,-1.4353836889633413,-0.029478539051211217,-0.2891425871200626,3285.1678723835576,728.0,Discesa,,Valvan,Ravasacletto,291.43333333333334,60.61487561057756,Valvan-Ravasacletto,0.01666666666665151,8
234,1734876534.0,46.519444,12.916482,852.710055,10.6,6.0,POINT (1437856.199080484 5863984.841857351),1.0,15.745029644953,-2.318691999999942,15.914844991746307,-8.377449503529112,15.914844991746307,-0.9226204556363484,-0.9226204556363484,-0.14621407675614734,-1.4292547952428103,3296.0201258913585,729.0,Discesa,,Valvan,Ravasacletto,291.45,57.29344197028671,Valvan-Ravasacletto,0.01666666666665151,8
235,1734876536.0,46.519521,12.916724,849.660556,11.7,4.7,POINT (1437883.138397256 5863997.298626106),2.0,29.6799237861284,-3.049498999999969,29.836174689483755,-5.86633746227915,14.918087344741878,-0.9967576470044293,-0.49837882350221463,-0.10238690374985981,-1.0026615509978203,3316.467753973666,731.0,Discesa,,Valvan,Ravasacletto,291.48333333333335,53.70511444107076,Valvan-Ravasacletto,0.03333333333335986,8
236,1734876537.0,46.519542,12.916856,847.673726,12.3,4.6,POINT (1437897.8325700404 5864000.69592974),1.0,15.081789873779051,-1.9868300000000545,15.212096477662918,-7.50476001608246,15.212096477662918,0.29400913292104036,0.29400913292104036,-0.13098277185266152,-1.281269963585911,3326.862305345916,732.0,Discesa,,Valvan,Ravasacletto,291.5,54.76354731958651,Valvan-Ravasacletto,0.01666666666665151,8
237,1734876538.0,46.51956,12.916984,846.776167,12.4,4.5,POINT (1437912.081464862 5864003.607905326),1.0,14.54340419075331,-0.8975590000000011,14.571074689744128,-3.5315802928059616,14.571074689744128,-0.64102178791879,-0.64102178791879,-0.06163770390800944,-0.6042830729704146,3336.886130385319,733.0,Discesa,,Valvan,Ravasacletto,291.51666666666665,52.455868883078864,Valvan-Ravasacletto,0.01666666666665151,8
238,1734876540.0,46.51964,12.917192,843.424228,8.5,4.3,POINT (1437935.235918947 5864016.550030724),2.0,26.525975077028125,-3.3519390000000158,26.736919210089226,-7.201975217717245,13.368459605044613,-1.2026150846995147,-0.6013075423497574,-0.12569818019620138,-1.2298545442584827,3355.1572470270694,735.0,Discesa,,Valvan,Ravasacletto,291.55,48.12645457816061,Valvan-Ravasacletto,0.03333333333335986,8
239,1734876542.0,46.519682,12.917428,841.559948,10.5,4.1,POINT (1437961.5073187742 5864023.344654185),2.0,27.135831604221387,-1.864280000000008,27.19979589576106,-3.930146598620961,13.59989794788053,0.2314383428359168,0.1157191714179584,-0.0685939982319918,-0.6723795601293557,3373.8588345000826,737.0,Discesa,,Valvan,Ravasacletto,291.5833333333333,48.95963261236991,Valvan-Ravasacletto,0.03333333333330302,8
240,1734876544.0,46.519742,12.917651,838.658246,10.4,4.1,POINT (1437986.331565221 5864033.0512682395),2.0,26.654484952083767,-2.9017020000000002,26.811964541183176,-6.2129555455556265,13.405982270591588,-0.19391567728894188,-0.09695783864447094,-0.10843653054998623,-1.0616788850468863,3392.224587105826,739.0,Discesa,,Valvan,Ravasacletto,291.6166666666667,48.261536174129716,Valvan-Ravasacletto,0.03333333333335986,8
241,1734876546.0,46.519777,12.917888,836.378785,11.8,4.1,POINT (1438012.714284539 5864038.713464721),2.0,26.9834828664542,-2.2794609999999693,27.079591763074056,-4.828663043876263,13.539795881537028,0.13381361094543998,0.06690680547271999,-0.08427606858501221,-0.8257699231822261,3410.8222473483256,741.0,Discesa,,Valvan,Ravasacletto,291.65,48.7432651735333,Valvan-Ravasacletto,0.03333333333330302,8
242,1734876548.0,46.519821,12.918132,834.156694,11.6,4.0,POINT (1438039.8762402928 5864045.831659758),2.0,28.07918340980786,-2.2220909999999776,28.16697053951507,-4.524763096839713,14.083485269757535,0.5436893882205069,0.27184469411025347,-0.07897201391258803,-0.7739104451939074,3430.173832654007,743.0,Discesa,,Valvan,Ravasacletto,291.68333333333334,50.700546971127125,Valvan-Ravasacletto,0.03333333333335986,8
243,1734876549.0,46.519852,12.918256,833.856994,11.6,3.9,POINT (1438053.679857151 5864050.84675518),1.0,14.686422997031858,-0.29970000000002983,14.689480608168086,-1.1690499545036097,14.689480608168086,0.6059953384105512,0.6059953384105512,-0.020403770826377902,-0.20014710379654088,3440.2937175578845,744.0,Discesa,,Valvan,Ravasacletto,291.7,52.88213018940511,Valvan-Ravasacletto,0.01666666666665151,8
244,1734876551.0,46.519882,12.918478,832.126372,10.0,3.8,POINT (1438078.3927841072 5864055.700076053),2.0,25.184985254114636,-1.7306220000000394,25.24437629962079,-3.9309812713601384,12.622188149810395,-2.0672924583576915,-1.0336462291788457,-0.06860856601946709,-0.6725221339794168,3457.6521563958813,746.0,Discesa,,Valvan,Ravasacletto,291.73333333333335,45.43987733931742,Valvan-Ravasacletto,0.03333333333335986,8
245,1734876553.0,46.519937,12.918689,830.80425,11.0,3.8,POINT (1438101.8811966646 5864064.5978379445),2.0,25.117238923621517,-1.322121999999922,25.1520118028195,-3.013156155747375,12.57600590140975,-0.046182248400644,-0.023091124200322,-0.05258949579452676,-0.5156651850229061,3474.9590288108884,748.0,Discesa,,Valvan,Ravasacletto,291.76666666666665,45.273621245075105,Valvan-Ravasacletto,0.03333333333330302,8
246,1734876555.0,46.520021,12.9189,829.146803,10.1,3.8,POINT (1438125.369609222 5864078.187164401),2.0,27.136236253386944,-1.6574470000000474,27.18680651634982,-3.4952116587570887,13.59340325817491,1.0173973567651586,0.5086986783825793,-0.06100295149940369,-0.5980678554585719,3493.649607220541,750.0,Discesa,,Valvan,Ravasacletto,291.8,48.93625172942968,Valvan-Ravasacletto,0.03333333333335986,8
247,1734876557.0,46.52013,12.9191,827.409004,9.7,3.8,POINT (1438147.6335073805 5864095.820964573),2.0,28.401268804833194,-1.7377989999999954,28.454384813044054,-3.501412889681739,14.227192406522027,0.6337891483471179,0.31689457417355893,-0.061111183396715334,-0.5991276318926039,3513.2030812821686,752.0,Discesa,,Valvan,Ravasacletto,291.8333333333333,51.2178926634793,Valvan-Ravasacletto,0.03333333333330302,8
248,1734876559.0,46.52023,12.919266,826.378331,9.7,3.8,POINT (1438166.1125428523 5864111.998794011),2.0,24.560067534301147,-1.0306729999999789,24.581684322323444,-2.403030177408417,12.290842161161722,-1.9363502453603054,-0.9681751226801527,-0.04194078862056034,-0.41131852469595626,3530.10935849206,754.0,Discesa,,Valvan,Ravasacletto,291.8666666666667,44.2470317801822,Valvan-Ravasacletto,0.03333333333335986,8
249,1734876561.0,46.52033,12.919414,825.536359,9.3,3.8,POINT (1438182.5878274895 5864128.176653224),2.0,23.09021724883682,-0.8419720000000552,23.105563170960913,-2.0883336473015452,11.552781585480457,-0.7380605756812653,-0.36903028784063263,-0.03644829802559396,-0.357478640918019,3546.0009284948756,756.0,Discesa,,Valvan,Ravasacletto,291.9,41.590013707729646,Valvan-Ravasacletto,0.03333333333330302,8
250,1734876563.0,46.520418,12.919541,825.284269,11.4,3.8,POINT (1438196.7254028204 5864142.413193961),2.0,20.063651920399,-0.25208999999995285,20.06523555184515,-0.7198556437313345,10.032617775922574,-1.5201638095578822,-0.7600819047789411,-0.012563851122175066,-0.12324813698846046,3559.8089227282617,758.0,Discesa,,Valvan,Ravasacletto,291.93333333333334,36.11742399332127,Valvan-Ravasacletto,0.03333333333335986,8
251,1734876565.0,46.520499,12.919651,824.874066,10.9,3.8,POINT (1438208.9705468076 5864155.517302975),2.0,17.934916345750615,-0.4102030000000241,17.939606763535302,-1.3102265558242276,8.969803381767651,-1.0628143941549233,-0.5314071970774616,-0.02286776734619806,-0.22431324627358898,3572.1506881292953,760.0,Discesa,,Valvan,Ravasacletto,291.96666666666664,32.29129217436355,Valvan-Ravasacletto,0.03333333333330302,8
252,1734876567.0,46.520574,12.919752,823.886063,12.9,3.8,POINT (1438220.213815378 5864167.650754665),2.0,16.54181785834971,-0.9880029999999351,16.571297112381583,-3.4180784470135244,8.285648556190791,-0.6841548255768597,-0.34207741278842985,-0.05965672299184054,-0.5848853812872353,3583.53363644841,762.0,Discesa,,Valvan,Ravasacletto,292.0,29.82833480228685,Valvan-Ravasacletto,0.03333333333335986,8
253,1734876569.0,46.520656,12.919852,823.426449,8.3,3.8,POINT (1438231.3457644572 5864180.916681013),2.0,17.317768106028566,-0.45961399999998775,17.32386611594468,-1.520274545981798,8.66193305797234,0.37628450178154793,0.18814225089077397,-0.026533796361644303,-0.26026600008470524,3595.4486711395,764.0,Discesa,,Valvan,Ravasacletto,292.03333333333336,31.182959008700422,Valvan-Ravasacletto,0.03333333333335986,8
254,1734876572.0,46.520723,12.91997,823.206595,11.0,4.1,POINT (1438244.4814643706 5864191.7559283795),3.0,17.0304402668999,-0.21985400000005484,17.03185930736165,-0.739617204005654,5.677286435787217,-2.9846466221851227,-0.9948822073950409,-0.012908755414293255,-0.12663137365562446,3607.172786751282,767.0,Discesa,,Valvan,Ravasacletto,292.0833333333333,20.43823116883398,Valvan-Ravasacletto,0.049999999999954525,8
255,1734876576.0,46.520796,12.920058,822.886221,11.6,3.9,POINT (1438254.2775795604 5864203.565869831),4.0,15.344008273239348,-0.32037400000001526,15.347352520520063,-1.1961288726591786,3.836838130130016,-1.8404483056572007,-0.4601120764143002,-0.02087638710607065,-0.20478248191653903,3617.729611513678,771.0,Discesa,,Valvan,Ravasacletto,292.15,13.812617268468058,Valvan-Ravasacletto,0.06666666666666288,8
256,1734876610.0,46.520876,12.920133,822.514408,11.1,3.8,POINT (1438262.62654137 5864216.5082896445),34.0,15.401668544005691,-0.37181299999997464,15.406155875051486,-1.3829137139469436,0.4531222316191613,-3.3837158985108546,-0.09952105583855454,-0.024136397579357195,-0.236755071127538,3628.3222494684596,805.0,Discesa,,Valvan,Ravasacletto,292.71666666666664,1.6312400338289808,Valvan-Ravasacletto,0.5666666666666629,8
